#
# There is insufficient memory for the Java Runtime Environment to continue.
# Native memory allocation (malloc) failed to allocate 1152000 bytes. Error detail: AllocateHeap
# Possible reasons:
#   The system is out of physical RAM or swap space
#   This process is running with CompressedOops enabled, and the Java Heap may be blocking the growth of the native heap
# Possible solutions:
#   Reduce memory load on the system
#   Increase physical memory or swap space
#   Check if swap backing store is full
#   Decrease Java heap size (-Xmx/-Xms)
#   Decrease number of Java threads
#   Decrease Java thread stack sizes (-Xss)
#   Set larger code cache with -XX:ReservedCodeCacheSize=
#   JVM is running with Unscaled Compressed Oops mode in which the Java heap is
#     placed in the first 4GB address space. The Java Heap base address is the
#     maximum limit for the native heap growth. Please use -XX:HeapBaseMinAddress
#     to set the Java Heap base and to place the Java Heap above 4GB virtual address.
# This output file may be truncated or incomplete.
#
#  Out of Memory Error (allocation.cpp:44), pid=5676, tid=27200
#
# JRE version:  (21.0.10) (build )
# Java VM: OpenJDK 64-Bit Server VM (21.0.10+-14961533-b1163.108, mixed mode, tiered, compressed oops, compressed class ptrs, g1 gc, windows-amd64)
# No core dump will be written. Minidumps are not enabled by default on client versions of Windows
#

---------------  S U M M A R Y ------------

Command Line: -Djava.awt.headless=true -Djava.library.path=C:\Program Files\Android\Android Studio\jbr\bin;C:\WINDOWS\Sun\Java\bin;C:\WINDOWS\system32;C:\WINDOWS;C:\Program Files (x86)\Common Files\Oracle\Java\java8path;C:\Program Files (x86)\Common Files\Oracle\Java\javapath;C:\Program Files (x86)\VMware\VMware Workstation\bin\;C:\WINDOWS\system32;C:\WINDOWS;C:\WINDOWS\System32\Wbem;C:\WINDOWS\System32\WindowsPowerShell\v1.0\;C:\WINDOWS\System32\OpenSSH\;C:\Program Files\dotnet\;C:\Program Files (x86)\NVIDIA Corporation\PhysX\Common;C:\Program Files\Git\cmd;C:\Users\pirch\AppData\Local\nvm;C:\nvm4w\nodejs;C:\WINDOWS\system32;C:\WINDOWS;C:\WINDOWS\System32\Wbem;C:\WINDOWS\System32\WindowsPowerShell\v1.0\;C:\WINDOWS\System32\OpenSSH\;C:\Program Files (x86)\Windows Kits\10\Windows Performance Toolkit\;C:\Program Files\Microsoft SQL Server\170\Tools\Binn\;C:\Program Files\Microsoft SQL Server\Client SDK\ODBC\170\Tools\Binn\;C:\Program Files\Go\bin;C:\Users\pirch\AppData\Local\engram\bin;C:\Users\pirch\scoop\shims;C:\Users\pirch\.local\bin;C:\Users\pirch\AppData\Local\Programs\Microsoft VS Code\bin;C:\Users\pirch\.dotnet\tools;C:\Users\pirch\AppData\Local\Programs\cursor\resources\app\bin;C:\Users\pirch\AppData\Local\Python\bin;C:\Users\pirch\AppData\Local\Programs\Ollama;C:\Users\pirch\go\bin;.;C:\Users\pirch\AndroidStudioProjects\Affirmity\app\src\testDebug\jniLibs;C:\Users\pirch\AndroidStudioProjects\Affirmity\app\src\test\jniLibs -Dorg.gradle.internal.worker.tmpdir=C:\Users\pirch\AndroidStudioProjects\Affirmity\app\build\tmp\testDebugUnitTest\work --add-opens=java.base/java.io=ALL-UNNAMED -Xmx512m -Dfile.encoding=UTF-8 -Duser.country=GB -Duser.language=en -Duser.variant -ea worker.org.gradle.process.internal.worker.GradleWorkerMain 'Gradle Test Executor 2'

Host: AMD Ryzen 7 5700G with Radeon Graphics         , 16 cores, 23G,  Windows 11 , 64 bit Build 26100 (10.0.26100.8875)
Time: Thu Aug  6 23:15:13 2026 Argentina Standard Time elapsed time: 1.214221 seconds (0d 0h 0m 1s)

---------------  T H R E A D  ---------------

Current thread (0x00000167036f9f50):  JavaThread "Unknown thread" [_thread_in_vm, id=27200, stack(0x0000004dc9900000,0x0000004dc9a00000) (1024K)]

Stack: [0x0000004dc9900000,0x0000004dc9a00000]
Native frames: (J=compiled Java code, j=interpreted, Vv=VM code, C=native code)
V  [jvm.dll+0x6d78a9]
V  [jvm.dll+0x8665b3]
V  [jvm.dll+0x868bde]
V  [jvm.dll+0x8692c3]
V  [jvm.dll+0x280ee6]
V  [jvm.dll+0xbaf47]
V  [jvm.dll+0x863f7d]
V  [jvm.dll+0x82f5df]
V  [jvm.dll+0x3c0078]
V  [jvm.dll+0x8185e8]
V  [jvm.dll+0x45449e]
V  [jvm.dll+0x455c01]
C  [jli.dll+0x52ab]
C  [ucrtbase.dll+0x2cd30]
C  [KERNEL32.DLL+0x2e957]
C  [ntdll.dll+0xaad6c]


---------------  P R O C E S S  ---------------

Threads class SMR info:
_java_thread_list=0x00007ff9e476b9c8, length=0, elements={
}

Java Threads: ( => current thread )
Total: 0

Other Threads:
  0x0000016705c2d290 WorkerThread "GC Thread#0"                     [id=31736, stack(0x0000004dc9a00000,0x0000004dc9b00000) (1024K)]
  0x0000016705c428d0 ConcurrentGCThread "G1 Main Marker"            [id=4732, stack(0x0000004dc9b00000,0x0000004dc9c00000) (1024K)]
  0x0000016705c43b80 WorkerThread "G1 Conc#0"                       [id=27320, stack(0x0000004dc9c00000,0x0000004dc9d00000) (1024K)]
  0x000001671bedd7f0 ConcurrentGCThread "G1 Refine#0"               [id=15948, stack(0x0000004dc9d00000,0x0000004dc9e00000) (1024K)]
  0x000001671bede020 ConcurrentGCThread "G1 Service"                [id=19544, stack(0x0000004dc9e00000,0x0000004dc9f00000) (1024K)]

=>0x00000167036f9f50 (exited) JavaThread "Unknown thread"    [_thread_in_vm, id=27200, stack(0x0000004dc9900000,0x0000004dc9a00000) (1024K)]
Total: 6

Threads with active compile tasks:
Total: 0

VM state: not at safepoint (not fully initialized)

VM Mutex/Monitor currently owned by a thread: None

Heap address: 0x00000000e0000000, size: 512 MB, Compressed Oops mode: 32-bit

CDS archive(s) not mapped
Compressed class space mapped at: 0x0000000100000000-0x0000000140000000, reserved size: 1073741824
Narrow klass base: 0x0000000000000000, Narrow klass shift: 3, Narrow klass range: 0x140000000

GC Precious Log:
 CardTable entry size: 512
 Card Set container configuration: InlinePtr #cards 5 size 8 Array Of Cards #cards 12 size 40 Howl #buckets 4 coarsen threshold 1843 Howl Bitmap #cards 512 size 80 coarsen threshold 460 Card regions per heap region 1 cards per card region 2048
 CPUs: 16 total, 16 available
 Memory: 23858M
 Large Page Support: Disabled
 NUMA Support: Disabled
 Compressed Oops: Enabled (32-bit)
 Heap Region Size: 1M
 Heap Min Capacity: 8M
 Heap Initial Capacity: 374M
 Heap Max Capacity: 512M
 Pre-touch: Disabled
 Parallel Workers: 13
 Concurrent Workers: 3
 Concurrent Refinement Workers: 13
 Periodic GC: Disabled

Heap:
 garbage-first heap   total 382976K, used 0K [0x00000000e0000000, 0x0000000100000000)
  region size 1024K, 0 young (0K), 0 survivors (0K)
 Metaspace       used 0K, committed 0K, reserved 1048576K
  class space    used 0K, committed 0K, reserved 1048576K

Heap Regions: E=young(eden), S=young(survivor), O=old, HS=humongous(starts), HC=humongous(continues), CS=collection set, F=free, TAMS=top-at-mark-start, PB=parsable bottom
|   0|0x00000000e0000000, 0x00000000e0000000, 0x00000000e0100000|  0%| F|  |TAMS 0x00000000e0000000| PB 0x00000000e0000000| Untracked 
|   1|0x00000000e0100000, 0x00000000e0100000, 0x00000000e0200000|  0%| F|  |TAMS 0x00000000e0100000| PB 0x00000000e0100000| Untracked 
|   2|0x00000000e0200000, 0x00000000e0200000, 0x00000000e0300000|  0%| F|  |TAMS 0x00000000e0200000| PB 0x00000000e0200000| Untracked 
|   3|0x00000000e0300000, 0x00000000e0300000, 0x00000000e0400000|  0%| F|  |TAMS 0x00000000e0300000| PB 0x00000000e0300000| Untracked 
|   4|0x00000000e0400000, 0x00000000e0400000, 0x00000000e0500000|  0%| F|  |TAMS 0x00000000e0400000| PB 0x00000000e0400000| Untracked 
|   5|0x00000000e0500000, 0x00000000e0500000, 0x00000000e0600000|  0%| F|  |TAMS 0x00000000e0500000| PB 0x00000000e0500000| Untracked 
|   6|0x00000000e0600000, 0x00000000e0600000, 0x00000000e0700000|  0%| F|  |TAMS 0x00000000e0600000| PB 0x00000000e0600000| Untracked 
|   7|0x00000000e0700000, 0x00000000e0700000, 0x00000000e0800000|  0%| F|  |TAMS 0x00000000e0700000| PB 0x00000000e0700000| Untracked 
|   8|0x00000000e0800000, 0x00000000e0800000, 0x00000000e0900000|  0%| F|  |TAMS 0x00000000e0800000| PB 0x00000000e0800000| Untracked 
|   9|0x00000000e0900000, 0x00000000e0900000, 0x00000000e0a00000|  0%| F|  |TAMS 0x00000000e0900000| PB 0x00000000e0900000| Untracked 
|  10|0x00000000e0a00000, 0x00000000e0a00000, 0x00000000e0b00000|  0%| F|  |TAMS 0x00000000e0a00000| PB 0x00000000e0a00000| Untracked 
|  11|0x00000000e0b00000, 0x00000000e0b00000, 0x00000000e0c00000|  0%| F|  |TAMS 0x00000000e0b00000| PB 0x00000000e0b00000| Untracked 
|  12|0x00000000e0c00000, 0x00000000e0c00000, 0x00000000e0d00000|  0%| F|  |TAMS 0x00000000e0c00000| PB 0x00000000e0c00000| Untracked 
|  13|0x00000000e0d00000, 0x00000000e0d00000, 0x00000000e0e00000|  0%| F|  |TAMS 0x00000000e0d00000| PB 0x00000000e0d00000| Untracked 
|  14|0x00000000e0e00000, 0x00000000e0e00000, 0x00000000e0f00000|  0%| F|  |TAMS 0x00000000e0e00000| PB 0x00000000e0e00000| Untracked 
|  15|0x00000000e0f00000, 0x00000000e0f00000, 0x00000000e1000000|  0%| F|  |TAMS 0x00000000e0f00000| PB 0x00000000e0f00000| Untracked 
|  16|0x00000000e1000000, 0x00000000e1000000, 0x00000000e1100000|  0%| F|  |TAMS 0x00000000e1000000| PB 0x00000000e1000000| Untracked 
|  17|0x00000000e1100000, 0x00000000e1100000, 0x00000000e1200000|  0%| F|  |TAMS 0x00000000e1100000| PB 0x00000000e1100000| Untracked 
|  18|0x00000000e1200000, 0x00000000e1200000, 0x00000000e1300000|  0%| F|  |TAMS 0x00000000e1200000| PB 0x00000000e1200000| Untracked 
|  19|0x00000000e1300000, 0x00000000e1300000, 0x00000000e1400000|  0%| F|  |TAMS 0x00000000e1300000| PB 0x00000000e1300000| Untracked 
|  20|0x00000000e1400000, 0x00000000e1400000, 0x00000000e1500000|  0%| F|  |TAMS 0x00000000e1400000| PB 0x00000000e1400000| Untracked 
|  21|0x00000000e1500000, 0x00000000e1500000, 0x00000000e1600000|  0%| F|  |TAMS 0x00000000e1500000| PB 0x00000000e1500000| Untracked 
|  22|0x00000000e1600000, 0x00000000e1600000, 0x00000000e1700000|  0%| F|  |TAMS 0x00000000e1600000| PB 0x00000000e1600000| Untracked 
|  23|0x00000000e1700000, 0x00000000e1700000, 0x00000000e1800000|  0%| F|  |TAMS 0x00000000e1700000| PB 0x00000000e1700000| Untracked 
|  24|0x00000000e1800000, 0x00000000e1800000, 0x00000000e1900000|  0%| F|  |TAMS 0x00000000e1800000| PB 0x00000000e1800000| Untracked 
|  25|0x00000000e1900000, 0x00000000e1900000, 0x00000000e1a00000|  0%| F|  |TAMS 0x00000000e1900000| PB 0x00000000e1900000| Untracked 
|  26|0x00000000e1a00000, 0x00000000e1a00000, 0x00000000e1b00000|  0%| F|  |TAMS 0x00000000e1a00000| PB 0x00000000e1a00000| Untracked 
|  27|0x00000000e1b00000, 0x00000000e1b00000, 0x00000000e1c00000|  0%| F|  |TAMS 0x00000000e1b00000| PB 0x00000000e1b00000| Untracked 
|  28|0x00000000e1c00000, 0x00000000e1c00000, 0x00000000e1d00000|  0%| F|  |TAMS 0x00000000e1c00000| PB 0x00000000e1c00000| Untracked 
|  29|0x00000000e1d00000, 0x00000000e1d00000, 0x00000000e1e00000|  0%| F|  |TAMS 0x00000000e1d00000| PB 0x00000000e1d00000| Untracked 
|  30|0x00000000e1e00000, 0x00000000e1e00000, 0x00000000e1f00000|  0%| F|  |TAMS 0x00000000e1e00000| PB 0x00000000e1e00000| Untracked 
|  31|0x00000000e1f00000, 0x00000000e1f00000, 0x00000000e2000000|  0%| F|  |TAMS 0x00000000e1f00000| PB 0x00000000e1f00000| Untracked 
|  32|0x00000000e2000000, 0x00000000e2000000, 0x00000000e2100000|  0%| F|  |TAMS 0x00000000e2000000| PB 0x00000000e2000000| Untracked 
|  33|0x00000000e2100000, 0x00000000e2100000, 0x00000000e2200000|  0%| F|  |TAMS 0x00000000e2100000| PB 0x00000000e2100000| Untracked 
|  34|0x00000000e2200000, 0x00000000e2200000, 0x00000000e2300000|  0%| F|  |TAMS 0x00000000e2200000| PB 0x00000000e2200000| Untracked 
|  35|0x00000000e2300000, 0x00000000e2300000, 0x00000000e2400000|  0%| F|  |TAMS 0x00000000e2300000| PB 0x00000000e2300000| Untracked 
|  36|0x00000000e2400000, 0x00000000e2400000, 0x00000000e2500000|  0%| F|  |TAMS 0x00000000e2400000| PB 0x00000000e2400000| Untracked 
|  37|0x00000000e2500000, 0x00000000e2500000, 0x00000000e2600000|  0%| F|  |TAMS 0x00000000e2500000| PB 0x00000000e2500000| Untracked 
|  38|0x00000000e2600000, 0x00000000e2600000, 0x00000000e2700000|  0%| F|  |TAMS 0x00000000e2600000| PB 0x00000000e2600000| Untracked 
|  39|0x00000000e2700000, 0x00000000e2700000, 0x00000000e2800000|  0%| F|  |TAMS 0x00000000e2700000| PB 0x00000000e2700000| Untracked 
|  40|0x00000000e2800000, 0x00000000e2800000, 0x00000000e2900000|  0%| F|  |TAMS 0x00000000e2800000| PB 0x00000000e2800000| Untracked 
|  41|0x00000000e2900000, 0x00000000e2900000, 0x00000000e2a00000|  0%| F|  |TAMS 0x00000000e2900000| PB 0x00000000e2900000| Untracked 
|  42|0x00000000e2a00000, 0x00000000e2a00000, 0x00000000e2b00000|  0%| F|  |TAMS 0x00000000e2a00000| PB 0x00000000e2a00000| Untracked 
|  43|0x00000000e2b00000, 0x00000000e2b00000, 0x00000000e2c00000|  0%| F|  |TAMS 0x00000000e2b00000| PB 0x00000000e2b00000| Untracked 
|  44|0x00000000e2c00000, 0x00000000e2c00000, 0x00000000e2d00000|  0%| F|  |TAMS 0x00000000e2c00000| PB 0x00000000e2c00000| Untracked 
|  45|0x00000000e2d00000, 0x00000000e2d00000, 0x00000000e2e00000|  0%| F|  |TAMS 0x00000000e2d00000| PB 0x00000000e2d00000| Untracked 
|  46|0x00000000e2e00000, 0x00000000e2e00000, 0x00000000e2f00000|  0%| F|  |TAMS 0x00000000e2e00000| PB 0x00000000e2e00000| Untracked 
|  47|0x00000000e2f00000, 0x00000000e2f00000, 0x00000000e3000000|  0%| F|  |TAMS 0x00000000e2f00000| PB 0x00000000e2f00000| Untracked 
|  48|0x00000000e3000000, 0x00000000e3000000, 0x00000000e3100000|  0%| F|  |TAMS 0x00000000e3000000| PB 0x00000000e3000000| Untracked 
|  49|0x00000000e3100000, 0x00000000e3100000, 0x00000000e3200000|  0%| F|  |TAMS 0x00000000e3100000| PB 0x00000000e3100000| Untracked 
|  50|0x00000000e3200000, 0x00000000e3200000, 0x00000000e3300000|  0%| F|  |TAMS 0x00000000e3200000| PB 0x00000000e3200000| Untracked 
|  51|0x00000000e3300000, 0x00000000e3300000, 0x00000000e3400000|  0%| F|  |TAMS 0x00000000e3300000| PB 0x00000000e3300000| Untracked 
|  52|0x00000000e3400000, 0x00000000e3400000, 0x00000000e3500000|  0%| F|  |TAMS 0x00000000e3400000| PB 0x00000000e3400000| Untracked 
|  53|0x00000000e3500000, 0x00000000e3500000, 0x00000000e3600000|  0%| F|  |TAMS 0x00000000e3500000| PB 0x00000000e3500000| Untracked 
|  54|0x00000000e3600000, 0x00000000e3600000, 0x00000000e3700000|  0%| F|  |TAMS 0x00000000e3600000| PB 0x00000000e3600000| Untracked 
|  55|0x00000000e3700000, 0x00000000e3700000, 0x00000000e3800000|  0%| F|  |TAMS 0x00000000e3700000| PB 0x00000000e3700000| Untracked 
|  56|0x00000000e3800000, 0x00000000e3800000, 0x00000000e3900000|  0%| F|  |TAMS 0x00000000e3800000| PB 0x00000000e3800000| Untracked 
|  57|0x00000000e3900000, 0x00000000e3900000, 0x00000000e3a00000|  0%| F|  |TAMS 0x00000000e3900000| PB 0x00000000e3900000| Untracked 
|  58|0x00000000e3a00000, 0x00000000e3a00000, 0x00000000e3b00000|  0%| F|  |TAMS 0x00000000e3a00000| PB 0x00000000e3a00000| Untracked 
|  59|0x00000000e3b00000, 0x00000000e3b00000, 0x00000000e3c00000|  0%| F|  |TAMS 0x00000000e3b00000| PB 0x00000000e3b00000| Untracked 
|  60|0x00000000e3c00000, 0x00000000e3c00000, 0x00000000e3d00000|  0%| F|  |TAMS 0x00000000e3c00000| PB 0x00000000e3c00000| Untracked 
|  61|0x00000000e3d00000, 0x00000000e3d00000, 0x00000000e3e00000|  0%| F|  |TAMS 0x00000000e3d00000| PB 0x00000000e3d00000| Untracked 
|  62|0x00000000e3e00000, 0x00000000e3e00000, 0x00000000e3f00000|  0%| F|  |TAMS 0x00000000e3e00000| PB 0x00000000e3e00000| Untracked 
|  63|0x00000000e3f00000, 0x00000000e3f00000, 0x00000000e4000000|  0%| F|  |TAMS 0x00000000e3f00000| PB 0x00000000e3f00000| Untracked 
|  64|0x00000000e4000000, 0x00000000e4000000, 0x00000000e4100000|  0%| F|  |TAMS 0x00000000e4000000| PB 0x00000000e4000000| Untracked 
|  65|0x00000000e4100000, 0x00000000e4100000, 0x00000000e4200000|  0%| F|  |TAMS 0x00000000e4100000| PB 0x00000000e4100000| Untracked 
|  66|0x00000000e4200000, 0x00000000e4200000, 0x00000000e4300000|  0%| F|  |TAMS 0x00000000e4200000| PB 0x00000000e4200000| Untracked 
|  67|0x00000000e4300000, 0x00000000e4300000, 0x00000000e4400000|  0%| F|  |TAMS 0x00000000e4300000| PB 0x00000000e4300000| Untracked 
|  68|0x00000000e4400000, 0x00000000e4400000, 0x00000000e4500000|  0%| F|  |TAMS 0x00000000e4400000| PB 0x00000000e4400000| Untracked 
|  69|0x00000000e4500000, 0x00000000e4500000, 0x00000000e4600000|  0%| F|  |TAMS 0x00000000e4500000| PB 0x00000000e4500000| Untracked 
|  70|0x00000000e4600000, 0x00000000e4600000, 0x00000000e4700000|  0%| F|  |TAMS 0x00000000e4600000| PB 0x00000000e4600000| Untracked 
|  71|0x00000000e4700000, 0x00000000e4700000, 0x00000000e4800000|  0%| F|  |TAMS 0x00000000e4700000| PB 0x00000000e4700000| Untracked 
|  72|0x00000000e4800000, 0x00000000e4800000, 0x00000000e4900000|  0%| F|  |TAMS 0x00000000e4800000| PB 0x00000000e4800000| Untracked 
|  73|0x00000000e4900000, 0x00000000e4900000, 0x00000000e4a00000|  0%| F|  |TAMS 0x00000000e4900000| PB 0x00000000e4900000| Untracked 
|  74|0x00000000e4a00000, 0x00000000e4a00000, 0x00000000e4b00000|  0%| F|  |TAMS 0x00000000e4a00000| PB 0x00000000e4a00000| Untracked 
|  75|0x00000000e4b00000, 0x00000000e4b00000, 0x00000000e4c00000|  0%| F|  |TAMS 0x00000000e4b00000| PB 0x00000000e4b00000| Untracked 
|  76|0x00000000e4c00000, 0x00000000e4c00000, 0x00000000e4d00000|  0%| F|  |TAMS 0x00000000e4c00000| PB 0x00000000e4c00000| Untracked 
|  77|0x00000000e4d00000, 0x00000000e4d00000, 0x00000000e4e00000|  0%| F|  |TAMS 0x00000000e4d00000| PB 0x00000000e4d00000| Untracked 
|  78|0x00000000e4e00000, 0x00000000e4e00000, 0x00000000e4f00000|  0%| F|  |TAMS 0x00000000e4e00000| PB 0x00000000e4e00000| Untracked 
|  79|0x00000000e4f00000, 0x00000000e4f00000, 0x00000000e5000000|  0%| F|  |TAMS 0x00000000e4f00000| PB 0x00000000e4f00000| Untracked 
|  80|0x00000000e5000000, 0x00000000e5000000, 0x00000000e5100000|  0%| F|  |TAMS 0x00000000e5000000| PB 0x00000000e5000000| Untracked 
|  81|0x00000000e5100000, 0x00000000e5100000, 0x00000000e5200000|  0%| F|  |TAMS 0x00000000e5100000| PB 0x00000000e5100000| Untracked 
|  82|0x00000000e5200000, 0x00000000e5200000, 0x00000000e5300000|  0%| F|  |TAMS 0x00000000e5200000| PB 0x00000000e5200000| Untracked 
|  83|0x00000000e5300000, 0x00000000e5300000, 0x00000000e5400000|  0%| F|  |TAMS 0x00000000e5300000| PB 0x00000000e5300000| Untracked 
|  84|0x00000000e5400000, 0x00000000e5400000, 0x00000000e5500000|  0%| F|  |TAMS 0x00000000e5400000| PB 0x00000000e5400000| Untracked 
|  85|0x00000000e5500000, 0x00000000e5500000, 0x00000000e5600000|  0%| F|  |TAMS 0x00000000e5500000| PB 0x00000000e5500000| Untracked 
|  86|0x00000000e5600000, 0x00000000e5600000, 0x00000000e5700000|  0%| F|  |TAMS 0x00000000e5600000| PB 0x00000000e5600000| Untracked 
|  87|0x00000000e5700000, 0x00000000e5700000, 0x00000000e5800000|  0%| F|  |TAMS 0x00000000e5700000| PB 0x00000000e5700000| Untracked 
|  88|0x00000000e5800000, 0x00000000e5800000, 0x00000000e5900000|  0%| F|  |TAMS 0x00000000e5800000| PB 0x00000000e5800000| Untracked 
|  89|0x00000000e5900000, 0x00000000e5900000, 0x00000000e5a00000|  0%| F|  |TAMS 0x00000000e5900000| PB 0x00000000e5900000| Untracked 
|  90|0x00000000e5a00000, 0x00000000e5a00000, 0x00000000e5b00000|  0%| F|  |TAMS 0x00000000e5a00000| PB 0x00000000e5a00000| Untracked 
|  91|0x00000000e5b00000, 0x00000000e5b00000, 0x00000000e5c00000|  0%| F|  |TAMS 0x00000000e5b00000| PB 0x00000000e5b00000| Untracked 
|  92|0x00000000e5c00000, 0x00000000e5c00000, 0x00000000e5d00000|  0%| F|  |TAMS 0x00000000e5c00000| PB 0x00000000e5c00000| Untracked 
|  93|0x00000000e5d00000, 0x00000000e5d00000, 0x00000000e5e00000|  0%| F|  |TAMS 0x00000000e5d00000| PB 0x00000000e5d00000| Untracked 
|  94|0x00000000e5e00000, 0x00000000e5e00000, 0x00000000e5f00000|  0%| F|  |TAMS 0x00000000e5e00000| PB 0x00000000e5e00000| Untracked 
|  95|0x00000000e5f00000, 0x00000000e5f00000, 0x00000000e6000000|  0%| F|  |TAMS 0x00000000e5f00000| PB 0x00000000e5f00000| Untracked 
|  96|0x00000000e6000000, 0x00000000e6000000, 0x00000000e6100000|  0%| F|  |TAMS 0x00000000e6000000| PB 0x00000000e6000000| Untracked 
|  97|0x00000000e6100000, 0x00000000e6100000, 0x00000000e6200000|  0%| F|  |TAMS 0x00000000e6100000| PB 0x00000000e6100000| Untracked 
|  98|0x00000000e6200000, 0x00000000e6200000, 0x00000000e6300000|  0%| F|  |TAMS 0x00000000e6200000| PB 0x00000000e6200000| Untracked 
|  99|0x00000000e6300000, 0x00000000e6300000, 0x00000000e6400000|  0%| F|  |TAMS 0x00000000e6300000| PB 0x00000000e6300000| Untracked 
| 100|0x00000000e6400000, 0x00000000e6400000, 0x00000000e6500000|  0%| F|  |TAMS 0x00000000e6400000| PB 0x00000000e6400000| Untracked 
| 101|0x00000000e6500000, 0x00000000e6500000, 0x00000000e6600000|  0%| F|  |TAMS 0x00000000e6500000| PB 0x00000000e6500000| Untracked 
| 102|0x00000000e6600000, 0x00000000e6600000, 0x00000000e6700000|  0%| F|  |TAMS 0x00000000e6600000| PB 0x00000000e6600000| Untracked 
| 103|0x00000000e6700000, 0x00000000e6700000, 0x00000000e6800000|  0%| F|  |TAMS 0x00000000e6700000| PB 0x00000000e6700000| Untracked 
| 104|0x00000000e6800000, 0x00000000e6800000, 0x00000000e6900000|  0%| F|  |TAMS 0x00000000e6800000| PB 0x00000000e6800000| Untracked 
| 105|0x00000000e6900000, 0x00000000e6900000, 0x00000000e6a00000|  0%| F|  |TAMS 0x00000000e6900000| PB 0x00000000e6900000| Untracked 
| 106|0x00000000e6a00000, 0x00000000e6a00000, 0x00000000e6b00000|  0%| F|  |TAMS 0x00000000e6a00000| PB 0x00000000e6a00000| Untracked 
| 107|0x00000000e6b00000, 0x00000000e6b00000, 0x00000000e6c00000|  0%| F|  |TAMS 0x00000000e6b00000| PB 0x00000000e6b00000| Untracked 
| 108|0x00000000e6c00000, 0x00000000e6c00000, 0x00000000e6d00000|  0%| F|  |TAMS 0x00000000e6c00000| PB 0x00000000e6c00000| Untracked 
| 109|0x00000000e6d00000, 0x00000000e6d00000, 0x00000000e6e00000|  0%| F|  |TAMS 0x00000000e6d00000| PB 0x00000000e6d00000| Untracked 
| 110|0x00000000e6e00000, 0x00000000e6e00000, 0x00000000e6f00000|  0%| F|  |TAMS 0x00000000e6e00000| PB 0x00000000e6e00000| Untracked 
| 111|0x00000000e6f00000, 0x00000000e6f00000, 0x00000000e7000000|  0%| F|  |TAMS 0x00000000e6f00000| PB 0x00000000e6f00000| Untracked 
| 112|0x00000000e7000000, 0x00000000e7000000, 0x00000000e7100000|  0%| F|  |TAMS 0x00000000e7000000| PB 0x00000000e7000000| Untracked 
| 113|0x00000000e7100000, 0x00000000e7100000, 0x00000000e7200000|  0%| F|  |TAMS 0x00000000e7100000| PB 0x00000000e7100000| Untracked 
| 114|0x00000000e7200000, 0x00000000e7200000, 0x00000000e7300000|  0%| F|  |TAMS 0x00000000e7200000| PB 0x00000000e7200000| Untracked 
| 115|0x00000000e7300000, 0x00000000e7300000, 0x00000000e7400000|  0%| F|  |TAMS 0x00000000e7300000| PB 0x00000000e7300000| Untracked 
| 116|0x00000000e7400000, 0x00000000e7400000, 0x00000000e7500000|  0%| F|  |TAMS 0x00000000e7400000| PB 0x00000000e7400000| Untracked 
| 117|0x00000000e7500000, 0x00000000e7500000, 0x00000000e7600000|  0%| F|  |TAMS 0x00000000e7500000| PB 0x00000000e7500000| Untracked 
| 118|0x00000000e7600000, 0x00000000e7600000, 0x00000000e7700000|  0%| F|  |TAMS 0x00000000e7600000| PB 0x00000000e7600000| Untracked 
| 119|0x00000000e7700000, 0x00000000e7700000, 0x00000000e7800000|  0%| F|  |TAMS 0x00000000e7700000| PB 0x00000000e7700000| Untracked 
| 120|0x00000000e7800000, 0x00000000e7800000, 0x00000000e7900000|  0%| F|  |TAMS 0x00000000e7800000| PB 0x00000000e7800000| Untracked 
| 121|0x00000000e7900000, 0x00000000e7900000, 0x00000000e7a00000|  0%| F|  |TAMS 0x00000000e7900000| PB 0x00000000e7900000| Untracked 
| 122|0x00000000e7a00000, 0x00000000e7a00000, 0x00000000e7b00000|  0%| F|  |TAMS 0x00000000e7a00000| PB 0x00000000e7a00000| Untracked 
| 123|0x00000000e7b00000, 0x00000000e7b00000, 0x00000000e7c00000|  0%| F|  |TAMS 0x00000000e7b00000| PB 0x00000000e7b00000| Untracked 
| 124|0x00000000e7c00000, 0x00000000e7c00000, 0x00000000e7d00000|  0%| F|  |TAMS 0x00000000e7c00000| PB 0x00000000e7c00000| Untracked 
| 125|0x00000000e7d00000, 0x00000000e7d00000, 0x00000000e7e00000|  0%| F|  |TAMS 0x00000000e7d00000| PB 0x00000000e7d00000| Untracked 
| 126|0x00000000e7e00000, 0x00000000e7e00000, 0x00000000e7f00000|  0%| F|  |TAMS 0x00000000e7e00000| PB 0x00000000e7e00000| Untracked 
| 127|0x00000000e7f00000, 0x00000000e7f00000, 0x00000000e8000000|  0%| F|  |TAMS 0x00000000e7f00000| PB 0x00000000e7f00000| Untracked 
| 128|0x00000000e8000000, 0x00000000e8000000, 0x00000000e8100000|  0%| F|  |TAMS 0x00000000e8000000| PB 0x00000000e8000000| Untracked 
| 129|0x00000000e8100000, 0x00000000e8100000, 0x00000000e8200000|  0%| F|  |TAMS 0x00000000e8100000| PB 0x00000000e8100000| Untracked 
| 130|0x00000000e8200000, 0x00000000e8200000, 0x00000000e8300000|  0%| F|  |TAMS 0x00000000e8200000| PB 0x00000000e8200000| Untracked 
| 131|0x00000000e8300000, 0x00000000e8300000, 0x00000000e8400000|  0%| F|  |TAMS 0x00000000e8300000| PB 0x00000000e8300000| Untracked 
| 132|0x00000000e8400000, 0x00000000e8400000, 0x00000000e8500000|  0%| F|  |TAMS 0x00000000e8400000| PB 0x00000000e8400000| Untracked 
| 133|0x00000000e8500000, 0x00000000e8500000, 0x00000000e8600000|  0%| F|  |TAMS 0x00000000e8500000| PB 0x00000000e8500000| Untracked 
| 134|0x00000000e8600000, 0x00000000e8600000, 0x00000000e8700000|  0%| F|  |TAMS 0x00000000e8600000| PB 0x00000000e8600000| Untracked 
| 135|0x00000000e8700000, 0x00000000e8700000, 0x00000000e8800000|  0%| F|  |TAMS 0x00000000e8700000| PB 0x00000000e8700000| Untracked 
| 136|0x00000000e8800000, 0x00000000e8800000, 0x00000000e8900000|  0%| F|  |TAMS 0x00000000e8800000| PB 0x00000000e8800000| Untracked 
| 137|0x00000000e8900000, 0x00000000e8900000, 0x00000000e8a00000|  0%| F|  |TAMS 0x00000000e8900000| PB 0x00000000e8900000| Untracked 
| 138|0x00000000e8a00000, 0x00000000e8a00000, 0x00000000e8b00000|  0%| F|  |TAMS 0x00000000e8a00000| PB 0x00000000e8a00000| Untracked 
| 139|0x00000000e8b00000, 0x00000000e8b00000, 0x00000000e8c00000|  0%| F|  |TAMS 0x00000000e8b00000| PB 0x00000000e8b00000| Untracked 
| 140|0x00000000e8c00000, 0x00000000e8c00000, 0x00000000e8d00000|  0%| F|  |TAMS 0x00000000e8c00000| PB 0x00000000e8c00000| Untracked 
| 141|0x00000000e8d00000, 0x00000000e8d00000, 0x00000000e8e00000|  0%| F|  |TAMS 0x00000000e8d00000| PB 0x00000000e8d00000| Untracked 
| 142|0x00000000e8e00000, 0x00000000e8e00000, 0x00000000e8f00000|  0%| F|  |TAMS 0x00000000e8e00000| PB 0x00000000e8e00000| Untracked 
| 143|0x00000000e8f00000, 0x00000000e8f00000, 0x00000000e9000000|  0%| F|  |TAMS 0x00000000e8f00000| PB 0x00000000e8f00000| Untracked 
| 144|0x00000000e9000000, 0x00000000e9000000, 0x00000000e9100000|  0%| F|  |TAMS 0x00000000e9000000| PB 0x00000000e9000000| Untracked 
| 145|0x00000000e9100000, 0x00000000e9100000, 0x00000000e9200000|  0%| F|  |TAMS 0x00000000e9100000| PB 0x00000000e9100000| Untracked 
| 146|0x00000000e9200000, 0x00000000e9200000, 0x00000000e9300000|  0%| F|  |TAMS 0x00000000e9200000| PB 0x00000000e9200000| Untracked 
| 147|0x00000000e9300000, 0x00000000e9300000, 0x00000000e9400000|  0%| F|  |TAMS 0x00000000e9300000| PB 0x00000000e9300000| Untracked 
| 148|0x00000000e9400000, 0x00000000e9400000, 0x00000000e9500000|  0%| F|  |TAMS 0x00000000e9400000| PB 0x00000000e9400000| Untracked 
| 149|0x00000000e9500000, 0x00000000e9500000, 0x00000000e9600000|  0%| F|  |TAMS 0x00000000e9500000| PB 0x00000000e9500000| Untracked 
| 150|0x00000000e9600000, 0x00000000e9600000, 0x00000000e9700000|  0%| F|  |TAMS 0x00000000e9600000| PB 0x00000000e9600000| Untracked 
| 151|0x00000000e9700000, 0x00000000e9700000, 0x00000000e9800000|  0%| F|  |TAMS 0x00000000e9700000| PB 0x00000000e9700000| Untracked 
| 152|0x00000000e9800000, 0x00000000e9800000, 0x00000000e9900000|  0%| F|  |TAMS 0x00000000e9800000| PB 0x00000000e9800000| Untracked 
| 153|0x00000000e9900000, 0x00000000e9900000, 0x00000000e9a00000|  0%| F|  |TAMS 0x00000000e9900000| PB 0x00000000e9900000| Untracked 
| 154|0x00000000e9a00000, 0x00000000e9a00000, 0x00000000e9b00000|  0%| F|  |TAMS 0x00000000e9a00000| PB 0x00000000e9a00000| Untracked 
| 155|0x00000000e9b00000, 0x00000000e9b00000, 0x00000000e9c00000|  0%| F|  |TAMS 0x00000000e9b00000| PB 0x00000000e9b00000| Untracked 
| 156|0x00000000e9c00000, 0x00000000e9c00000, 0x00000000e9d00000|  0%| F|  |TAMS 0x00000000e9c00000| PB 0x00000000e9c00000| Untracked 
| 157|0x00000000e9d00000, 0x00000000e9d00000, 0x00000000e9e00000|  0%| F|  |TAMS 0x00000000e9d00000| PB 0x00000000e9d00000| Untracked 
| 158|0x00000000e9e00000, 0x00000000e9e00000, 0x00000000e9f00000|  0%| F|  |TAMS 0x00000000e9e00000| PB 0x00000000e9e00000| Untracked 
| 159|0x00000000e9f00000, 0x00000000e9f00000, 0x00000000ea000000|  0%| F|  |TAMS 0x00000000e9f00000| PB 0x00000000e9f00000| Untracked 
| 160|0x00000000ea000000, 0x00000000ea000000, 0x00000000ea100000|  0%| F|  |TAMS 0x00000000ea000000| PB 0x00000000ea000000| Untracked 
| 161|0x00000000ea100000, 0x00000000ea100000, 0x00000000ea200000|  0%| F|  |TAMS 0x00000000ea100000| PB 0x00000000ea100000| Untracked 
| 162|0x00000000ea200000, 0x00000000ea200000, 0x00000000ea300000|  0%| F|  |TAMS 0x00000000ea200000| PB 0x00000000ea200000| Untracked 
| 163|0x00000000ea300000, 0x00000000ea300000, 0x00000000ea400000|  0%| F|  |TAMS 0x00000000ea300000| PB 0x00000000ea300000| Untracked 
| 164|0x00000000ea400000, 0x00000000ea400000, 0x00000000ea500000|  0%| F|  |TAMS 0x00000000ea400000| PB 0x00000000ea400000| Untracked 
| 165|0x00000000ea500000, 0x00000000ea500000, 0x00000000ea600000|  0%| F|  |TAMS 0x00000000ea500000| PB 0x00000000ea500000| Untracked 
| 166|0x00000000ea600000, 0x00000000ea600000, 0x00000000ea700000|  0%| F|  |TAMS 0x00000000ea600000| PB 0x00000000ea600000| Untracked 
| 167|0x00000000ea700000, 0x00000000ea700000, 0x00000000ea800000|  0%| F|  |TAMS 0x00000000ea700000| PB 0x00000000ea700000| Untracked 
| 168|0x00000000ea800000, 0x00000000ea800000, 0x00000000ea900000|  0%| F|  |TAMS 0x00000000ea800000| PB 0x00000000ea800000| Untracked 
| 169|0x00000000ea900000, 0x00000000ea900000, 0x00000000eaa00000|  0%| F|  |TAMS 0x00000000ea900000| PB 0x00000000ea900000| Untracked 
| 170|0x00000000eaa00000, 0x00000000eaa00000, 0x00000000eab00000|  0%| F|  |TAMS 0x00000000eaa00000| PB 0x00000000eaa00000| Untracked 
| 171|0x00000000eab00000, 0x00000000eab00000, 0x00000000eac00000|  0%| F|  |TAMS 0x00000000eab00000| PB 0x00000000eab00000| Untracked 
| 172|0x00000000eac00000, 0x00000000eac00000, 0x00000000ead00000|  0%| F|  |TAMS 0x00000000eac00000| PB 0x00000000eac00000| Untracked 
| 173|0x00000000ead00000, 0x00000000ead00000, 0x00000000eae00000|  0%| F|  |TAMS 0x00000000ead00000| PB 0x00000000ead00000| Untracked 
| 174|0x00000000eae00000, 0x00000000eae00000, 0x00000000eaf00000|  0%| F|  |TAMS 0x00000000eae00000| PB 0x00000000eae00000| Untracked 
| 175|0x00000000eaf00000, 0x00000000eaf00000, 0x00000000eb000000|  0%| F|  |TAMS 0x00000000eaf00000| PB 0x00000000eaf00000| Untracked 
| 176|0x00000000eb000000, 0x00000000eb000000, 0x00000000eb100000|  0%| F|  |TAMS 0x00000000eb000000| PB 0x00000000eb000000| Untracked 
| 177|0x00000000eb100000, 0x00000000eb100000, 0x00000000eb200000|  0%| F|  |TAMS 0x00000000eb100000| PB 0x00000000eb100000| Untracked 
| 178|0x00000000eb200000, 0x00000000eb200000, 0x00000000eb300000|  0%| F|  |TAMS 0x00000000eb200000| PB 0x00000000eb200000| Untracked 
| 179|0x00000000eb300000, 0x00000000eb300000, 0x00000000eb400000|  0%| F|  |TAMS 0x00000000eb300000| PB 0x00000000eb300000| Untracked 
| 180|0x00000000eb400000, 0x00000000eb400000, 0x00000000eb500000|  0%| F|  |TAMS 0x00000000eb400000| PB 0x00000000eb400000| Untracked 
| 181|0x00000000eb500000, 0x00000000eb500000, 0x00000000eb600000|  0%| F|  |TAMS 0x00000000eb500000| PB 0x00000000eb500000| Untracked 
| 182|0x00000000eb600000, 0x00000000eb600000, 0x00000000eb700000|  0%| F|  |TAMS 0x00000000eb600000| PB 0x00000000eb600000| Untracked 
| 183|0x00000000eb700000, 0x00000000eb700000, 0x00000000eb800000|  0%| F|  |TAMS 0x00000000eb700000| PB 0x00000000eb700000| Untracked 
| 184|0x00000000eb800000, 0x00000000eb800000, 0x00000000eb900000|  0%| F|  |TAMS 0x00000000eb800000| PB 0x00000000eb800000| Untracked 
| 185|0x00000000eb900000, 0x00000000eb900000, 0x00000000eba00000|  0%| F|  |TAMS 0x00000000eb900000| PB 0x00000000eb900000| Untracked 
| 186|0x00000000eba00000, 0x00000000eba00000, 0x00000000ebb00000|  0%| F|  |TAMS 0x00000000eba00000| PB 0x00000000eba00000| Untracked 
| 187|0x00000000ebb00000, 0x00000000ebb00000, 0x00000000ebc00000|  0%| F|  |TAMS 0x00000000ebb00000| PB 0x00000000ebb00000| Untracked 
| 188|0x00000000ebc00000, 0x00000000ebc00000, 0x00000000ebd00000|  0%| F|  |TAMS 0x00000000ebc00000| PB 0x00000000ebc00000| Untracked 
| 189|0x00000000ebd00000, 0x00000000ebd00000, 0x00000000ebe00000|  0%| F|  |TAMS 0x00000000ebd00000| PB 0x00000000ebd00000| Untracked 
| 190|0x00000000ebe00000, 0x00000000ebe00000, 0x00000000ebf00000|  0%| F|  |TAMS 0x00000000ebe00000| PB 0x00000000ebe00000| Untracked 
| 191|0x00000000ebf00000, 0x00000000ebf00000, 0x00000000ec000000|  0%| F|  |TAMS 0x00000000ebf00000| PB 0x00000000ebf00000| Untracked 
| 192|0x00000000ec000000, 0x00000000ec000000, 0x00000000ec100000|  0%| F|  |TAMS 0x00000000ec000000| PB 0x00000000ec000000| Untracked 
| 193|0x00000000ec100000, 0x00000000ec100000, 0x00000000ec200000|  0%| F|  |TAMS 0x00000000ec100000| PB 0x00000000ec100000| Untracked 
| 194|0x00000000ec200000, 0x00000000ec200000, 0x00000000ec300000|  0%| F|  |TAMS 0x00000000ec200000| PB 0x00000000ec200000| Untracked 
| 195|0x00000000ec300000, 0x00000000ec300000, 0x00000000ec400000|  0%| F|  |TAMS 0x00000000ec300000| PB 0x00000000ec300000| Untracked 
| 196|0x00000000ec400000, 0x00000000ec400000, 0x00000000ec500000|  0%| F|  |TAMS 0x00000000ec400000| PB 0x00000000ec400000| Untracked 
| 197|0x00000000ec500000, 0x00000000ec500000, 0x00000000ec600000|  0%| F|  |TAMS 0x00000000ec500000| PB 0x00000000ec500000| Untracked 
| 198|0x00000000ec600000, 0x00000000ec600000, 0x00000000ec700000|  0%| F|  |TAMS 0x00000000ec600000| PB 0x00000000ec600000| Untracked 
| 199|0x00000000ec700000, 0x00000000ec700000, 0x00000000ec800000|  0%| F|  |TAMS 0x00000000ec700000| PB 0x00000000ec700000| Untracked 
| 200|0x00000000ec800000, 0x00000000ec800000, 0x00000000ec900000|  0%| F|  |TAMS 0x00000000ec800000| PB 0x00000000ec800000| Untracked 
| 201|0x00000000ec900000, 0x00000000ec900000, 0x00000000eca00000|  0%| F|  |TAMS 0x00000000ec900000| PB 0x00000000ec900000| Untracked 
| 202|0x00000000eca00000, 0x00000000eca00000, 0x00000000ecb00000|  0%| F|  |TAMS 0x00000000eca00000| PB 0x00000000eca00000| Untracked 
| 203|0x00000000ecb00000, 0x00000000ecb00000, 0x00000000ecc00000|  0%| F|  |TAMS 0x00000000ecb00000| PB 0x00000000ecb00000| Untracked 
| 204|0x00000000ecc00000, 0x00000000ecc00000, 0x00000000ecd00000|  0%| F|  |TAMS 0x00000000ecc00000| PB 0x00000000ecc00000| Untracked 
| 205|0x00000000ecd00000, 0x00000000ecd00000, 0x00000000ece00000|  0%| F|  |TAMS 0x00000000ecd00000| PB 0x00000000ecd00000| Untracked 
| 206|0x00000000ece00000, 0x00000000ece00000, 0x00000000ecf00000|  0%| F|  |TAMS 0x00000000ece00000| PB 0x00000000ece00000| Untracked 
| 207|0x00000000ecf00000, 0x00000000ecf00000, 0x00000000ed000000|  0%| F|  |TAMS 0x00000000ecf00000| PB 0x00000000ecf00000| Untracked 
| 208|0x00000000ed000000, 0x00000000ed000000, 0x00000000ed100000|  0%| F|  |TAMS 0x00000000ed000000| PB 0x00000000ed000000| Untracked 
| 209|0x00000000ed100000, 0x00000000ed100000, 0x00000000ed200000|  0%| F|  |TAMS 0x00000000ed100000| PB 0x00000000ed100000| Untracked 
| 210|0x00000000ed200000, 0x00000000ed200000, 0x00000000ed300000|  0%| F|  |TAMS 0x00000000ed200000| PB 0x00000000ed200000| Untracked 
| 211|0x00000000ed300000, 0x00000000ed300000, 0x00000000ed400000|  0%| F|  |TAMS 0x00000000ed300000| PB 0x00000000ed300000| Untracked 
| 212|0x00000000ed400000, 0x00000000ed400000, 0x00000000ed500000|  0%| F|  |TAMS 0x00000000ed400000| PB 0x00000000ed400000| Untracked 
| 213|0x00000000ed500000, 0x00000000ed500000, 0x00000000ed600000|  0%| F|  |TAMS 0x00000000ed500000| PB 0x00000000ed500000| Untracked 
| 214|0x00000000ed600000, 0x00000000ed600000, 0x00000000ed700000|  0%| F|  |TAMS 0x00000000ed600000| PB 0x00000000ed600000| Untracked 
| 215|0x00000000ed700000, 0x00000000ed700000, 0x00000000ed800000|  0%| F|  |TAMS 0x00000000ed700000| PB 0x00000000ed700000| Untracked 
| 216|0x00000000ed800000, 0x00000000ed800000, 0x00000000ed900000|  0%| F|  |TAMS 0x00000000ed800000| PB 0x00000000ed800000| Untracked 
| 217|0x00000000ed900000, 0x00000000ed900000, 0x00000000eda00000|  0%| F|  |TAMS 0x00000000ed900000| PB 0x00000000ed900000| Untracked 
| 218|0x00000000eda00000, 0x00000000eda00000, 0x00000000edb00000|  0%| F|  |TAMS 0x00000000eda00000| PB 0x00000000eda00000| Untracked 
| 219|0x00000000edb00000, 0x00000000edb00000, 0x00000000edc00000|  0%| F|  |TAMS 0x00000000edb00000| PB 0x00000000edb00000| Untracked 
| 220|0x00000000edc00000, 0x00000000edc00000, 0x00000000edd00000|  0%| F|  |TAMS 0x00000000edc00000| PB 0x00000000edc00000| Untracked 
| 221|0x00000000edd00000, 0x00000000edd00000, 0x00000000ede00000|  0%| F|  |TAMS 0x00000000edd00000| PB 0x00000000edd00000| Untracked 
| 222|0x00000000ede00000, 0x00000000ede00000, 0x00000000edf00000|  0%| F|  |TAMS 0x00000000ede00000| PB 0x00000000ede00000| Untracked 
| 223|0x00000000edf00000, 0x00000000edf00000, 0x00000000ee000000|  0%| F|  |TAMS 0x00000000edf00000| PB 0x00000000edf00000| Untracked 
| 224|0x00000000ee000000, 0x00000000ee000000, 0x00000000ee100000|  0%| F|  |TAMS 0x00000000ee000000| PB 0x00000000ee000000| Untracked 
| 225|0x00000000ee100000, 0x00000000ee100000, 0x00000000ee200000|  0%| F|  |TAMS 0x00000000ee100000| PB 0x00000000ee100000| Untracked 
| 226|0x00000000ee200000, 0x00000000ee200000, 0x00000000ee300000|  0%| F|  |TAMS 0x00000000ee200000| PB 0x00000000ee200000| Untracked 
| 227|0x00000000ee300000, 0x00000000ee300000, 0x00000000ee400000|  0%| F|  |TAMS 0x00000000ee300000| PB 0x00000000ee300000| Untracked 
| 228|0x00000000ee400000, 0x00000000ee400000, 0x00000000ee500000|  0%| F|  |TAMS 0x00000000ee400000| PB 0x00000000ee400000| Untracked 
| 229|0x00000000ee500000, 0x00000000ee500000, 0x00000000ee600000|  0%| F|  |TAMS 0x00000000ee500000| PB 0x00000000ee500000| Untracked 
| 230|0x00000000ee600000, 0x00000000ee600000, 0x00000000ee700000|  0%| F|  |TAMS 0x00000000ee600000| PB 0x00000000ee600000| Untracked 
| 231|0x00000000ee700000, 0x00000000ee700000, 0x00000000ee800000|  0%| F|  |TAMS 0x00000000ee700000| PB 0x00000000ee700000| Untracked 
| 232|0x00000000ee800000, 0x00000000ee800000, 0x00000000ee900000|  0%| F|  |TAMS 0x00000000ee800000| PB 0x00000000ee800000| Untracked 
| 233|0x00000000ee900000, 0x00000000ee900000, 0x00000000eea00000|  0%| F|  |TAMS 0x00000000ee900000| PB 0x00000000ee900000| Untracked 
| 234|0x00000000eea00000, 0x00000000eea00000, 0x00000000eeb00000|  0%| F|  |TAMS 0x00000000eea00000| PB 0x00000000eea00000| Untracked 
| 235|0x00000000eeb00000, 0x00000000eeb00000, 0x00000000eec00000|  0%| F|  |TAMS 0x00000000eeb00000| PB 0x00000000eeb00000| Untracked 
| 236|0x00000000eec00000, 0x00000000eec00000, 0x00000000eed00000|  0%| F|  |TAMS 0x00000000eec00000| PB 0x00000000eec00000| Untracked 
| 237|0x00000000eed00000, 0x00000000eed00000, 0x00000000eee00000|  0%| F|  |TAMS 0x00000000eed00000| PB 0x00000000eed00000| Untracked 
| 238|0x00000000eee00000, 0x00000000eee00000, 0x00000000eef00000|  0%| F|  |TAMS 0x00000000eee00000| PB 0x00000000eee00000| Untracked 
| 239|0x00000000eef00000, 0x00000000eef00000, 0x00000000ef000000|  0%| F|  |TAMS 0x00000000eef00000| PB 0x00000000eef00000| Untracked 
| 240|0x00000000ef000000, 0x00000000ef000000, 0x00000000ef100000|  0%| F|  |TAMS 0x00000000ef000000| PB 0x00000000ef000000| Untracked 
| 241|0x00000000ef100000, 0x00000000ef100000, 0x00000000ef200000|  0%| F|  |TAMS 0x00000000ef100000| PB 0x00000000ef100000| Untracked 
| 242|0x00000000ef200000, 0x00000000ef200000, 0x00000000ef300000|  0%| F|  |TAMS 0x00000000ef200000| PB 0x00000000ef200000| Untracked 
| 243|0x00000000ef300000, 0x00000000ef300000, 0x00000000ef400000|  0%| F|  |TAMS 0x00000000ef300000| PB 0x00000000ef300000| Untracked 
| 244|0x00000000ef400000, 0x00000000ef400000, 0x00000000ef500000|  0%| F|  |TAMS 0x00000000ef400000| PB 0x00000000ef400000| Untracked 
| 245|0x00000000ef500000, 0x00000000ef500000, 0x00000000ef600000|  0%| F|  |TAMS 0x00000000ef500000| PB 0x00000000ef500000| Untracked 
| 246|0x00000000ef600000, 0x00000000ef600000, 0x00000000ef700000|  0%| F|  |TAMS 0x00000000ef600000| PB 0x00000000ef600000| Untracked 
| 247|0x00000000ef700000, 0x00000000ef700000, 0x00000000ef800000|  0%| F|  |TAMS 0x00000000ef700000| PB 0x00000000ef700000| Untracked 
| 248|0x00000000ef800000, 0x00000000ef800000, 0x00000000ef900000|  0%| F|  |TAMS 0x00000000ef800000| PB 0x00000000ef800000| Untracked 
| 249|0x00000000ef900000, 0x00000000ef900000, 0x00000000efa00000|  0%| F|  |TAMS 0x00000000ef900000| PB 0x00000000ef900000| Untracked 
| 250|0x00000000efa00000, 0x00000000efa00000, 0x00000000efb00000|  0%| F|  |TAMS 0x00000000efa00000| PB 0x00000000efa00000| Untracked 
| 251|0x00000000efb00000, 0x00000000efb00000, 0x00000000efc00000|  0%| F|  |TAMS 0x00000000efb00000| PB 0x00000000efb00000| Untracked 
| 252|0x00000000efc00000, 0x00000000efc00000, 0x00000000efd00000|  0%| F|  |TAMS 0x00000000efc00000| PB 0x00000000efc00000| Untracked 
| 253|0x00000000efd00000, 0x00000000efd00000, 0x00000000efe00000|  0%| F|  |TAMS 0x00000000efd00000| PB 0x00000000efd00000| Untracked 
| 254|0x00000000efe00000, 0x00000000efe00000, 0x00000000eff00000|  0%| F|  |TAMS 0x00000000efe00000| PB 0x00000000efe00000| Untracked 
| 255|0x00000000eff00000, 0x00000000eff00000, 0x00000000f0000000|  0%| F|  |TAMS 0x00000000eff00000| PB 0x00000000eff00000| Untracked 
| 256|0x00000000f0000000, 0x00000000f0000000, 0x00000000f0100000|  0%| F|  |TAMS 0x00000000f0000000| PB 0x00000000f0000000| Untracked 
| 257|0x00000000f0100000, 0x00000000f0100000, 0x00000000f0200000|  0%| F|  |TAMS 0x00000000f0100000| PB 0x00000000f0100000| Untracked 
| 258|0x00000000f0200000, 0x00000000f0200000, 0x00000000f0300000|  0%| F|  |TAMS 0x00000000f0200000| PB 0x00000000f0200000| Untracked 
| 259|0x00000000f0300000, 0x00000000f0300000, 0x00000000f0400000|  0%| F|  |TAMS 0x00000000f0300000| PB 0x00000000f0300000| Untracked 
| 260|0x00000000f0400000, 0x00000000f0400000, 0x00000000f0500000|  0%| F|  |TAMS 0x00000000f0400000| PB 0x00000000f0400000| Untracked 
| 261|0x00000000f0500000, 0x00000000f0500000, 0x00000000f0600000|  0%| F|  |TAMS 0x00000000f0500000| PB 0x00000000f0500000| Untracked 
| 262|0x00000000f0600000, 0x00000000f0600000, 0x00000000f0700000|  0%| F|  |TAMS 0x00000000f0600000| PB 0x00000000f0600000| Untracked 
| 263|0x00000000f0700000, 0x00000000f0700000, 0x00000000f0800000|  0%| F|  |TAMS 0x00000000f0700000| PB 0x00000000f0700000| Untracked 
| 264|0x00000000f0800000, 0x00000000f0800000, 0x00000000f0900000|  0%| F|  |TAMS 0x00000000f0800000| PB 0x00000000f0800000| Untracked 
| 265|0x00000000f0900000, 0x00000000f0900000, 0x00000000f0a00000|  0%| F|  |TAMS 0x00000000f0900000| PB 0x00000000f0900000| Untracked 
| 266|0x00000000f0a00000, 0x00000000f0a00000, 0x00000000f0b00000|  0%| F|  |TAMS 0x00000000f0a00000| PB 0x00000000f0a00000| Untracked 
| 267|0x00000000f0b00000, 0x00000000f0b00000, 0x00000000f0c00000|  0%| F|  |TAMS 0x00000000f0b00000| PB 0x00000000f0b00000| Untracked 
| 268|0x00000000f0c00000, 0x00000000f0c00000, 0x00000000f0d00000|  0%| F|  |TAMS 0x00000000f0c00000| PB 0x00000000f0c00000| Untracked 
| 269|0x00000000f0d00000, 0x00000000f0d00000, 0x00000000f0e00000|  0%| F|  |TAMS 0x00000000f0d00000| PB 0x00000000f0d00000| Untracked 
| 270|0x00000000f0e00000, 0x00000000f0e00000, 0x00000000f0f00000|  0%| F|  |TAMS 0x00000000f0e00000| PB 0x00000000f0e00000| Untracked 
| 271|0x00000000f0f00000, 0x00000000f0f00000, 0x00000000f1000000|  0%| F|  |TAMS 0x00000000f0f00000| PB 0x00000000f0f00000| Untracked 
| 272|0x00000000f1000000, 0x00000000f1000000, 0x00000000f1100000|  0%| F|  |TAMS 0x00000000f1000000| PB 0x00000000f1000000| Untracked 
| 273|0x00000000f1100000, 0x00000000f1100000, 0x00000000f1200000|  0%| F|  |TAMS 0x00000000f1100000| PB 0x00000000f1100000| Untracked 
| 274|0x00000000f1200000, 0x00000000f1200000, 0x00000000f1300000|  0%| F|  |TAMS 0x00000000f1200000| PB 0x00000000f1200000| Untracked 
| 275|0x00000000f1300000, 0x00000000f1300000, 0x00000000f1400000|  0%| F|  |TAMS 0x00000000f1300000| PB 0x00000000f1300000| Untracked 
| 276|0x00000000f1400000, 0x00000000f1400000, 0x00000000f1500000|  0%| F|  |TAMS 0x00000000f1400000| PB 0x00000000f1400000| Untracked 
| 277|0x00000000f1500000, 0x00000000f1500000, 0x00000000f1600000|  0%| F|  |TAMS 0x00000000f1500000| PB 0x00000000f1500000| Untracked 
| 278|0x00000000f1600000, 0x00000000f1600000, 0x00000000f1700000|  0%| F|  |TAMS 0x00000000f1600000| PB 0x00000000f1600000| Untracked 
| 279|0x00000000f1700000, 0x00000000f1700000, 0x00000000f1800000|  0%| F|  |TAMS 0x00000000f1700000| PB 0x00000000f1700000| Untracked 
| 280|0x00000000f1800000, 0x00000000f1800000, 0x00000000f1900000|  0%| F|  |TAMS 0x00000000f1800000| PB 0x00000000f1800000| Untracked 
| 281|0x00000000f1900000, 0x00000000f1900000, 0x00000000f1a00000|  0%| F|  |TAMS 0x00000000f1900000| PB 0x00000000f1900000| Untracked 
| 282|0x00000000f1a00000, 0x00000000f1a00000, 0x00000000f1b00000|  0%| F|  |TAMS 0x00000000f1a00000| PB 0x00000000f1a00000| Untracked 
| 283|0x00000000f1b00000, 0x00000000f1b00000, 0x00000000f1c00000|  0%| F|  |TAMS 0x00000000f1b00000| PB 0x00000000f1b00000| Untracked 
| 284|0x00000000f1c00000, 0x00000000f1c00000, 0x00000000f1d00000|  0%| F|  |TAMS 0x00000000f1c00000| PB 0x00000000f1c00000| Untracked 
| 285|0x00000000f1d00000, 0x00000000f1d00000, 0x00000000f1e00000|  0%| F|  |TAMS 0x00000000f1d00000| PB 0x00000000f1d00000| Untracked 
| 286|0x00000000f1e00000, 0x00000000f1e00000, 0x00000000f1f00000|  0%| F|  |TAMS 0x00000000f1e00000| PB 0x00000000f1e00000| Untracked 
| 287|0x00000000f1f00000, 0x00000000f1f00000, 0x00000000f2000000|  0%| F|  |TAMS 0x00000000f1f00000| PB 0x00000000f1f00000| Untracked 
| 288|0x00000000f2000000, 0x00000000f2000000, 0x00000000f2100000|  0%| F|  |TAMS 0x00000000f2000000| PB 0x00000000f2000000| Untracked 
| 289|0x00000000f2100000, 0x00000000f2100000, 0x00000000f2200000|  0%| F|  |TAMS 0x00000000f2100000| PB 0x00000000f2100000| Untracked 
| 290|0x00000000f2200000, 0x00000000f2200000, 0x00000000f2300000|  0%| F|  |TAMS 0x00000000f2200000| PB 0x00000000f2200000| Untracked 
| 291|0x00000000f2300000, 0x00000000f2300000, 0x00000000f2400000|  0%| F|  |TAMS 0x00000000f2300000| PB 0x00000000f2300000| Untracked 
| 292|0x00000000f2400000, 0x00000000f2400000, 0x00000000f2500000|  0%| F|  |TAMS 0x00000000f2400000| PB 0x00000000f2400000| Untracked 
| 293|0x00000000f2500000, 0x00000000f2500000, 0x00000000f2600000|  0%| F|  |TAMS 0x00000000f2500000| PB 0x00000000f2500000| Untracked 
| 294|0x00000000f2600000, 0x00000000f2600000, 0x00000000f2700000|  0%| F|  |TAMS 0x00000000f2600000| PB 0x00000000f2600000| Untracked 
| 295|0x00000000f2700000, 0x00000000f2700000, 0x00000000f2800000|  0%| F|  |TAMS 0x00000000f2700000| PB 0x00000000f2700000| Untracked 
| 296|0x00000000f2800000, 0x00000000f2800000, 0x00000000f2900000|  0%| F|  |TAMS 0x00000000f2800000| PB 0x00000000f2800000| Untracked 
| 297|0x00000000f2900000, 0x00000000f2900000, 0x00000000f2a00000|  0%| F|  |TAMS 0x00000000f2900000| PB 0x00000000f2900000| Untracked 
| 298|0x00000000f2a00000, 0x00000000f2a00000, 0x00000000f2b00000|  0%| F|  |TAMS 0x00000000f2a00000| PB 0x00000000f2a00000| Untracked 
| 299|0x00000000f2b00000, 0x00000000f2b00000, 0x00000000f2c00000|  0%| F|  |TAMS 0x00000000f2b00000| PB 0x00000000f2b00000| Untracked 
| 300|0x00000000f2c00000, 0x00000000f2c00000, 0x00000000f2d00000|  0%| F|  |TAMS 0x00000000f2c00000| PB 0x00000000f2c00000| Untracked 
| 301|0x00000000f2d00000, 0x00000000f2d00000, 0x00000000f2e00000|  0%| F|  |TAMS 0x00000000f2d00000| PB 0x00000000f2d00000| Untracked 
| 302|0x00000000f2e00000, 0x00000000f2e00000, 0x00000000f2f00000|  0%| F|  |TAMS 0x00000000f2e00000| PB 0x00000000f2e00000| Untracked 
| 303|0x00000000f2f00000, 0x00000000f2f00000, 0x00000000f3000000|  0%| F|  |TAMS 0x00000000f2f00000| PB 0x00000000f2f00000| Untracked 
| 304|0x00000000f3000000, 0x00000000f3000000, 0x00000000f3100000|  0%| F|  |TAMS 0x00000000f3000000| PB 0x00000000f3000000| Untracked 
| 305|0x00000000f3100000, 0x00000000f3100000, 0x00000000f3200000|  0%| F|  |TAMS 0x00000000f3100000| PB 0x00000000f3100000| Untracked 
| 306|0x00000000f3200000, 0x00000000f3200000, 0x00000000f3300000|  0%| F|  |TAMS 0x00000000f3200000| PB 0x00000000f3200000| Untracked 
| 307|0x00000000f3300000, 0x00000000f3300000, 0x00000000f3400000|  0%| F|  |TAMS 0x00000000f3300000| PB 0x00000000f3300000| Untracked 
| 308|0x00000000f3400000, 0x00000000f3400000, 0x00000000f3500000|  0%| F|  |TAMS 0x00000000f3400000| PB 0x00000000f3400000| Untracked 
| 309|0x00000000f3500000, 0x00000000f3500000, 0x00000000f3600000|  0%| F|  |TAMS 0x00000000f3500000| PB 0x00000000f3500000| Untracked 
| 310|0x00000000f3600000, 0x00000000f3600000, 0x00000000f3700000|  0%| F|  |TAMS 0x00000000f3600000| PB 0x00000000f3600000| Untracked 
| 311|0x00000000f3700000, 0x00000000f3700000, 0x00000000f3800000|  0%| F|  |TAMS 0x00000000f3700000| PB 0x00000000f3700000| Untracked 
| 312|0x00000000f3800000, 0x00000000f3800000, 0x00000000f3900000|  0%| F|  |TAMS 0x00000000f3800000| PB 0x00000000f3800000| Untracked 
| 313|0x00000000f3900000, 0x00000000f3900000, 0x00000000f3a00000|  0%| F|  |TAMS 0x00000000f3900000| PB 0x00000000f3900000| Untracked 
| 314|0x00000000f3a00000, 0x00000000f3a00000, 0x00000000f3b00000|  0%| F|  |TAMS 0x00000000f3a00000| PB 0x00000000f3a00000| Untracked 
| 315|0x00000000f3b00000, 0x00000000f3b00000, 0x00000000f3c00000|  0%| F|  |TAMS 0x00000000f3b00000| PB 0x00000000f3b00000| Untracked 
| 316|0x00000000f3c00000, 0x00000000f3c00000, 0x00000000f3d00000|  0%| F|  |TAMS 0x00000000f3c00000| PB 0x00000000f3c00000| Untracked 
| 317|0x00000000f3d00000, 0x00000000f3d00000, 0x00000000f3e00000|  0%| F|  |TAMS 0x00000000f3d00000| PB 0x00000000f3d00000| Untracked 
| 318|0x00000000f3e00000, 0x00000000f3e00000, 0x00000000f3f00000|  0%| F|  |TAMS 0x00000000f3e00000| PB 0x00000000f3e00000| Untracked 
| 319|0x00000000f3f00000, 0x00000000f3f00000, 0x00000000f4000000|  0%| F|  |TAMS 0x00000000f3f00000| PB 0x00000000f3f00000| Untracked 
| 320|0x00000000f4000000, 0x00000000f4000000, 0x00000000f4100000|  0%| F|  |TAMS 0x00000000f4000000| PB 0x00000000f4000000| Untracked 
| 321|0x00000000f4100000, 0x00000000f4100000, 0x00000000f4200000|  0%| F|  |TAMS 0x00000000f4100000| PB 0x00000000f4100000| Untracked 
| 322|0x00000000f4200000, 0x00000000f4200000, 0x00000000f4300000|  0%| F|  |TAMS 0x00000000f4200000| PB 0x00000000f4200000| Untracked 
| 323|0x00000000f4300000, 0x00000000f4300000, 0x00000000f4400000|  0%| F|  |TAMS 0x00000000f4300000| PB 0x00000000f4300000| Untracked 
| 324|0x00000000f4400000, 0x00000000f4400000, 0x00000000f4500000|  0%| F|  |TAMS 0x00000000f4400000| PB 0x00000000f4400000| Untracked 
| 325|0x00000000f4500000, 0x00000000f4500000, 0x00000000f4600000|  0%| F|  |TAMS 0x00000000f4500000| PB 0x00000000f4500000| Untracked 
| 326|0x00000000f4600000, 0x00000000f4600000, 0x00000000f4700000|  0%| F|  |TAMS 0x00000000f4600000| PB 0x00000000f4600000| Untracked 
| 327|0x00000000f4700000, 0x00000000f4700000, 0x00000000f4800000|  0%| F|  |TAMS 0x00000000f4700000| PB 0x00000000f4700000| Untracked 
| 328|0x00000000f4800000, 0x00000000f4800000, 0x00000000f4900000|  0%| F|  |TAMS 0x00000000f4800000| PB 0x00000000f4800000| Untracked 
| 329|0x00000000f4900000, 0x00000000f4900000, 0x00000000f4a00000|  0%| F|  |TAMS 0x00000000f4900000| PB 0x00000000f4900000| Untracked 
| 330|0x00000000f4a00000, 0x00000000f4a00000, 0x00000000f4b00000|  0%| F|  |TAMS 0x00000000f4a00000| PB 0x00000000f4a00000| Untracked 
| 331|0x00000000f4b00000, 0x00000000f4b00000, 0x00000000f4c00000|  0%| F|  |TAMS 0x00000000f4b00000| PB 0x00000000f4b00000| Untracked 
| 332|0x00000000f4c00000, 0x00000000f4c00000, 0x00000000f4d00000|  0%| F|  |TAMS 0x00000000f4c00000| PB 0x00000000f4c00000| Untracked 
| 333|0x00000000f4d00000, 0x00000000f4d00000, 0x00000000f4e00000|  0%| F|  |TAMS 0x00000000f4d00000| PB 0x00000000f4d00000| Untracked 
| 334|0x00000000f4e00000, 0x00000000f4e00000, 0x00000000f4f00000|  0%| F|  |TAMS 0x00000000f4e00000| PB 0x00000000f4e00000| Untracked 
| 335|0x00000000f4f00000, 0x00000000f4f00000, 0x00000000f5000000|  0%| F|  |TAMS 0x00000000f4f00000| PB 0x00000000f4f00000| Untracked 
| 336|0x00000000f5000000, 0x00000000f5000000, 0x00000000f5100000|  0%| F|  |TAMS 0x00000000f5000000| PB 0x00000000f5000000| Untracked 
| 337|0x00000000f5100000, 0x00000000f5100000, 0x00000000f5200000|  0%| F|  |TAMS 0x00000000f5100000| PB 0x00000000f5100000| Untracked 
| 338|0x00000000f5200000, 0x00000000f5200000, 0x00000000f5300000|  0%| F|  |TAMS 0x00000000f5200000| PB 0x00000000f5200000| Untracked 
| 339|0x00000000f5300000, 0x00000000f5300000, 0x00000000f5400000|  0%| F|  |TAMS 0x00000000f5300000| PB 0x00000000f5300000| Untracked 
| 340|0x00000000f5400000, 0x00000000f5400000, 0x00000000f5500000|  0%| F|  |TAMS 0x00000000f5400000| PB 0x00000000f5400000| Untracked 
| 341|0x00000000f5500000, 0x00000000f5500000, 0x00000000f5600000|  0%| F|  |TAMS 0x00000000f5500000| PB 0x00000000f5500000| Untracked 
| 342|0x00000000f5600000, 0x00000000f5600000, 0x00000000f5700000|  0%| F|  |TAMS 0x00000000f5600000| PB 0x00000000f5600000| Untracked 
| 343|0x00000000f5700000, 0x00000000f5700000, 0x00000000f5800000|  0%| F|  |TAMS 0x00000000f5700000| PB 0x00000000f5700000| Untracked 
| 344|0x00000000f5800000, 0x00000000f5800000, 0x00000000f5900000|  0%| F|  |TAMS 0x00000000f5800000| PB 0x00000000f5800000| Untracked 
| 345|0x00000000f5900000, 0x00000000f5900000, 0x00000000f5a00000|  0%| F|  |TAMS 0x00000000f5900000| PB 0x00000000f5900000| Untracked 
| 346|0x00000000f5a00000, 0x00000000f5a00000, 0x00000000f5b00000|  0%| F|  |TAMS 0x00000000f5a00000| PB 0x00000000f5a00000| Untracked 
| 347|0x00000000f5b00000, 0x00000000f5b00000, 0x00000000f5c00000|  0%| F|  |TAMS 0x00000000f5b00000| PB 0x00000000f5b00000| Untracked 
| 348|0x00000000f5c00000, 0x00000000f5c00000, 0x00000000f5d00000|  0%| F|  |TAMS 0x00000000f5c00000| PB 0x00000000f5c00000| Untracked 
| 349|0x00000000f5d00000, 0x00000000f5d00000, 0x00000000f5e00000|  0%| F|  |TAMS 0x00000000f5d00000| PB 0x00000000f5d00000| Untracked 
| 350|0x00000000f5e00000, 0x00000000f5e00000, 0x00000000f5f00000|  0%| F|  |TAMS 0x00000000f5e00000| PB 0x00000000f5e00000| Untracked 
| 351|0x00000000f5f00000, 0x00000000f5f00000, 0x00000000f6000000|  0%| F|  |TAMS 0x00000000f5f00000| PB 0x00000000f5f00000| Untracked 
| 352|0x00000000f6000000, 0x00000000f6000000, 0x00000000f6100000|  0%| F|  |TAMS 0x00000000f6000000| PB 0x00000000f6000000| Untracked 
| 353|0x00000000f6100000, 0x00000000f6100000, 0x00000000f6200000|  0%| F|  |TAMS 0x00000000f6100000| PB 0x00000000f6100000| Untracked 
| 354|0x00000000f6200000, 0x00000000f6200000, 0x00000000f6300000|  0%| F|  |TAMS 0x00000000f6200000| PB 0x00000000f6200000| Untracked 
| 355|0x00000000f6300000, 0x00000000f6300000, 0x00000000f6400000|  0%| F|  |TAMS 0x00000000f6300000| PB 0x00000000f6300000| Untracked 
| 356|0x00000000f6400000, 0x00000000f6400000, 0x00000000f6500000|  0%| F|  |TAMS 0x00000000f6400000| PB 0x00000000f6400000| Untracked 
| 357|0x00000000f6500000, 0x00000000f6500000, 0x00000000f6600000|  0%| F|  |TAMS 0x00000000f6500000| PB 0x00000000f6500000| Untracked 
| 358|0x00000000f6600000, 0x00000000f6600000, 0x00000000f6700000|  0%| F|  |TAMS 0x00000000f6600000| PB 0x00000000f6600000| Untracked 
| 359|0x00000000f6700000, 0x00000000f6700000, 0x00000000f6800000|  0%| F|  |TAMS 0x00000000f6700000| PB 0x00000000f6700000| Untracked 
| 360|0x00000000f6800000, 0x00000000f6800000, 0x00000000f6900000|  0%| F|  |TAMS 0x00000000f6800000| PB 0x00000000f6800000| Untracked 
| 361|0x00000000f6900000, 0x00000000f6900000, 0x00000000f6a00000|  0%| F|  |TAMS 0x00000000f6900000| PB 0x00000000f6900000| Untracked 
| 362|0x00000000f6a00000, 0x00000000f6a00000, 0x00000000f6b00000|  0%| F|  |TAMS 0x00000000f6a00000| PB 0x00000000f6a00000| Untracked 
| 363|0x00000000f6b00000, 0x00000000f6b00000, 0x00000000f6c00000|  0%| F|  |TAMS 0x00000000f6b00000| PB 0x00000000f6b00000| Untracked 
| 364|0x00000000f6c00000, 0x00000000f6c00000, 0x00000000f6d00000|  0%| F|  |TAMS 0x00000000f6c00000| PB 0x00000000f6c00000| Untracked 
| 365|0x00000000f6d00000, 0x00000000f6d00000, 0x00000000f6e00000|  0%| F|  |TAMS 0x00000000f6d00000| PB 0x00000000f6d00000| Untracked 
| 366|0x00000000f6e00000, 0x00000000f6e00000, 0x00000000f6f00000|  0%| F|  |TAMS 0x00000000f6e00000| PB 0x00000000f6e00000| Untracked 
| 367|0x00000000f6f00000, 0x00000000f6f00000, 0x00000000f7000000|  0%| F|  |TAMS 0x00000000f6f00000| PB 0x00000000f6f00000| Untracked 
| 368|0x00000000f7000000, 0x00000000f7000000, 0x00000000f7100000|  0%| F|  |TAMS 0x00000000f7000000| PB 0x00000000f7000000| Untracked 
| 369|0x00000000f7100000, 0x00000000f7100000, 0x00000000f7200000|  0%| F|  |TAMS 0x00000000f7100000| PB 0x00000000f7100000| Untracked 
| 370|0x00000000f7200000, 0x00000000f7200000, 0x00000000f7300000|  0%| F|  |TAMS 0x00000000f7200000| PB 0x00000000f7200000| Untracked 
| 371|0x00000000f7300000, 0x00000000f7300000, 0x00000000f7400000|  0%| F|  |TAMS 0x00000000f7300000| PB 0x00000000f7300000| Untracked 
| 372|0x00000000f7400000, 0x00000000f7400000, 0x00000000f7500000|  0%| F|  |TAMS 0x00000000f7400000| PB 0x00000000f7400000| Untracked 
| 373|0x00000000f7500000, 0x00000000f7500000, 0x00000000f7600000|  0%| F|  |TAMS 0x00000000f7500000| PB 0x00000000f7500000| Untracked 

Card table byte_map: [0x00000167186d0000,0x00000167187d0000] _byte_map_base: 0x0000016717fd0000

Marking Bits: (CMBitMap*) 0x0000016705c2e1b0
 Bits: [0x00000167187d0000, 0x0000016718fd0000)

GC Heap History (0 events):
No events

Dll operation events (1 events):
Event: 0.006 Loaded shared library C:\Program Files\Android\Android Studio\jbr\bin\java.dll

Deoptimization events (0 events):
No events

Classes loaded (0 events):
No events

Classes unloaded (0 events):
No events

Classes redefined (0 events):
No events

Internal exceptions (0 events):
No events

ZGC Phase Switch (0 events):
No events

VM Operations (0 events):
No events

Memory protections (0 events):
No events

Nmethod flushes (0 events):
No events

Events (0 events):
No events


Dynamic libraries:
0x00007ff73ec00000 - 0x00007ff73ec0a000 	C:\Program Files\Android\Android Studio\jbr\bin\java.exe
0x00007ffa92880000 - 0x00007ffa92ae6000 	C:\WINDOWS\SYSTEM32\ntdll.dll
0x00007ffa91370000 - 0x00007ffa91439000 	C:\WINDOWS\System32\KERNEL32.DLL
0x00007ffa8faa0000 - 0x00007ffa8fe9e000 	C:\WINDOWS\System32\KERNELBASE.dll
0x00007ffa901f0000 - 0x00007ffa9033c000 	C:\WINDOWS\System32\ucrtbase.dll
0x00007ffa88840000 - 0x00007ffa88858000 	C:\Program Files\Android\Android Studio\jbr\bin\jli.dll
0x00007ffa65700000 - 0x00007ffa6571b000 	C:\Program Files\Android\Android Studio\jbr\bin\VCRUNTIME140.dll
0x00007ffa90f60000 - 0x00007ffa91127000 	C:\WINDOWS\System32\USER32.dll
0x00007ffa90580000 - 0x00007ffa905a7000 	C:\WINDOWS\System32\win32u.dll
0x00007ffa7b420000 - 0x00007ffa7b6b2000 	C:\WINDOWS\WinSxS\amd64_microsoft.windows.common-controls_6595b64144ccf1df_6.0.26100.8875_none_3e0d5d42e32fe9dd\COMCTL32.dll
0x00007ffa91620000 - 0x00007ffa9164b000 	C:\WINDOWS\System32\GDI32.dll
0x00007ffa90d80000 - 0x00007ffa90e29000 	C:\WINDOWS\System32\msvcrt.dll
0x00007ffa8feb0000 - 0x00007ffa8ffda000 	C:\WINDOWS\System32\gdi32full.dll
0x00007ffa90350000 - 0x00007ffa903f3000 	C:\WINDOWS\System32\msvcp_win.dll
0x00007ffa92180000 - 0x00007ffa921b2000 	C:\WINDOWS\System32\IMM32.DLL
0x00007ffa69410000 - 0x00007ffa6941c000 	C:\Program Files\Android\Android Studio\jbr\bin\vcruntime140_1.dll
0x00007ffa053c0000 - 0x00007ffa0544d000 	C:\Program Files\Android\Android Studio\jbr\bin\msvcp140.dll
0x00007ff9e3c20000 - 0x00007ff9e48b6000 	C:\Program Files\Android\Android Studio\jbr\bin\server\jvm.dll
0x00007ffa90e50000 - 0x00007ffa90f07000 	C:\WINDOWS\System32\ADVAPI32.dll
0x00007ffa90cd0000 - 0x00007ffa90d7a000 	C:\WINDOWS\System32\sechost.dll
0x00007ffa91250000 - 0x00007ffa91368000 	C:\WINDOWS\System32\RPCRT4.dll
0x00007ffa914d0000 - 0x00007ffa91550000 	C:\WINDOWS\System32\WS2_32.dll
0x00007ffa8f920000 - 0x00007ffa8f97e000 	C:\WINDOWS\SYSTEM32\POWRPROF.dll
0x00007ffa87300000 - 0x00007ffa87336000 	C:\WINDOWS\SYSTEM32\WINMM.dll
0x00007ffa87340000 - 0x00007ffa8734b000 	C:\WINDOWS\SYSTEM32\VERSION.dll
0x00007ffa8f900000 - 0x00007ffa8f914000 	C:\WINDOWS\SYSTEM32\UMPDC.dll
0x00007ffa8e740000 - 0x00007ffa8e75b000 	C:\WINDOWS\SYSTEM32\kernel.appcore.dll
0x00007ffa62950000 - 0x00007ffa6295a000 	C:\Program Files\Android\Android Studio\jbr\bin\jimage.dll
0x00007ffa83810000 - 0x00007ffa83a52000 	C:\WINDOWS\SYSTEM32\DBGHELP.DLL
0x00007ffa922d0000 - 0x00007ffa92653000 	C:\WINDOWS\System32\combase.dll
0x00007ffa91e80000 - 0x00007ffa91f59000 	C:\WINDOWS\System32\OLEAUT32.dll
0x00007ffa73880000 - 0x00007ffa738bb000 	C:\WINDOWS\SYSTEM32\dbgcore.DLL
0x00007ffa90130000 - 0x00007ffa901dc000 	C:\WINDOWS\System32\bcryptPrimitives.dll
0x00007ffa57b00000 - 0x00007ffa57b20000 	C:\Program Files\Android\Android Studio\jbr\bin\java.dll

JVMTI agents: none

dbghelp: loaded successfully - version: 4.0.5 - missing functions: none
symbol engine: initialized successfully - sym options: 0x614 - pdb path: .;C:\Program Files\Android\Android Studio\jbr\bin;C:\WINDOWS\SYSTEM32;C:\WINDOWS\WinSxS\amd64_microsoft.windows.common-controls_6595b64144ccf1df_6.0.26100.8875_none_3e0d5d42e32fe9dd;C:\Program Files\Android\Android Studio\jbr\bin\server

VM Arguments:
jvm_args: -Djava.awt.headless=true -Djava.library.path=C:\Program Files\Android\Android Studio\jbr\bin;C:\WINDOWS\Sun\Java\bin;C:\WINDOWS\system32;C:\WINDOWS;C:\Program Files (x86)\Common Files\Oracle\Java\java8path;C:\Program Files (x86)\Common Files\Oracle\Java\javapath;C:\Program Files (x86)\VMware\VMware Workstation\bin\;C:\WINDOWS\system32;C:\WINDOWS;C:\WINDOWS\System32\Wbem;C:\WINDOWS\System32\WindowsPowerShell\v1.0\;C:\WINDOWS\System32\OpenSSH\;C:\Program Files\dotnet\;C:\Program Files (x86)\NVIDIA Corporation\PhysX\Common;C:\Program Files\Git\cmd;C:\Users\pirch\AppData\Local\nvm;C:\nvm4w\nodejs;C:\WINDOWS\system32;C:\WINDOWS;C:\WINDOWS\System32\Wbem;C:\WINDOWS\System32\WindowsPowerShell\v1.0\;C:\WINDOWS\System32\OpenSSH\;C:\Program Files (x86)\Windows Kits\10\Windows Performance Toolkit\;C:\Program Files\Microsoft SQL Server\170\Tools\Binn\;C:\Program Files\Microsoft SQL Server\Client SDK\ODBC\170\Tools\Binn\;C:\Program Files\Go\bin;C:\Users\pirch\AppData\Local\engram\bin;C:\Users\pirch\scoop\shims;C:\Users\pirch\.local\bin;C:\Users\pirch\AppData\Local\Programs\Microsoft VS Code\bin;C:\Users\pirch\.dotnet\tools;C:\Users\pirch\AppData\Local\Programs\cursor\resources\app\bin;C:\Users\pirch\AppData\Local\Python\bin;C:\Users\pirch\AppData\Local\Programs\Ollama;C:\Users\pirch\go\bin;.;C:\Users\pirch\AndroidStudioProjects\Affirmity\app\src\testDebug\jniLibs;C:\Users\pirch\AndroidStudioProjects\Affirmity\app\src\test\jniLibs -Dorg.gradle.internal.worker.tmpdir=C:\Users\pirch\AndroidStudioProjects\Affirmity\app\build\tmp\testDebugUnitTest\work --add-opens=java.base/java.io=ALL-UNNAMED -Xmx512m -Dfile.encoding=UTF-8 -Duser.country=GB -Duser.language=en -Duser.variant -ea 
java_command: worker.org.gradle.process.internal.worker.GradleWorkerMain 'Gradle Test Executor 2'
java_class_path (initial): C:\\Users\\pirch\\.gradle\\caches\\9.5.0\\workerMain\\gradle-worker.jar;C:\\Users\\pirch\\AndroidStudioProjects\\Affirmity\\app\\build\\intermediates\\built_in_kotlinc\\debugUnitTest\\compileDebugUnitTestKotlin\\classes;C:\\Users\\pirch\\AndroidStudioProjects\\Affirmity\\app\\build\\intermediates\\java_res\\debugUnitTest\\processDebugUnitTestJavaRes\\out;C:\\Users\\pirch\\AndroidStudioProjects\\Affirmity\\app\\build\\intermediates\\runtime_app_classes_jar\\debug\\bundleDebugClassesToRuntimeJar\\classes.jar;C:\\Users\\pirch\\.gradle\\caches\\modules-2\\files-2.1\\junit\\junit\\4.13.2\\8ac9e16d933b6fb43bc7f576336b8f4d7eb5ba12\\junit-4.13.2.jar;C:\\Users\\pirch\\.gradle\\caches\\modules-2\\files-2.1\\org.json\\json\\20240303\\ebb88e8fb5122b7506d5cf1d69f1ccdb790d22a\\json-20240303.jar;C:\\Users\\pirch\\.gradle\\caches\\modules-2\\files-2.1\\org.mockito\\mockito-core\\5.14.2\\f7bf936008d7664e2002c3faf0c02071c8d10e7c\\mockito-core-5.14.2.jar;C:\\Users\\pirch\\.gradle\\caches\\9.5.0\\transforms\\e109d557792ed3a23e8b2fd00dd29ea5\\transformed\\core-splashscreen-1.0.1-runtime.jar;C:\\Users\\pirch\\.gradle\\caches\\modules-2\\files-2.1\\androidx.glance\\glance-appwidget-external-protobuf\\1.1.1\\6d2bcb8fb2d00a5513cf681bb2756be459d21b78\\glance-appwidget-external-protobuf-1.1.1.jar;C:\\Users\\pirch\\.gradle\\caches\\modules-2\\files-2.1\\androidx.glance\\glance-appwidget-proto\\1.1.1\\a509ef84a63e2584c5afae6e1d5a757e1bae4418\\glance-appwidget-proto-1.1.1.jar;C:\\Users\\pirch\\.gradle\\caches\\9.5.0\\transforms\\ba59b92172956430fdbdb9653a8af083\\transformed\\glance-appwidget-1.1.1-runtime.jar;C:\\Users\\pirch\\.gradle\\caches\\9.5.0\\transforms\\3da43defba4277833dc9511ef1a6c64b\\transformed\\glance-1.1.1-runtime.jar;C:\\Users\\pirch\\.gradle\\caches\\9.5.0\\transforms\\f9bf8d7b9bea763c02ac93511c7ad25f\\transformed\\work-runtime-ktx-2.11.2-runtime.jar;C:\\Users\\pirch\\.gradle\\caches\\9.5.0\\transforms\\fd72df85b689e9c5a9808c01bbc553e3\\transformed\\work-runtime-2.11.2-runtime.jar;C:\\Users\\pirch\\.gradle\\caches\\modules-2\\files-2.1\\androidx.room\\room-common-jvm\\2.8.4\\3aeefef6615720bec8c860dd0786b48552ef3300\\room-common-jvm-2.8.4.jar;C:\\Users\\pirch\\.gradle\\caches\\9.5.0\\transforms\\d588579f43b521b0531788ab7bc11390\\transformed\\room-runtime-runtime.jar;C:\\Users\\pirch\\.gradle\\caches\\9.5.0\\transforms\\d1ea3f4f467468f1408d84a3478c285c\\transformed\\room-ktx-2.8.4-runtime.jar;C:\\Users\\pirch\\.gradle\\caches\\9.5.0\\transforms\\333459e3becef65ecb88e9857023ac9c\\transformed\\firebase-auth-24.2.0-runtime.jar;C:\\Users\\pirch\\.gradle\\caches\\9.5.0\\transforms\\3ac202a9a35128fbec9644ea6a1f687a\\transformed\\credentials-play-services-auth-1.5.0-runtime.jar;C:\\Users\\pirch\\.gradle\\caches\\9.5.0\\transforms\\1f9d68bc97d51f3de0f406a6e5f0006c\\transformed\\googleid-1.1.1-runtime.jar;C:\\Users\\pirch\\.gradle\\caches\\9.5.0\\transforms\\6a0a84b8bbdcdc519f47d1d7fe727309\\transformed\\credentials-1.5.0-runtime.jar;C:\\Users\\pirch\\.gradle\\caches\\9.5.0\\transforms\\6a3bc7d7cd27257622427283524dae77\\transformed\\firebase-firestore-26.4.1-runtime.jar;C:\\Users\\pirch\\.gradle\\caches\\9.5.0\\transforms\\034b528a5d3dc46b696aadd7871b11e6\\transformed\\firebase-messaging-25.1.1-runtime.jar;C:\\Users\\pirch\\.gradle\\caches\\9.5.0\\transforms\\d98714d011226f2c195f7ea5baf55f8a\\transformed\\firebase-auth-interop-20.0.0-runtime.jar;C:\\Users\\pirch\\.gradle\\caches\\9.5.0\\transforms\\a956325ce13c15cdf3780fc7408012a6\\transformed\\firebase-installations-19.1.2-runtime.jar;C:\\Users\\pirch\\.gradle\\caches\\9.5.0\\transforms\\dc780f59337dcda5ddee43682ccabfec\\transformed\\firebase-common-22.1.0-runtime.jar;C:\\Users\\pirch\\.gradle\\caches\\modules-2\\files-2.1\\androidx.datastore\\datastore-preferences-external-protobuf\\1.2.1\\200a891fd29602b4bcff8e197d243a372fb026d5\\datastore-preferences-external-protobuf-1.2.1.jar;C:\\Users\\pirch\\.gradle\\caches\\modules-2\\files-2.1\\androidx.datastore\\datastore-core-okio-jvm\\1.2.1\\16e01a0603ce8cf206b21a304ff1ded7a9bff1da\\datastore-core-okio-jvm-1.2.1.jar;C:\\Users\\pirch\\.gradle\\caches\\modules-2\\files-2.1\\androidx.datastore\\datastore-preferences-proto\\1.2.1\\5d062b556fb45141138c3d86284bbdcbe07cc770\\datastore-preferences-proto-1.2.1.jar;C:\\Users\\pirch\\.gradle\\caches\\9.5.0\\transforms\\8a31ea0d423606cc80192ef5a16abaa4\\transformed\\datastore-core-runtime.jar;C:\\Users\\pirch\\.gradle\\caches\\9.5.0\\transforms\\313ae7a0faa6569e154ce6e9700bd726\\transformed\\datastore-preferences-core-runtime.jar;C:\\Users\\pirch\\.gradle\\caches\\9.5.0\\transforms\\9e784b47ece91ea404a63ac69cfdd909\\transformed\\datastore-runtime.jar;C:\\Users\\pirch\\.gradle\\caches\\9.5.0\\transforms\\2536a6533c52c2451ec7012b0af6b30a\\transformed\\datastore-preferences-runtime.jar;C:\\Users\\pirch\\.gradle\\caches\\9.5.0\\transforms\\d1b5926bbab39c6a921bced07287097c\\transformed\\core-remoteviews-1.1.0-runtime.jar;C:\\Users\\pirch\\.gradle\\caches\\9.5.0\\transforms\\8e21f8e56f689a2c3db5854715a5b557\\transformed\\play-services-auth-blockstore-16.4.0-runtime.jar;C:\\Users\\pirch\\.gradle\\caches\\9.5.0\\transforms\\8f8b25193b4661e1d56999737cd65b94\\transformed\\play-services-identity-credentials-16.0.0-alpha02-runtime.jar;C:\\Users\\pirch\\.gradle\\caches\\9.5.0\\transforms\\032ae6e998d8d9fd2f8c430f61242f6b\\transformed\\coil-compose-release-runtime.jar;C:\\Users\\pirch\\.gradle\\caches\\modules-2\\files-2.1\\io.coil-kt.coil3\\coil-network-okhttp-jvm\\3.3.0\\4043797b99ff4d1a3717af6ac06d1d73bfec97e5\\coil-network-okhttp-jvm-3.3.0.jar;C:\\Users\\pirch\\.gradle\\caches\\9.5.0\\transforms\\d6c68b2f122b51b82c26c2a0674ef72d\\transformed\\material3-adaptive-navigation-suite-runtime.jar;C:\\Users\\pirch\\.gradle\\caches\\9.5.0\\transforms\\2ef2a172d402f9049b1ecc0ed64a05d3\\transformed\\material3-runtime.jar;C:\\Users\\pirch\\.gradle\\caches\\9.5.0\\transforms\\0aece3c59ef2e2f16f6cd318395f983a\\transformed\\material-runtime.jar;C:\\Users\\pirch\\.gradle\\caches\\9.5.0\\transforms\\fa39b7bd9e68bbbb9e670f4843836f7c\\transformed\\coil-compose-core-release-runtime.jar;C:\\Users\\pirch\\.gradle\\caches\\9.5.0\\transforms\\01aed0c8104f34624082d08f67b2036f\\transformed\\animation-core-runtime.jar;C:\\Users\\pirch\\.gradle\\caches\\9.5.0\\transforms\\ed4e4ca4d71e8463d6f2acd078869dff\\transformed\\material-ripple-runtime.jar;C:\\Users\\pirch\\.gradle\\caches\\9.5.0\\transforms\\322f6f424d802f41944886c0d2a9aa99\\transformed\\animation-runtime.jar;C:\\Users\\pirch\\.gradle\\caches\\9.5.0\\transforms\\54b9218df44f3a9d52eb2307b000f421\\transformed\\foundation-layout-runtime.jar;C:\\Users\\pirch\\.gradle\\caches\\9.5.0\\transforms\\750aaed96885176f8cfeb87721e19ce8\\transformed\\ui-tooling-data-runtime.jar;C:\\Users\\pirch\\.gradle\\caches\\9.5.0\\transforms\\905e1a783a7530b1ffb201ef89bcaf15\\transformed\\ui-geometry-runtime.jar;C:\\Users\\pirch\\.gradle\\caches\\9.5.0\\transforms\\a15ff89bb27bfd6a141778f1eb09f061\\transformed\\ui-util-runtime.jar;C:\\Users\\pirch\\.gradle\\caches\\9.5.0\\transforms\\ddac4c3d8668204a297caf3fc2b79fd9\\transformed\\ui-text-runtime.jar;C:\\Users\\pirch\\.gradle\\caches\\9.5.0\\transforms\\ffcd44c7bd478774bb3d5d70a00fc70b\\transformed\\ui-unit-runtime.jar;C:\\Users\\pirch\\.gradle\\caches\\9.5.0\\transforms\\65e6359d1df0532d9df43ae7c0191f0e\\transformed\\ui-tooling-preview-runtime.jar;C:\\Users\\pirch\\.gradle\\caches\\9.5.0\\transforms\\42b245a10500df2871c52e53a350e9a5\\transformed\\ui-tooling-runtime.jar;C:\\Users\\pirch\\.gradle\\caches\\9.5.0\\transforms\\8b4020a18b0e979c72915b81a6a67bf6\\transformed\\ui-graphics-runtime.jar;C:\\Users\\pirch\\.gradle\\caches\\9.5.0\\transforms\\4299cc0064ebe884be68f41e01a5fcac\\transformed\\ui-test-manifest-1.10.0-runtime.jar;C:\\Users\\pirch\\.gradle\\caches\\9.5.0\\transforms\\fceec8d414dfe3c056e75f086454435c\\transformed\\biometric-1.1.0-runtime.jar;C:\\Users\\pirch\\.gradle\\caches\\9.5.0\\transforms\\eed08e82453942afaf8278997030c2c8\\transformed\\play-services-auth-21.1.1-runtime.jar;C:\\Users\\pirch\\.gradle\\caches\\9.5.0\\transforms\\402f872c225d483d7031d73145dfd0a8\\transformed\\play-services-fido-21.0.0-runtime.jar;C:\\Users\\pirch\\.gradle\\caches\\9.5.0\\transforms\\170de226886257351d0b0263f929c34b\\transformed\\play-services-auth-api-phone-18.0.2-runtime.jar;C:\\Users\\pirch\\.gradle\\caches\\9.5.0\\transforms\\9a989d44127ca825e4ebb2bffe90e804\\transformed\\recaptcha-18.6.1-runtime.jar;C:\\Users\\pirch\\.gradle\\caches\\9.5.0\\transforms\\4bbbb95c2edb6ad67a94abd7ed040c9d\\transformed\\integrity-1.3.0-runtime.jar;C:\\Users\\pirch\\.gradle\\caches\\9.5.0\\transforms\\ebfaff850e933d15cf1327604016e87c\\transformed\\firebase-appcheck-interop-17.0.0-runtime.jar;C:\\Users\\pirch\\.gradle\\caches\\9.5.0\\transforms\\fbe0b6f28c6265930677843022fe9e60\\transformed\\firebase-database-collection-18.0.1-runtime.jar;C:\\Users\\pirch\\.gradle\\caches\\9.5.0\\transforms\\6ccf0c76767948e28bee64267b8b3833\\transformed\\play-services-cloud-messaging-17.4.0-runtime.jar;C:\\Users\\pirch\\.gradle\\caches\\9.5.0\\transforms\\cc897e6b6c327bcb29cc15f7ea598de1\\transformed\\play-services-auth-base-18.0.10-runtime.jar;C:\\Users\\pirch\\.gradle\\caches\\9.5.0\\transforms\\b229681bd792869196195526c742e822\\transformed\\play-services-base-18.9.0-runtime.jar;C:\\Users\\pirch\\.gradle\\caches\\9.5.0\\transforms\\b033da941d9f83be25463ab09cac83b5\\transformed\\firebase-iid-interop-17.1.0-runtime.jar;C:\\Users\\pirch\\.gradle\\caches\\9.5.0\\transforms\\75102784bd645212e888066dc22296f9\\transformed\\firebase-installations-interop-17.3.0-runtime.jar;C:\\Users\\pirch\\.gradle\\caches\\9.5.0\\transforms\\e3be73269f01c05c18700be4cec3a426\\transformed\\runtime-annotation-runtime.jar;C:\\Users\\pirch\\.gradle\\caches\\9.5.0\\transforms\\09278809b6191c404216f340b58a4634\\transformed\\runtime-retain-runtime.jar;C:\\Users\\pirch\\.gradle\\caches\\9.5.0\\transforms\\b500cea21e61f13ec330dfdc5ee93972\\transformed\\runtime-saveable-runtime.jar;C:\\Users\\pirch\\.gradle\\caches\\9.5.0\\transforms\\848a96b6090406db4a43f430b6ac2dc9\\transformed\\play-services-stats-17.0.2-runtime.jar;C:\\Users\\pirch\\.gradle\\caches\\9.5.0\\transforms\\e89471e33b0fb89ddeb5a2b283533200\\transformed\\transition-1.6.0-runtime.jar;C:\\Users\\pirch\\.gradle\\caches\\9.5.0\\transforms\\aa78e989fd7596f103f8cddbc9af5e55\\transformed\\dynamicanimation-1.0.0-runtime.jar;C:\\Users\\pirch\\.gradle\\caches\\9.5.0\\transforms\\03fb1474cc29f9466b550f13302a49ef\\transformed\\legacy-support-core-utils-1.0.0-runtime.jar;C:\\Users\\pirch\\.gradle\\caches\\9.5.0\\transforms\\e0f23aa9baf18011b5afe3ffb96a268c\\transformed\\loader-1.0.0-runtime.jar;C:\\Users\\pirch\\.gradle\\caches\\9.5.0\\transforms\\8e31aa67396bbb05c80cdb7a6bcfd7cb\\transformed\\coil-release-runtime.jar;C:\\Users\\pirch\\.gradle\\caches\\9.5.0\\transforms\\2ccd9d30d33f1feded173c9899c2715b\\transformed\\coil-network-core-release-runtime.jar;C:\\Users\\pirch\\.gradle\\caches\\9.5.0\\transforms\\667e8c3ff4f71c39308984d0b815925b\\transformed\\coil-core-release-runtime.jar;C:\\Users\\pirch\\.gradle\\caches\\9.5.0\\transforms\\1fd9686d28787108133e34abdf917e9d\\transformed\\appcompat-resources-1.7.1-runtime.jar;C:\\Users\\pirch\\.gradle\\caches\\9.5.0\\transforms\\4faed9079fd0b89cd317dd2e4d4f9792\\transformed\\appcompat-1.7.1-runtime.jar;C:\\Users\\pirch\\.gradle\\caches\\9.5.0\\transforms\\e6cf0db8b2a054a0ff26b3c939209859\\transformed\\emoji2-views-helper-1.4.0-runtime.jar;C:\\Users\\pirch\\.gradle\\caches\\9.5.0\\transforms\\1863236eeb89557b55687a77f0448aa4\\transformed\\emoji2-1.4.0-runtime.jar;C:\\Users\\pirch\\.gradle\\caches\\9.5.0\\transforms\\811862f7116cb1d1e7ef2ce852b5234e\\transformed\\browser-1.4.0-runtime.jar;C:\\Users\\pirch\\.gradle\\caches\\9.5.0\\transforms\\ef66a2f247fb141ac9506e536171db9b\\transformed\\autofill-1.0.0-runtime.jar;C:\\Users\\pirch\\.gradle\\caches\\9.5.0\\transforms\\88b295b46bc168dfb0e336efa3b54189\\transformed\\adaptive-runtime.jar;C:\\Users\\pirch\\.gradle\\caches\\9.5.0\\transforms\\84ba9589323035f77f93e80b07ee2994\\transformed\\window-core-runtime.jar;C:\\Users\\pirch\\.gradle\\caches\\9.5.0\\transforms\\fc96ca92b880af1d620679f8befe2b59\\transformed\\window-1.5.0-runtime.jar;C:\\Users\\pirch\\.gradle\\caches\\9.5.0\\transforms\\598ece684f939084156a04afe72e3d60\\transformed\\graphics-path-1.0.1-runtime.jar;C:\\Users\\pirch\\.gradle\\caches\\9.5.0\\transforms\\99406fceafbdf0da28072d679f748117\\transformed\\viewpager-1.0.0-runtime.jar;C:\\Users\\pirch\\.gradle\\caches\\9.5.0\\transforms\\cfc1219d065efa4b1c2af42484a1ffba\\transformed\\customview-poolingcontainer-1.0.0-runtime.jar;C:\\Users\\pirch\\.gradle\\caches\\9.5.0\\transforms\\68da5b929687c0a6c172ae5f94e2f62f\\transformed\\lifecycle-viewmodel-2.9.4-runtime.jar;C:\\Users\\pirch\\.gradle\\caches\\9.5.0\\transforms\\001abcb41aaedf7dffe3c17275ca9695\\transformed\\lifecycle-viewmodel-release-runtime.jar;C:\\Users\\pirch\\.gradle\\caches\\9.5.0\\transforms\\868d1bc34a91b3c49d2b007e372683bd\\transformed\\savedstate-ktx-1.3.3-runtime.jar;C:\\Users\\pirch\\.gradle\\caches\\9.5.0\\transforms\\4cad7ee4511808d854671d0c558f8278\\transformed\\savedstate-compose-runtime.jar;C:\\Users\\pirch\\.gradle\\caches\\9.5.0\\transforms\\4c78d05560f6a14be40f255f4e9a1414\\transformed\\savedstate-release-runtime.jar;C:\\Users\\pirch\\.gradle\\caches\\modules-2\\files-2.1\\androidx.lifecycle\\lifecycle-common-jvm\\2.9.4\\ab739bccdb3541983385af169565c7c035d897e7\\lifecycle-common-jvm-2.9.4.jar;C:\\Users\\pirch\\.gradle\\caches\\9.5.0\\transforms\\e7759d1d12fd712458e8c2bb329a45a4\\transformed\\lifecycle-runtime-ktx-runtime.jar;C:\\Users\\pirch\\.gradle\\caches\\9.5.0\\transforms\\76077ba701acbdf0ac19804ed1a9fa02\\transformed\\lifecycle-viewmodel-savedstate-release-runtime.jar;C:\\Users\\pirch\\.gradle\\caches\\9.5.0\\transforms\\4dd64fc75546f12e5a9090a2e1ad260e\\transformed\\core-ktx-1.16.0-runtime.jar;C:\\Users\\pirch\\.gradle\\caches\\9.5.0\\transforms\\d7c1de56d7472e4a8d2670cd378ad815\\transformed\\drawerlayout-1.0.0-runtime.jar;C:\\Users\\pirch\\.gradle\\caches\\9.5.0\\transforms\\17fede34598c0715647c0b04cb1ef996\\transformed\\customview-1.0.0-runtime.jar;C:\\Users\\pirch\\.gradle\\caches\\9.5.0\\transforms\\4416474474baf09365b1442b386c985f\\transformed\\vectordrawable-animated-1.1.0-runtime.jar;C:\\Users\\pirch\\.gradle\\caches\\9.5.0\\transforms\\75fb5b0ed20fecbb563b34cdc66eecce\\transformed\\vectordrawable-1.1.0-runtime.jar;C:\\Users\\pirch\\.gradle\\caches\\9.5.0\\transforms\\c515d3f5d76d2f8af49b79669edd2653\\transformed\\core-1.16.0-runtime.jar;C:\\Users\\pirch\\.gradle\\caches\\9.5.0\\transforms\\5496b0189e777315b8d7390e21674139\\transformed\\lifecycle-runtime-release-runtime.jar;C:\\Users\\pirch\\.gradle\\caches\\9.5.0\\transforms\\42a9743c8b02904f36e36bc7c5a43afa\\transformed\\lifecycle-process-2.9.4-runtime.jar;C:\\Users\\pirch\\.gradle\\caches\\9.5.0\\transforms\\e09482c3abd886d28edf682c03f68e86\\transformed\\lifecycle-viewmodel-ktx-2.9.4-runtime.jar;C:\\Users\\pirch\\.gradle\\caches\\9.5.0\\transforms\\10d977bde8fb538167668c9f2b83346b\\transformed\\lifecycle-service-2.9.4-runtime.jar;C:\\Users\\pirch\\.gradle\\caches\\9.5.0\\transforms\\1ee476540a36ae8f5b097a3d61820484\\transformed\\lifecycle-livedata-core-ktx-2.9.4-runtime.jar;C:\\Users\\pirch\\.gradle\\caches\\9.5.0\\transforms\\a1ab8179680794a4d0ae5cdddd8f0699\\transformed\\lifecycle-livedata-core-2.9.4-runtime.jar;C:\\Users\\pirch\\.gradle\\caches\\9.5.0\\transforms\\73a58b1a1a934e0dc7b47daf5b11fec3\\transformed\\lifecycle-livedata-2.9.4-runtime.jar;C:\\Users\\pirch\\.gradle\\caches\\modules-2\\files-2.1\\androidx.lifecycle\\lifecycle-common-java8\\2.9.4\\86a8e6b9d0ba0c964fdc7223a38b6ce74bcb24dd\\lifecycle-common-java8-2.9.4.jar;C:\\Users\\pirch\\.gradle\\caches\\9.5.0\\transforms\\ecd3018e0ce2fa80541d4bd4cb049f04\\transformed\\lifecycle-runtime-compose-release-runtime.jar;C:\\Users\\pirch\\.gradle\\caches\\9.5.0\\transforms\\39e42855a18f8b871b32d0de2eed64ef\\transformed\\runtime-runtime.jar;C:\\Users\\pirch\\.gradle\\caches\\9.5.0\\transforms\\26bdb6c9c8357a92c999b500154c0d0b\\transformed\\accompanist-drawablepainter-0.37.3-runtime.jar;C:\\Users\\pirch\\.gradle\\caches\\modules-2\\files-2.1\\org.jetbrains.kotlinx\\kotlinx-coroutines-android\\1.10.2\\c8705d275d81f19e8afaf3ff9b5bf7a4b6b6c19b\\kotlinx-coroutines-android-1.10.2.jar;C:\\Users\\pirch\\.gradle\\caches\\modules-2\\files-2.1\\androidx.concurrent\\concurrent-futures-ktx\\1.1.0\\b4c245baf36d1a9e7defaf3be84f7a2ad4e1c797\\concurrent-futures-ktx-1.1.0.jar;C:\\Users\\pirch\\.gradle\\caches\\modules-2\\files-2.1\\org.jetbrains.kotlinx\\kotlinx-coroutines-core-jvm\\1.10.2\\4a9f78ef49483748e2c129f3d124b8fa249dafbf\\kotlinx-coroutines-core-jvm-1.10.2.jar;C:\\Users\\pirch\\.gradle\\caches\\modules-2\\files-2.1\\org.jetbrains.kotlinx\\kotlinx-coroutines-play-services\\1.10.2\\61cc2b7de54f902c76fb2e3649bb1cd890a4a1cc\\kotlinx-coroutines-play-services-1.10.2.jar;C:\\Users\\pirch\\.gradle\\caches\\9.5.0\\transforms\\36fbd033b27921e2dcd0eff22cabaf4d\\transformed\\play-services-tasks-18.4.0-runtime.jar;C:\\Users\\pirch\\.gradle\\caches\\9.5.0\\transforms\\3e93243ca4362cfd2d511efd5cd8b257\\transformed\\firebase-measurement-connector-19.0.0-runtime.jar;C:\\Users\\pirch\\.gradle\\caches\\9.5.0\\transforms\\3b7b2652b3db4df7246ff317d8228741\\transformed\\play-services-basement-18.9.0-runtime.jar;C:\\Users\\pirch\\.gradle\\caches\\9.5.0\\transforms\\ce27ca482d978c2a0b94c3234f9381fc\\transformed\\fragment-1.5.7-runtime.jar;C:\\Users\\pirch\\.gradle\\caches\\9.5.0\\transforms\\0ac828d00c228f437533cce94294c9b7\\transformed\\activity-1.8.2-runtime.jar;C:\\Users\\pirch\\.gradle\\caches\\9.5.0\\transforms\\6266dc9f2f77fe219026768bfe0d8a23\\transformed\\activity-ktx-1.8.2-runtime.jar;C:\\Users\\pirch\\.gradle\\caches\\9.5.0\\transforms\\35bf7e69ee48433936a53433a0675380\\transformed\\activity-compose-1.8.2-runtime.jar;C:\\Users\\pirch\\.gradle\\caches\\9.5.0\\transforms\\6b405317acdbe66633ce22dbb71cb998\\transformed\\material-icons-extended-release-runtime.jar;C:\\Users\\pirch\\.gradle\\caches\\9.5.0\\transforms\\112ba173d9cef5ebe59dacaa6957f0e7\\transformed\\material-icons-core-release-runtime.jar;C:\\Users\\pirch\\.gradle\\caches\\9.5.0\\transforms\\407c7037ecde17ef74d70d1700d61d3b\\transformed\\ui-runtime.jar;C:\\Users\\pirch\\.gradle\\caches\\9.5.0\\transforms\\d388f165853b3b74c8909d516d485d12\\transformed\\foundation-runtime.jar;C:\\Users\\pirch\\.gradle\\caches\\9.5.0\\transforms\\68f8b77d5c62bf246e957c24e08f519f\\transformed\\profileinstaller-1.4.1-runtime.jar;C:\\Users\\pirch\\.gradle\\caches\\9.5.0\\transforms\\fd53ba7094034a9ea3ac06444f9d954c\\transformed\\startup-runtime-1.1.1-runtime.jar;C:\\Users\\pirch\\.gradle\\caches\\9.5.0\\transforms\\0f48a658cc102e0cd8be9c2505bddd88\\transformed\\tracing-1.2.0-runtime.jar;C:\\Users\\pirch\\.gradle\\caches\\9.5.0\\transforms\\5704d0b193afe0b503150e8a2e5c9826\\transformed\\tracing-ktx-1.2.0-runtime.jar;C:\\Users\\pirch\\.gradle\\caches\\modules-2\\files-2.1\\com.squareup.okhttp3\\okhttp\\4.12.0\\2f4525d4a200e97e1b87449c2cd9bd2e25b7e8cd\\okhttp-4.12.0.jar;C:\\Users\\pirch\\.gradle\\caches\\modules-2\\files-2.1\\org.jetbrains.kotlin\\kotlin-stdlib-jdk8\\1.8.21\\67f57e154437cd9e6e9cf368394b95814836ff88\\kotlin-stdlib-jdk8-1.8.21.jar;C:\\Users\\pirch\\.gradle\\caches\\modules-2\\files-2.1\\org.jetbrains.kotlin\\kotlin-stdlib-jdk7\\1.9.0\\f320478990d05e0cfaadd74f9619fd6027adbf37\\kotlin-stdlib-jdk7-1.9.0.jar;C:\\Users\\pirch\\.gradle\\caches\\9.5.0\\transforms\\5f1b81a0458c7a29c276f6cecc0d825b\\transformed\\core-runtime-2.2.0-runtime.jar;C:\\Users\\pirch\\.gradle\\caches\\9.5.0\\transforms\\296bfa3e88da27d836b620a4f46e49ce\\transformed\\localbroadcastmanager-1.0.0-runtime.jar;C:\\Users\\pirch\\.gradle\\caches\\9.5.0\\transforms\\07659ede62c0509a07d38b1767617143\\transformed\\firebase-components-19.0.0-runtime.jar;C:\\Users\\pirch\\.gradle\\caches\\9.5.0\\transforms\\bf06df10a32cb57d6948da8738fbe8c1\\transformed\\firebase-datatransport-18.2.0-runtime.jar;C:\\Users\\pirch\\.gradle\\caches\\9.5.0\\transforms\\06b408d43b75ea42b0efab6d4f21141c\\transformed\\transport-backend-cct-3.1.9-runtime.jar;C:\\Users\\pirch\\.gradle\\caches\\9.5.0\\transforms\\6897724ad8dc2583df69b3463323a8c7\\transformed\\firebase-encoders-json-18.0.0-runtime.jar;C:\\Users\\pirch\\.gradle\\caches\\9.5.0\\transforms\\488c7c5129a15cb0d4f3d4fe0b20a98a\\transformed\\transport-runtime-3.1.9-runtime.jar;C:\\Users\\pirch\\.gradle\\caches\\modules-2\\files-2.1\\com.google.firebase\\firebase-encoders-proto\\16.0.0\\a42d5fd83b96ae7b73a8617d29c94703e18c9992\\firebase-encoders-proto-16.0.0.jar;C:\\Users\\pirch\\.gradle\\caches\\9.5.0\\transforms\\fe734da447df9e5bce8fc69dbdc53093\\transformed\\transport-api-3.1.0-runtime.jar;C:\\Users\\pirch\\.gradle\\caches\\modules-2\\files-2.1\\com.google.firebase\\firebase-encoders\\17.0.0\\26f52dc549c42575b155f8c720e84059ee600a85\\firebase-encoders-17.0.0.jar;C:\\Users\\pirch\\.gradle\\caches\\9.5.0\\transforms\\d0ff09f45299616b233f7a37c1922dfa\\transformed\\interpolator-1.0.0-runtime.jar;C:\\Users\\pirch\\.gradle\\caches\\modules-2\\files-2.1\\androidx.arch.core\\core-common\\2.2.0\\5e1b8b81dfd5f52c56a8d53b18ca759c19a301f3\\core-common-2.2.0.jar;C:\\Users\\pirch\\.gradle\\caches\\9.5.0\\transforms\\19d347fe6835dc72daceeca17c800358\\transformed\\versionedparcelable-1.1.1-runtime.jar;C:\\Users\\pirch\\.gradle\\caches\\modules-2\\files-2.1\\androidx.collection\\collection-ktx\\1.5.0\\27c78a926a16a1bf792b2285cf2834e8caae4a07\\collection-ktx-1.5.0.jar;C:\\Users\\pirch\\.gradle\\caches\\modules-2\\files-2.1\\androidx.collection\\collection-jvm\\1.5.0\\7ba2c69414d46ebc2dd76598bdd0a75c54281a57\\collection-jvm-1.5.0.jar;C:\\Users\\pirch\\.gradle\\caches\\9.5.0\\transforms\\2e633c1ab5c9c12b6eebabbc8b7173d8\\transformed\\sqlite-framework-runtime.jar;C:\\Users\\pirch\\.gradle\\caches\\9.5.0\\transforms\\432a474502eef38dc3addd00e9670fae\\transformed\\sqlite-runtime.jar;C:\\Users\\pirch\\.gradle\\caches\\modules-2\\files-2.1\\androidx.concurrent\\concurrent-futures\\1.1.0\\50b7fb98350d5f42a4e49704b03278542293ba48\\concurrent-futures-1.1.0.jar;C:\\Users\\pirch\\.gradle\\caches\\9.5.0\\transforms\\e8ae4f310198647daf5bcaaca5220208\\transformed\\documentfile-1.0.0-runtime.jar;C:\\Users\\pirch\\.gradle\\caches\\9.5.0\\transforms\\fb0f212f109cff8415d5abd44aaad61c\\transformed\\print-1.0.0-runtime.jar;C:\\Users\\pirch\\.gradle\\caches\\9.5.0\\transforms\\ce013b2f12a946b67a9037ec89a2d31a\\transformed\\exifinterface-1.4.1-runtime.jar;C:\\Users\\pirch\\.gradle\\caches\\9.5.0\\transforms\\b1b0aa5a1888b9723b855814e0242ec2\\transformed\\cursoradapter-1.0.0-runtime.jar;C:\\Users\\pirch\\.gradle\\caches\\modules-2\\files-2.1\\androidx.resourceinspection\\resourceinspection-annotation\\1.0.1\\8c21f8ff5d96d5d52c948707f7e4d6ca6773feef\\resourceinspection-annotation-1.0.1.jar;C:\\Users\\pirch\\.gradle\\caches\\modules-2\\files-2.1\\androidx.annotation\\annotation-jvm\\1.9.1\\b17951747e38bf3986a24431b9ba0d039958aa5f\\annotation-jvm-1.9.1.jar;C:\\Users\\pirch\\.gradle\\caches\\9.5.0\\transforms\\67914f022a08d918ade593b65a791514\\transformed\\core-viewtree-1.0.0-runtime.jar;C:\\Users\\pirch\\.gradle\\caches\\9.5.0\\transforms\\99333aa3bd48cce59568dd0227d60d0a\\transformed\\annotation-experimental-1.5.1-runtime.jar;C:\\Users\\pirch\\.gradle\\caches\\modules-2\\files-2.1\\io.grpc\\grpc-okhttp\\1.62.2\\2d8b802e7fe17c1577527195fd53a2e7355b3541\\grpc-okhttp-1.62.2.jar;C:\\Users\\pirch\\.gradle\\caches\\modules-2\\files-2.1\\com.squareup.okio\\okio-jvm\\3.15.0\\cb3c285187640f543150fcac1ae012bdd778c0e1\\okio-jvm-3.15.0.jar;C:\\Users\\pirch\\.gradle\\caches\\modules-2\\files-2.1\\org.jetbrains.kotlinx\\kotlinx-serialization-core-jvm\\1.7.3\\1f226780b845ff9206474c05159245d861556249\\kotlinx-serialization-core-jvm-1.7.3.jar;C:\\Users\\pirch\\.gradle\\caches\\modules-2\\files-2.1\\org.jetbrains.kotlinx\\kotlinx-serialization-json-jvm\\1.7.3\\6701e8c68d9e82387ce72ee96e8ddf058208d58f\\kotlinx-serialization-json-jvm-1.7.3.jar;C:\\Users\\pirch\\.gradle\\caches\\modules-2\\files-2.1\\org.jetbrains.kotlin\\kotlin-stdlib\\2.2.10\\30de6faa127a4a012db8e71bf1b9c0a99b1402b2\\kotlin-stdlib-2.2.10.jar;C:\\Users\\pirch\\.gradle\\caches\\modules-2\\files-2.1\\org.hamcrest\\hamcrest-core\\1.3\\42a25dc3219429f0e5d060061f71acb49bf010a0\\hamcrest-core-1.3.jar;C:\\Users\\pirch\\.gradle\\caches\\modules-2\\files-2.1\\net.bytebuddy\\byte-buddy\\1.15.4\\e8bd42992701720649765383ff570f415190b83f\\byte-buddy-1.15.4.jar;C:\\Users\\pirch\\.gradle\\caches\\modules-2\\files-2.1\\net.bytebuddy\\byte-buddy-agent\\1.15.4\\58e850dde88f3cf20f41f659440bef33f6c4fe02\\byte-buddy-agent-1.15.4.jar;C:\\Users\\pirch\\.gradle\\caches\\modules-2\\files-2.1\\org.objenesis\\objenesis\\3.3\\1049c09f1de4331e8193e579448d0916d75b7631\\objenesis-3.3.jar;C:\\Users\\pirch\\.gradle\\caches\\modules-2\\files-2.1\\org.jetbrains\\annotations\\23.0.0\\8cc20c07506ec18e0834947b84a864bfc094484e\\annotations-23.0.0.jar;C:\\Users\\pirch\\.gradle\\caches\\modules-2\\files-2.1\\org.jspecify\\jspecify\\1.0.0\\7425a601c1c7ec76645a78d22b8c6a627edee507\\jspecify-1.0.0.jar;C:\\Users\\pirch\\.gradle\\caches\\9.5.0\\transforms\\3a6f85ac327755b84bc2db7e02e84ef4\\transformed\\grpc-android-1.62.2-runtime.jar;C:\\Users\\pirch\\.gradle\\caches\\modules-2\\files-2.1\\io.grpc\\grpc-protobuf-lite\\1.62.2\\9d807d2a0e34bd7284a5336186f57cf241090920\\grpc-protobuf-lite-1.62.2.jar;C:\\Users\\pirch\\.gradle\\caches\\modules-2\\files-2.1\\io.grpc\\grpc-stub\\1.62.2\\fc1e85697502d96d6c912e8dd2a56f46f1aba050\\grpc-stub-1.62.2.jar;C:\\Users\\pirch\\.gradle\\caches\\modules-2\\files-2.1\\io.grpc\\grpc-util\\1.62.2\\98c4138f09fb57c3ad6cbeffb31ed73e302038f7\\grpc-util-1.62.2.jar;C:\\Users\\pirch\\.gradle\\caches\\modules-2\\files-2.1\\io.grpc\\grpc-core\\1.62.2\\5808049a5e33eba6f248a68d58e75399a68f2784\\grpc-core-1.62.2.jar;C:\\Users\\pirch\\.gradle\\caches\\modules-2\\files-2.1\\io.grpc\\grpc-context\\1.62.2\\69e86c35140b3b1718d65635bb54ccecc4c12f14\\grpc-context-1.62.2.jar;C:\\Users\\pirch\\.gradle\\caches\\modules-2\\files-2.1\\io.grpc\\grpc-api\\1.62.2\\a93b6ee3761d48edd9a9279f20a58be1a245ad01\\grpc-api-1.62.2.jar;C:\\Users\\pirch\\.gradle\\caches\\modules-2\\files-2.1\\com.google.guava\\guava\\32.1.3-android\\ea090dd85ca2fa12d42d054369df888665230dd7\\guava-32.1.3-android.jar;C:\\Users\\pirch\\.gradle\\caches\\modules-2\\files-2.1\\com.google.guava\\listenablefuture\\9999.0-empty-to-avoid-conflict-with-guava\\b421526c5f297295adef1c886e5246c39d4ac629\\listenablefuture-9999.0-empty-to-avoid-conflict-with-guava.jar;C:\\Users\\pirch\\.gradle\\caches\\modules-2\\files-2.1\\com.google.firebase\\firebase-annotations\\17.0.0\\fd04a6accd970e0fcf9baf2424abe2926e00d0e2\\firebase-annotations-17.0.0.jar;C:\\Users\\pirch\\.gradle\\caches\\9.5.0\\transforms\\cd07e86b088884d0aa3cb23ee48d3454\\transformed\\protolite-well-known-types-18.0.1-runtime.jar;C:\\Users\\pirch\\.gradle\\caches\\modules-2\\files-2.1\\com.google.re2j\\re2j\\1.6\\a13e879fd7971738d06020fefeb108cc14e14169\\re2j-1.6.jar;C:\\Users\\pirch\\.gradle\\caches\\modules-2\\files-2.1\\com.google.errorprone\\error_prone_annotations\\2.26.0\\c513866fd91bb46587500440a80fa943e95d12d9\\error_prone_annotations-2.26.0.jar;C:\\Users\\pirch\\.gradle\\caches\\9.5.0\\transforms\\0649ed46de6c0821c31e288fe1932672\\transformed\\core-common-2.0.3-runtime.jar;C:\\Users\\pirch\\.gradle\\caches\\modules-2\\files-2.1\\javax.inject\\javax.inject\\1\\6975da39a7040257bd51d21a231b76c915872d38\\javax.inject-1.jar;C:\\Users\\pirch\\.gradle\\caches\\modules-2\\files-2.1\\com.google.protobuf\\protobuf-javalite\\3.25.5\\272641fe157ed7c4a22f8d4c347bcd7f6eac8887\\protobuf-javalite-3.25.5.jar;C:\\Users\\pirch\\.gradle\\caches\\modules-2\\files-2.1\\io.perfmark\\perfmark-api\\0.26.0\\ef65452adaf20bf7d12ef55913aba24037b82738\\perfmark-api-0.26.0.jar;C:\\Users\\pirch\\.gradle\\caches\\modules-2\\files-2.1\\com.google.code.findbugs\\jsr305\\3.0.2\\25ea2e8b0c338a877313bd4672d3fe056ea78f0d\\jsr305-3.0.2.jar;C:\\Users\\pirch\\.gradle\\caches\\modules-2\\files-2.1\\com.google.code.gson\\gson\\2.10.1\\b3add478d4382b78ea20b1671390a858002feb6c\\gson-2.10.1.jar;C:\\Users\\pirch\\.gradle\\caches\\modules-2\\files-2.1\\com.google.android\\annotations\\4.1.1.4\\a1678ba907bf92691d879fef34e1a187038f9259\\annotations-4.1.1.4.jar;C:\\Users\\pirch\\.gradle\\caches\\modules-2\\files-2.1\\org.codehaus.mojo\\animal-sniffer-annotations\\1.23\\3c0daebd5f0e1ce72cc50c818321ac957aeb5d70\\animal-sniffer-annotations-1.23.jar;C:\\Users\\pirch\\.gradle\\caches\\modules-2\\files-2.1\\com.google.guava\\failureaccess\\1.0.1\\1dcf1de382a0bf95a3d8b0849546c88bac1292c9\\failureaccess-1.0.1.jar;C:\\Users\\pirch\\.gradle\\caches\\modules-2\\files-2.1\\org.checkerframework\\checker-qual\\3.37.0\\ba74746d38026581c12166e164bb3c15e90cc4ea\\checker-qual-3.37.0.jar;C:\\Users\\pirch\\AndroidStudioProjects\\Affirmity\\app\\build\\intermediates\\java_res\\debug\\processDebugJavaRes\\out;C:\\Users\\pirch\\.gradle\\caches\\9.5.0\\transforms\\58d5fcb469e23579976548076c8c16f2\\transformed\\core-splashscreen-1.0.1\\jars\\classes.jar;C:\\Users\\pirch\\.gradle\\caches\\9.5.0\\transforms\\125f130b3f81b73e2c149a5b702abf5b\\transformed\\glance-appwidget-1.1.1\\jars\\classes.jar;C:\\Users\\pirch\\.gradle\\caches\\9.5.0\\transforms\\d450aeeb605445c8fa9d6cb83803fd8c\\transformed\\glance-1.1.1\\jars\\classes.jar;C:\\Users\\pirch\\.gradle\\caches\\9.5.0\\transforms\\ac4a3b30792071af0690d4589b889568\\transformed\\work-runtime-ktx-2.11.2\\jars\\classes.jar;C:\\Users\\pirch\\.gradle\\caches\\9.5.0\\transforms\\ca2d9448ea695d8f44daa52428917442\\transformed\\work-runtime-2.11.2\\jars\\classes.jar;C:\\Users\\pirch\\.gradle\\caches\\9.5.0\\transforms\\a6e78c8af13c7ce0f5ef0f45d213f7a4\\transformed\\room-runtime\\jars\\classes.jar;C:\\Users\\pirch\\.gradle\\caches\\9.5.0\\transforms\\42700d3b791ca426956bbf225ffc1a6b\\transformed\\room-ktx-2.8.4\\jars\\classes.jar;C:\\Users\\pirch\\.gradle\\caches\\9.5.0\\transforms\\b81d5714a208594277b3e53d164eb324\\transformed\\firebase-auth-24.2.0\\jars\\classes.jar;C:\\Users\\pirch\\.gradle\\caches\\9.5.0\\transforms\\7d0a400ded3178eafc3b3a52f9ffd65f\\transformed\\credentials-play-services-auth-1.5.0\\jars\\classes.jar;C:\\Users\\pirch\\.gradle\\caches\\9.5.0\\transforms\\6451823541971d82b9e09902b7ade22a\\transformed\\googleid-1.1.1\\jars\\classes.jar;C:\\Users\\pirch\\.gradle\\caches\\9.5.0\\transforms\\44caed280a5d800958df40ddb5075677\\transformed\\credentials-1.5.0\\jars\\classes.jar;C:\\Users\\pirch\\.gradle\\caches\\9.5.0\\transforms\\2459b80d4d75ece7037c9d0033460a22\\transformed\\firebase-firestore-26.4.1\\jars\\classes.jar;C:\\Users\\pirch\\.gradle\\caches\\9.5.0\\transforms\\d9b7e34930b452820db903c92e98c727\\transformed\\firebase-messaging-25.1.1\\jars\\classes.jar;C:\\Users\\pirch\\.gradle\\caches\\9.5.0\\transforms\\5e88a0e1e54ee4d76f9f7cd89731a399\\transformed\\firebase-auth-interop-20.0.0\\jars\\classes.jar;C:\\Users\\pirch\\.gradle\\caches\\9.5.0\\transforms\\fd2307c6da7172c54ca19529fb3e750f\\transformed\\firebase-installations-19.1.2\\jars\\classes.jar;C:\\Users\\pirch\\.gradle\\caches\\9.5.0\\transforms\\7ded7343fc5f8f4a1ca874a0c9bb21da\\transformed\\firebase-common-22.1.0\\jars\\classes.jar;C:\\Users\\pirch\\.gradle\\caches\\9.5.0\\transforms\\57d5037c37d64278a37a4d96fca88e46\\transformed\\datastore-core\\jars\\classes.jar;C:\\Users\\pirch\\.gradle\\caches\\9.5.0\\transforms\\2a3b197308f816e8dd8743fb02740d3f\\transformed\\datastore-preferences-core\\jars\\classes.jar;C:\\Users\\pirch\\.gradle\\caches\\9.5.0\\transforms\\464fba3fe60503fa4bd14e0c6418f9ed\\transformed\\datastore\\jars\\classes.jar;C:\\Users\\pirch\\.gradle\\caches\\9.5.0\\transforms\\556c2a777b8f7c8e20a22e481e377918\\transformed\\datastore-preferences\\jars\\classes.jar;C:\\Users\\pirch\\.gradle\\caches\\9.5.0\\transforms\\0f4a9e2b8b03cea5a8975862d8bf496a\\transformed\\core-remoteviews-1.1.0\\jars\\classes.jar;C:\\Users\\pirch\\.gradle\\caches\\9.5.0\\transforms\\c86d84b744ca48a159a91f6e2cd944cc\\transformed\\play-services-auth-blockstore-16.4.0\\jars\\classes.jar;C:\\Users\\pirch\\.gradle\\caches\\9.5.0\\transforms\\b94b7ee3bb58c4ed921591291424bb2b\\transformed\\play-services-identity-credentials-16.0.0-alpha02\\jars\\classes.jar;C:\\Users\\pirch\\.gradle\\caches\\9.5.0\\transforms\\6e5d0b6c2c2464299e0f6f0f1c2709cc\\transformed\\coil-compose-release\\jars\\classes.jar;C:\\Users\\pirch\\.gradle\\caches\\9.5.0\\transforms\\f27c1906600dfc7757573a01d5e9a23a\\transformed\\material3-adaptive-navigation-suite\\jars\\classes.jar;C:\\Users\\pirch\\.gradle\\caches\\9.5.0\\transforms\\b6aa58a919a3383601efeb5ec1d4d52f\\transformed\\material3\\jars\\classes.jar;C:\\Users\\pirch\\.gradle\\caches\\9.5.0\\transforms\\3fe77e3bbafa38c7973e0c6dfafc3293\\transformed\\material\\jars\\classes.jar;C:\\Users\\pirch\\.gradle\\caches\\9.5.0\\transforms\\71c927dfe8381e9c2646d238a50cc06e\\transformed\\coil-compose-core-release\\jars\\classes.jar;C:\\Users\\pirch\\.gradle\\caches\\9.5.0\\transforms\\9da3c3d16fbb30f296f10400431fc1a5\\transformed\\animation-core\\jars\\classes.jar;C:\\Users\\pirch\\.gradle\\caches\\9.5.0\\transforms\\ca796400ae9a58078251586c1cd20149\\transformed\\material-ripple\\jars\\classes.jar;C:\\Users\\pirch\\.gradle\\caches\\9.5.0\\transforms\\8ed0099d2f2217f57b9222c4e1ca65ff\\transformed\\animation\\jars\\classes.jar;C:\\Users\\pirch\\.gradle\\caches\\9.5.0\\transforms\\b9b044305b95b04b282bf9161d5e2344\\transformed\\foundation-layout\\jars\\classes.jar;C:\\Users\\pirch\\.gradle\\caches\\9.5.0\\transforms\\ec4327c8492381fdb134bc3288512c56\\transformed\\ui-tooling-data\\jars\\classes.jar;C:\\Users\\pirch\\.gradle\\caches\\9.5.0\\transforms\\2d370c423c956d1b5880367e4b757be0\\transformed\\ui-geometry\\jars\\classes.jar;C:\\Users\\pirch\\.gradle\\caches\\9.5.0\\transforms\\d2475af0c1ec2634046415dd8f1caa4c\\transformed\\ui-util\\jars\\classes.jar;C:\\Users\\pirch\\.gradle\\caches\\9.5.0\\transforms\\939348c37cadd68d1262334a598e3b44\\transformed\\ui-text\\jars\\classes.jar;C:\\Users\\pirch\\.gradle\\caches\\9.5.0\\transforms\\0117ddbfba2285d6546d1dd96a4af81a\\transformed\\ui-unit\\jars\\classes.jar;C:\\Users\\pirch\\.gradle\\caches\\9.5.0\\transforms\\792ee10b9ef330045eff230c0d710be6\\transformed\\ui-tooling-preview\\jars\\classes.jar;C:\\Users\\pirch\\.gradle\\caches\\9.5.0\\transforms\\cd1a96710fc4d58ab73a996e374d74ac\\transformed\\ui-tooling\\jars\\classes.jar;C:\\Users\\pirch\\.gradle\\caches\\9.5.0\\transforms\\1c17aa186c85f8eb8593c909786fb7bb\\transformed\\ui-graphics\\jars\\classes.jar;C:\\Users\\pirch\\.gradle\\caches\\9.5.0\\transforms\\cce91990bb28afca51411a887c9314af\\transformed\\ui-test-manifest-1.10.0\\jars\\classes.jar;C:\\Users\\pirch\\.gradle\\caches\\9.5.0\\transforms\\57ee02fc73f5b2401c97a3ce439c20f8\\transformed\\biometric-1.1.0\\jars\\classes.jar;C:\\Users\\pirch\\.gradle\\caches\\9.5.0\\transforms\\8f52c3512e986d845fbf2ee331a069c6\\transformed\\play-services-auth-21.1.1\\jars\\classes.jar;C:\\Users\\pirch\\.gradle\\caches\\9.5.0\\transforms\\f87b85ae22a3044aa8e39dabd5b4ee54\\transformed\\play-services-fido-21.0.0\\jars\\classes.jar;C:\\Users\\pirch\\.gradle\\caches\\9.5.0\\transforms\\043d84a386e6f79e843923bc90825f9f\\transformed\\play-services-auth-api-phone-18.0.2\\jars\\classes.jar;C:\\Users\\pirch\\.gradle\\caches\\9.5.0\\transforms\\3509886342570a1872f749ac99c2cc74\\transformed\\recaptcha-18.6.1\\jars\\classes.jar;C:\\Users\\pirch\\.gradle\\caches\\9.5.0\\transforms\\2f48aa6cbb1eb1982c780f97fea0270b\\transformed\\integrity-1.3.0\\jars\\classes.jar;C:\\Users\\pirch\\.gradle\\caches\\9.5.0\\transforms\\a7539a28d9d839fc0ebd74cb7cca8afa\\transformed\\firebase-appcheck-interop-17.0.0\\jars\\classes.jar;C:\\Users\\pirch\\.gradle\\caches\\9.5.0\\transforms\\9b3ba714745c4e7bd50e9416b9584d50\\transformed\\firebase-database-collection-18.0.1\\jars\\classes.jar;C:\\Users\\pirch\\.gradle\\caches\\9.5.0\\transforms\\21e1d3ddb2ebc2a247e24712a5b2fef8\\transformed\\play-services-cloud-messaging-17.4.0\\jars\\classes.jar;C:\\Users\\pirch\\.gradle\\caches\\9.5.0\\transforms\\3282faa576407d330d7af6dce9c387a4\\transformed\\play-services-auth-base-18.0.10\\jars\\classes.jar;C:\\Users\\pirch\\.gradle\\caches\\9.5.0\\transforms\\bf30c73fd0f0a13d809e969bc6ec04c5\\transformed\\play-services-base-18.9.0\\jars\\classes.jar;C:\\Users\\pirch\\.gradle\\caches\\9.5.0\\transforms\\2e1fc389dbca244465755983a5758faa\\transformed\\firebase-iid-interop-17.1.0\\jars\\classes.jar;C:\\Users\\pirch\\.gradle\\caches\\9.5.0\\transforms\\c1c0ecf408944b31d12fe3cbe2578b88\\transformed\\firebase-installations-interop-17.3.0\\jars\\classes.jar;C:\\Users\\pirch\\.gradle\\caches\\9.5.0\\transforms\\03f7ac519a42bff2c748983d9a21f6ed\\transformed\\runtime-annotation\\jars\\classes.jar;C:\\Users\\pirch\\.gradle\\caches\\9.5.0\\transforms\\9239ffe33009ea7c6cac9792695f6d4a\\transformed\\runtime-retain\\jars\\classes.jar;C:\\Users\\pirch\\.gradle\\caches\\9.5.0\\transforms\\dabbf3538645c4431199f5557b710aa4\\transformed\\runtime-saveable\\jars\\classes.jar;C:\\Users\\pirch\\.gradle\\caches\\9.5.0\\transforms\\4b2950708335b2a203461ef83480e27b\\transformed\\play-services-stats-17.0.2\\jars\\classes.jar;C:\\Users\\pirch\\.gradle\\caches\\9.5.0\\transforms\\6cbd90deae391ad1fec20c2b3ffaaf5a\\transformed\\transition-1.6.0\\jars\\classes.jar;C:\\Users\\pirch\\.gradle\\caches\\9.5.0\\transforms\\15b9c3ad49198330fb693857325bed37\\transformed\\dynamicanimation-1.0.0\\jars\\classes.jar;C:\\Users\\pirch\\.gradle\\caches\\9.5.0\\transforms\\14aae2542154b172b0b36ca51ec00857\\transformed\\legacy-support-core-utils-1.0.0\\jars\\classes.jar;C:\\Users\\pirch\\.gradle\\caches\\9.5.0\\transforms\\7e7a72636a2aaff01426da0932084511\\transformed\\loader-1.0.0\\jars\\classes.jar;C:\\Users\\pirch\\.gradle\\caches\\9.5.0\\transforms\\5b074e2e71cede176e98d36de398e88e\\transformed\\coil-release\\jars\\classes.jar;C:\\Users\\pirch\\.gradle\\caches\\9.5.0\\transforms\\987713d41b26487ea2f5ef755844fe7a\\transformed\\coil-network-core-release\\jars\\classes.jar;C:\\Users\\pirch\\.gradle\\caches\\9.5.0\\transforms\\4959ca50a032b7984ef50999cff8e8ae\\transformed\\coil-core-release\\jars\\classes.jar;C:\\Users\\pirch\\.gradle\\caches\\9.5.0\\transforms\\3ad07dc22dbd8ae42cce4be4e4de572d\\transformed\\appcompat-resources-1.7.1\\jars\\classes.jar;C:\\Users\\pirch\\.gradle\\caches\\9.5.0\\transforms\\f067e50aa3d6cbb71a20d0890cfb7ffc\\transformed\\appcompat-1.7.1\\jars\\classes.jar;C:\\Users\\pirch\\.gradle\\caches\\9.5.0\\transforms\\c915e8e8d925e864b7dd2f1ac58ad7be\\transformed\\emoji2-views-helper-1.4.0\\jars\\classes.jar;C:\\Users\\pirch\\.gradle\\caches\\9.5.0\\transforms\\c9f84293b66d9fdd2664bef7bc892ad1\\transformed\\emoji2-1.4.0\\jars\\classes.jar;C:\\Users\\pirch\\.gradle\\caches\\9.5.0\\transforms\\c9f84293b66d9fdd2664bef7bc892ad1\\transformed\\emoji2-1.4.0\\jars\\libs\\repackaged.jar;C:\\Users\\pirch\\.gradle\\caches\\9.5.0\\transforms\\c42e579d6bac7c9cb7b3c2636862a2ea\\transformed\\browser-1.4.0\\jars\\classes.jar;C:\\Users\\pirch\\.gradle\\caches\\9.5.0\\transforms\\55a4277322517a00e97a59cc9c807bfd\\transformed\\autofill-1.0.0\\jars\\classes.jar;C:\\Users\\pirch\\.gradle\\caches\\9.5.0\\transforms\\0460eefe488454f9c6fbe71f14974cf5\\transformed\\adaptive\\jars\\classes.jar;C:\\Users\\pirch\\.gradle\\caches\\9.5.0\\transforms\\c0acc322c4b85d0b45e91833ac222713\\transformed\\window-core\\jars\\classes.jar;C:\\Users\\pirch\\.gradle\\caches\\9.5.0\\transforms\\50659046d863c45b363e566fbcb7c8bf\\transformed\\window-1.5.0\\jars\\classes.jar;C:\\Users\\pirch\\.gradle\\caches\\9.5.0\\transforms\\7461efcd896d18633e4f02a32c436d31\\transformed\\graphics-path-1.0.1\\jars\\classes.jar;C:\\Users\\pirch\\.gradle\\caches\\9.5.0\\transforms\\550b9fc19689d4a7bf0cf64276aa0767\\transformed\\viewpager-1.0.0\\jars\\classes.jar;C:\\Users\\pirch\\.gradle\\caches\\9.5.0\\transforms\\bd5e48e33f6ee767c78a950f74c5c116\\transformed\\customview-poolingcontainer-1.0.0\\jars\\classes.jar;C:\\Users\\pirch\\.gradle\\caches\\9.5.0\\transforms\\a2ce5bd926578f60ed58af306f0b2322\\transformed\\lifecycle-viewmodel-2.9.4\\jars\\classes.jar;C:\\Users\\pirch\\.gradle\\caches\\9.5.0\\transforms\\95b0d27923c9aa1f39687f8307b6c8bc\\transformed\\lifecycle-viewmodel-release\\jars\\classes.jar;C:\\Users\\pirch\\.gradle\\caches\\9.5.0\\transforms\\b8ad9c98048bcb4c53ac69730c3e8035\\transformed\\savedstate-ktx-1.3.3\\jars\\classes.jar;C:\\Users\\pirch\\.gradle\\caches\\9.5.0\\transforms\\6e48e4fe07ef48436871f26770dcd62f\\transformed\\savedstate-compose\\jars\\classes.jar;C:\\Users\\pirch\\.gradle\\caches\\9.5.0\\transforms\\5450a0ce3b49a3115a1941c6530b5f56\\transformed\\savedstate-release\\jars\\classes.jar;C:\\Users\\pirch\\.gradle\\caches\\9.5.0\\transforms\\b150ef0eaa667282ed72b6a2f30faf93\\transformed\\lifecycle-runtime-ktx\\jars\\classes.jar;C:\\Users\\pirch\\.gradle\\caches\\9.5.0\\transforms\\e450e8e3e6fce716578dca8fa35411a5\\transformed\\lifecycle-viewmodel-savedstate-release\\jars\\classes.jar;C:\\Users\\pirch\\.gradle\\caches\\9.5.0\\transforms\\f130c3375b1ab6c7eb38bf5318e4f852\\transformed\\core-ktx-1.16.0\\jars\\classes.jar;C:\\Users\\pirch\\.gradle\\caches\\9.5.0\\transforms\\270c7f7ab983733ab1c279cb010d84ea\\transformed\\drawerlayout-1.0.0\\jars\\classes.jar;C:\\Users\\pirch\\.gradle\\caches\\9.5.0\\transforms\\c4415ca85cea989876b651d8eafa0932\\transformed\\customview-1.0.0\\jars\\classes.jar;C:\\Users\\pirch\\.gradle\\caches\\9.5.0\\transforms\\e83fe31b8fa6d4fc7815a3e2370e2358\\transformed\\vectordrawable-animated-1.1.0\\jars\\classes.jar;C:\\Users\\pirch\\.gradle\\caches\\9.5.0\\transforms\\05a9c9662a2411856372a073b7db7e96\\transformed\\vectordrawable-1.1.0\\jars\\classes.jar;C:\\Users\\pirch\\.gradle\\caches\\9.5.0\\transforms\\ff1bf5cdd2aeb80822ac8eda7199a85a\\transformed\\core-1.16.0\\jars\\classes.jar;C:\\Users\\pirch\\.gradle\\caches\\9.5.0\\transforms\\0e56c068a5fbaeeee23bd87166f25077\\transformed\\lifecycle-runtime-release\\jars\\classes.jar;C:\\Users\\pirch\\.gradle\\caches\\9.5.0\\transforms\\9ac6895be9656dffbd460afe0e483473\\transformed\\lifecycle-process-2.9.4\\jars\\classes.jar;C:\\Users\\pirch\\.gradle\\caches\\9.5.0\\transforms\\fb47221ec0f19da1d7b15540aedffccd\\transformed\\lifecycle-viewmodel-ktx-2.9.4\\jars\\classes.jar;C:\\Users\\pirch\\.gradle\\caches\\9.5.0\\transforms\\bd94da77bacfaae973de0702590aa78d\\transformed\\lifecycle-service-2.9.4\\jars\\classes.jar;C:\\Users\\pirch\\.gradle\\caches\\9.5.0\\transforms\\a8f83aef8ac067ef5ed007be0f52fbf4\\transformed\\lifecycle-livedata-core-ktx-2.9.4\\jars\\classes.jar;C:\\Users\\pirch\\.gradle\\caches\\9.5.0\\transforms\\dc1e752dcd0c1e13845105faaa2ccdbf\\transformed\\lifecycle-livedata-core-2.9.4\\jars\\classes.jar;C:\\Users\\pirch\\.gradle\\caches\\9.5.0\\transforms\\9283d14bf9bc858af182de852881d91e\\transformed\\lifecycle-livedata-2.9.4\\jars\\classes.jar;C:\\Users\\pirch\\.gradle\\caches\\9.5.0\\transforms\\25d4d09ce6809c9563415a9e8201646c\\transformed\\lifecycle-runtime-compose-release\\jars\\classes.jar;C:\\Users\\pirch\\.gradle\\caches\\9.5.0\\transforms\\dd094d3688dce07d275e9cec57995aa7\\transformed\\runtime\\jars\\classes.jar;C:\\Users\\pirch\\.gradle\\caches\\9.5.0\\transforms\\cb245903894efcf26b4958df093fd2b5\\transformed\\accompanist-drawablepainter-0.37.3\\jars\\classes.jar;C:\\Users\\pirch\\.gradle\\caches\\9.5.0\\transforms\\002e2323ab8c9699dd65630102674ec7\\transformed\\play-services-tasks-18.4.0\\jars\\classes.jar;C:\\Users\\pirch\\.gradle\\caches\\9.5.0\\transforms\\aa7ccb2007bdd7fa9247b0f37337d8bb\\transformed\\firebase-measurement-connector-19.0.0\\jars\\classes.jar;C:\\Users\\pirch\\.gradle\\caches\\9.5.0\\transforms\\b08c0b8eb748be0c38e0f58206e4b849\\transformed\\play-services-basement-18.9.0\\jars\\classes.jar;C:\\Users\\pirch\\.gradle\\caches\\9.5.0\\transforms\\e660130f482670064298bdbe66af4f4a\\transformed\\fragment-1.5.7\\jars\\classes.jar;C:\\Users\\pirch\\.gradle\\caches\\9.5.0\\transforms\\416eb244172969e0337422f8bdb91d63\\transformed\\activity-1.8.2\\jars\\classes.jar;C:\\Users\\pirch\\.gradle\\caches\\9.5.0\\transforms\\a63dfa728ed9e1953fb47b8a57aedaee\\transformed\\activity-ktx-1.8.2\\jars\\classes.jar;C:\\Users\\pirch\\.gradle\\caches\\9.5.0\\transforms\\f6338d5ef21b577a2afe4772c58e7c76\\transformed\\activity-compose-1.8.2\\jars\\classes.jar;C:\\Users\\pirch\\.gradle\\caches\\9.5.0\\transforms\\b21043cf2bffaf1033d1be34c9d47271\\transformed\\material-icons-extended-release\\jars\\classes.jar;C:\\Users\\pirch\\.gradle\\caches\\9.5.0\\transforms\\c60097d954711356db415f44a2d545b3\\transformed\\material-icons-core-release\\jars\\classes.jar;C:\\Users\\pirch\\.gradle\\caches\\9.5.0\\transforms\\32d88572a42e12511d153a5cc776ae75\\transformed\\ui\\jars\\classes.jar;C:\\Users\\pirch\\.gradle\\caches\\9.5.0\\transforms\\770e2a0f0928ba0e56a2b4cacefa6a9c\\transformed\\foundation\\jars\\classes.jar;C:\\Users\\pirch\\.gradle\\caches\\9.5.0\\transforms\\3c4b8b4a040335e8e80d737e20a0c6ed\\transformed\\profileinstaller-1.4.1\\jars\\classes.jar;C:\\Users\\pirch\\.gradle\\caches\\9.5.0\\transforms\\9d94a7395ca93e0cf376fee6836b4d9f\\transformed\\startup-runtime-1.1.1\\jars\\classes.jar;C:\\Users\\pirch\\.gradle\\caches\\9.5.0\\transforms\\c9501026dfe408d873f4d6aced7ba55d\\transformed\\tracing-1.2.0\\jars\\classes.jar;C:\\Users\\pirch\\.gradle\\caches\\9.5.0\\transforms\\15bbdfbe17a9318af5325fc59cb1892e\\transformed\\tracing-ktx-1.2.0\\jars\\classes.jar;C:\\Users\\pirch\\.gradle\\caches\\9.5.0\\transforms\\a1084394f3fff9e96a8c70beedbebc15\\transformed\\core-runtime-2.2.0\\jars\\classes.jar;C:\\Users\\pirch\\.gradle\\caches\\9.5.0\\transforms\\668fde5f5b9779c3e449c9c97b0b99c0\\transformed\\localbroadcastmanager-1.0.0\\jars\\classes.jar;C:\\Users\\pirch\\.gradle\\caches\\9.5.0\\transforms\\02df0cb9101b8b8c42d91fbbe6e62823\\transformed\\firebase-components-19.0.0\\jars\\classes.jar;C:\\Users\\pirch\\.gradle\\caches\\9.5.0\\transforms\\4e2612bb4111a606cf4895857de4798a\\transformed\\firebase-datatransport-18.2.0\\jars\\classes.jar;C:\\Users\\pirch\\.gradle\\caches\\9.5.0\\transforms\\a1d0c9dda5e937202c12ff2aac8f57c0\\transformed\\transport-backend-cct-3.1.9\\jars\\classes.jar;C:\\Users\\pirch\\.gradle\\caches\\9.5.0\\transforms\\ea34c352fafea3d7b81f89219e81a4a3\\transformed\\firebase-encoders-json-18.0.0\\jars\\classes.jar;C:\\Users\\pirch\\.gradle\\caches\\9.5.0\\transforms\\89cf3f0b573c62a17ec98535c4fed710\\transformed\\transport-runtime-3.1.9\\jars\\classes.jar;C:\\Users\\pirch\\.gradle\\caches\\9.5.0\\transforms\\4a886dc02c20cd6f68e95aabf203fb6c\\transformed\\transport-api-3.1.0\\jars\\classes.jar;C:\\Users\\pirch\\.gradle\\caches\\9.5.0\\transforms\\060f6f285620e006dd060b2a10fe1919\\transformed\\interpolator-1.0.0\\jars\\classes.jar;C:\\Users\\pirch\\.gradle\\caches\\9.5.0\\transforms\\1da4728c0c4cddb81d8cd404fc76dd0e\\transformed\\versionedparcelable-1.1.1\\jars\\classes.jar;C:\\Users\\pirch\\.gradle\\caches\\9.5.0\\transforms\\d143ba7d9679c0916292a8397344758f\\transformed\\sqlite-framework\\jars\\classes.jar;C:\\Users\\pirch\\.gradle\\caches\\9.5.0\\transforms\\124484dbb4c2927b274afbb154ef025b\\transformed\\sqlite\\jars\\classes.jar;C:\\Users\\pirch\\.gradle\\caches\\9.5.0\\transforms\\4ad29ddcacc4afbe58b7587d10004a63\\transformed\\documentfile-1.0.0\\jars\\classes.jar;C:\\Users\\pirch\\.gradle\\caches\\9.5.0\\transforms\\fba89b1353a89e1113211cf2292fce73\\transformed\\print-1.0.0\\jars\\classes.jar;C:\\Users\\pirch\\.gradle\\caches\\9.5.0\\transforms\\b88c4a7beac77951dc79fb8b64659605\\transformed\\exifinterface-1.4.1\\jars\\classes.jar;C:\\Users\\pirch\\.gradle\\caches\\9.5.0\\transforms\\25ab8324eea73ea43e6a1a1cc6ab6444\\transformed\\cursoradapter-1.0.0\\jars\\classes.jar;C:\\Users\\pirch\\.gradle\\caches\\9.5.0\\transforms\\2b62232049d96ae413c6409c72069eea\\transformed\\core-viewtree-1.0.0\\jars\\classes.jar;C:\\Users\\pirch\\.gradle\\caches\\9.5.0\\transforms\\4ac93242f9a4c919ea4443448b0e15e3\\transformed\\annotation-experimental-1.5.1\\jars\\classes.jar;C:\\Users\\pirch\\.gradle\\caches\\9.5.0\\transforms\\8b4d53ac99bdbc069d608bddf72a19ed\\transformed\\grpc-android-1.62.2\\jars\\classes.jar;C:\\Users\\pirch\\.gradle\\caches\\9.5.0\\transforms\\dac46ae8cc379d206ce6a083afe4179c\\transformed\\protolite-well-known-types-18.0.1\\jars\\classes.jar;C:\\Users\\pirch\\.gradle\\caches\\9.5.0\\transforms\\7d85caa2fbd411dadacd09a462bc5909\\transformed\\core-common-2.0.3\\jars\\classes.jar;C:\\Users\\pirch\\AndroidStudioProjects\\Affirmity\\app\\build\\intermediates\\compile_and_runtime_r_class_jar\\debug\\processDebugResources\\R.jar;C:\\Users\\pirch\\.gradle\\caches\\9.5.0\\transforms\\3636f89500984951c4f2c64c34592d0c\\transformed\\android.jar
Launcher Type: SUN_STANDARD

[Global flags]
     intx CICompilerCount                          = 12                                        {product} {ergonomic}
     uint ConcGCThreads                            = 3                                         {product} {ergonomic}
     uint G1ConcRefinementThreads                  = 13                                        {product} {ergonomic}
   size_t G1HeapRegionSize                         = 1048576                                   {product} {ergonomic}
    uintx GCDrainStackTargetSize                   = 64                                        {product} {ergonomic}
   size_t InitialHeapSize                          = 392167424                                 {product} {ergonomic}
   size_t MarkStackSize                            = 4194304                                   {product} {ergonomic}
   size_t MaxHeapSize                              = 536870912                                 {product} {command line}
   size_t MaxNewSize                               = 321912832                                 {product} {ergonomic}
   size_t MinHeapDeltaBytes                        = 1048576                                   {product} {ergonomic}
   size_t MinHeapSize                              = 8388608                                   {product} {ergonomic}
    uintx NonNMethodCodeHeapSize                   = 7602480                                {pd product} {ergonomic}
    uintx NonProfiledCodeHeapSize                  = 122027880                              {pd product} {ergonomic}
    uintx ProfiledCodeHeapSize                     = 122027880                              {pd product} {ergonomic}
    uintx ReservedCodeCacheSize                    = 251658240                              {pd product} {ergonomic}
     bool SegmentedCodeCache                       = true                                      {product} {ergonomic}
   size_t SoftMaxHeapSize                          = 536870912                              {manageable} {ergonomic}
     bool UseCompressedOops                        = true                           {product lp64_product} {ergonomic}
     bool UseG1GC                                  = true                                      {product} {ergonomic}
     bool UseLargePagesIndividualAllocation        = false                                  {pd product} {ergonomic}

Logging:
Log output configuration:
 #0: stdout all=warning uptime,level,tags foldmultilines=false
 #1: stderr all=off uptime,level,tags foldmultilines=false

Release file:
<release file has not been read>
Environment Variables:
PATH=C:\Users\pirch\.cabal\bin;C:\ghcup\bin;C:\Users\pirch\bin;C:\Program Files\Git\mingw64\bin;C:\Program Files\Git\usr\local\bin;C:\Program Files\Git\usr\bin;C:\Program Files\Git\usr\bin;C:\Program Files\Git\mingw64\bin;C:\Program Files\Git\usr\bin;C:\Users\pirch\bin;C:\Users\pirch\AppData\Roaming\Code\User\globalStorage\github.copilot-chat\debugCommand;C:\Users\pirch\AppData\Roaming\Code\User\globalStorage\github.copilot-chat\copilotCli;C:\Program Files (x86)\Common Files\Oracle\Java\java8path;C:\Program Files (x86)\Common Files\Oracle\Java\javapath;C:\Program Files (x86)\VMware\VMware Workstation\bin;C:\WINDOWS\system32;C:\WINDOWS;C:\WINDOWS\System32\Wbem;C:\WINDOWS\System32\WindowsPowerShell\v1.0;C:\WINDOWS\System32\OpenSSH;C:\Program Files\dotnet;C:\Program Files (x86)\NVIDIA Corporation\PhysX\Common;C:\Program Files\Git\cmd;C:\Users\pirch\AppData\Local\nvm;C:\nvm4w\nodejs;C:\WINDOWS\system32;C:\WINDOWS;C:\WINDOWS\System32\Wbem;C:\WINDOWS\System32\WindowsPowerShell\v1.0;C:\WINDOWS\System32\OpenSSH;C:\Program Files (x86)\Windows Kits\10\Windows Performance Toolkit;C:\Program Files\Microsoft SQL Server\170\Tools\Binn;C:\Program Files\Microsoft SQL Server\Client SDK\ODBC\170\Tools\Binn;C:\Program Files\Go\bin;C:\Users\pirch\AppData\Local\engram\bin;C:\Users\pirch\scoop\shims;C:\Users\pirch\.local\bin;C:\Users\pirch\AppData\Local\Programs\Microsoft VS Code\bin;C:\Users\pirch\.dotnet\tools;C:\Users\pirch\AppData\Local\Programs\cursor\resources\app\bin;C:\Users\pirch\AppData\Local\Python\bin;C:\Users\pirch\AppData\Local\Programs\Ollama;C:\Users\pirch\go\bin;C:\Users\pirch\.vscode\extensions\ms-python.debugpy-2026.6.0-win32-x64\bundled\scripts\noConfigScripts;C:\Program Files\Git\usr\bin\vendor_perl;C:\Program Files\Git\usr\bin\core_perl;C:\Users\pirch\.claude\plugins\cache\engram\engram\0.1.1\bin
USERNAME=pirch
SHELL=C:\Program Files\Git\bin\bash.exe
LANG=en_US.UTF-8
TERM=xterm-256color
OS=Windows_NT
PROCESSOR_IDENTIFIER=AMD64 Family 25 Model 80 Stepping 0, AuthenticAMD
TMP=C:\Users\pirch\AppData\Local\Temp
TEMP=C:\Users\pirch\AppData\Local\Temp




Periodic native trim disabled

JNI global refs:
JNI global refs: 0, weak refs: 0

JNI global refs memory usage: 0, weak refs: 0

Process memory usage:
Resident Set Size: 16588K (0% of 24430796K total physical memory with 4473324K free physical memory)

OOME stack traces (most recent first):
Classloader memory used:

---------------  S Y S T E M  ---------------

OS:
 Windows 11 , 64 bit Build 26100 (10.0.26100.8875)
OS uptime: 0 days 3:10 hours
Hyper-V role detected

CPU: total 16 (initial active 16) (16 cores per cpu, 2 threads per core) family 25 model 80 stepping 0 microcode 0xa50000f, cx8, cmov, fxsr, ht, mmx, 3dnowpref, sse, sse2, sse3, ssse3, sse4a, sse4.1, sse4.2, popcnt, lzcnt, tsc, tscinvbit, avx, avx2, aes, erms, clmul, bmi1, bmi2, adx, sha, fma, vzeroupper, clflush, clflushopt, hv, rdtscp, rdpid, fsrm, f16c, cet_ss
Processor Information for the first 16 processors :
  Max Mhz: 3801, Current Mhz: 3801, Mhz Limit: 3801

Memory: 4k page, system-wide physical 23858M (4368M free)
TotalPageFile size 26875M (AvailPageFile size 0M)
current process WorkingSet (physical memory assigned to process): 16M, peak: 16M
current process commit charge ("private bytes"): 454M, peak: 456M

vm_info: OpenJDK 64-Bit Server VM (21.0.10+-14961533-b1163.108) for windows-amd64 JRE (21.0.10+-14961533-b1163.108), built on 2026-03-02T19:58:50Z by "builder" with MS VC++ 16.10 / 16.11 (VS2019)

END.
