group,theme,collection,id,sortOrder,tone,semanticAngle,title,subtitle
body_energy_wellbeing,body_energy_wellbeing.body_acceptance,body_energy_wellbeing.body_acceptance.respect_my_body_today,cat_body_energy_wellbeing.body_acceptance.respect_my_body_today.v4.02,1,powerful,reframe,I stop fighting myself,Constant rejection doesn't improve my relationship with my body
body_energy_wellbeing,body_energy_wellbeing.body_acceptance,body_energy_wellbeing.body_acceptance.respect_my_body_today,cat_body_energy_wellbeing.body_acceptance.respect_my_body_today.v4.03,2,direct,action,I treat myself with dignity,I care for my body even on insecure days
body_energy_wellbeing,body_energy_wellbeing.body_acceptance,body_energy_wellbeing.body_acceptance.respect_my_body_today,cat_body_energy_wellbeing.body_acceptance.respect_my_body_today.v4.04,3,powerful,agency,My appearance doesn't rule me,I can see myself without turning every detail into judgment
body_energy_wellbeing,body_energy_wellbeing.body_acceptance,body_energy_wellbeing.body_acceptance.respect_my_body_today,cat_body_energy_wellbeing.body_acceptance.respect_my_body_today.v4.06,5,direct,commitment,Respect starts today,I don't need perfect self-love to care for myself
body_energy_wellbeing,body_energy_wellbeing.body_acceptance,body_energy_wellbeing.body_acceptance.stop_waiting_for_different_body,cat_body_energy_wellbeing.body_acceptance.stop_waiting_for_different_body.v4.03,14,direct,reframe,I can change without rejecting myself,I can improve something without hating where I am now
body_energy_wellbeing,body_energy_wellbeing.body_acceptance,body_energy_wellbeing.body_acceptance.stop_waiting_for_different_body,cat_body_energy_wellbeing.body_acceptance.stop_waiting_for_different_body.v4.04,15,powerful,agency,I don't wait for a different body,I use the body I have to live what matters
body_energy_wellbeing,body_energy_wellbeing.body_acceptance,body_energy_wellbeing.body_acceptance.stop_waiting_for_different_body,cat_body_energy_wellbeing.body_acceptance.stop_waiting_for_different_body.v4.05,16,direct,action,I dress for today,I don't need to wait for another version of myself to express who I am
body_energy_wellbeing,body_energy_wellbeing.body_acceptance,body_energy_wellbeing.body_acceptance.stop_waiting_for_different_body,cat_body_energy_wellbeing.body_acceptance.stop_waiting_for_different_body.v4.06,17,powerful,commitment,My life isn't on hold,I participate now instead of waiting to feel ready
body_energy_wellbeing,body_energy_wellbeing.body_acceptance,body_energy_wellbeing.body_acceptance.kind_body_relationship,cat_body_energy_wellbeing.body_acceptance.kind_body_relationship.v4.01,25,soft,identity,I'm on my own side,My body doesn't need to be constantly evaluated
body_energy_wellbeing,body_energy_wellbeing.body_acceptance,body_energy_wellbeing.body_acceptance.kind_body_relationship,cat_body_energy_wellbeing.body_acceptance.kind_body_relationship.v4.03,27,direct,commitment,I care for my relationship with my body,The way I speak to myself leaves a mark too
body_energy_wellbeing,body_energy_wellbeing.body_acceptance,body_energy_wellbeing.body_acceptance.kind_body_relationship,cat_body_energy_wellbeing.body_acceptance.kind_body_relationship.v4.05,29,direct,action,I speak to my body with respect,I replace automatic criticism with a fairer perspective
body_energy_wellbeing,body_energy_wellbeing.body_acceptance,body_energy_wellbeing.body_acceptance.kind_body_relationship,cat_body_energy_wellbeing.body_acceptance.kind_body_relationship.v4.06,30,powerful,growth,I build trust in my body,Every repeated act of care strengthens our relationship
body_energy_wellbeing,body_energy_wellbeing.body_confidence,body_energy_wellbeing.body_confidence.take_physical_space,cat_body_energy_wellbeing.body_confidence.take_physical_space.v4.01,36,powerful,identity,I take up my space,I don't make myself smaller to make others more comfortable
body_energy_wellbeing,body_energy_wellbeing.body_confidence,body_energy_wellbeing.body_confidence.take_physical_space,cat_body_energy_wellbeing.body_confidence.take_physical_space.v4.02,37,direct,permission,I have the right to take up space,I can be visible without apologizing for existing
body_energy_wellbeing,body_energy_wellbeing.body_confidence,body_energy_wellbeing.body_confidence.take_physical_space,cat_body_energy_wellbeing.body_confidence.take_physical_space.v4.03,38,powerful,action,I move through the world with space,I stop shrinking myself just to feel accepted
body_energy_wellbeing,body_energy_wellbeing.body_confidence,body_energy_wellbeing.body_confidence.take_physical_space,cat_body_energy_wellbeing.body_confidence.take_physical_space.v4.04,39,direct,reframe,I don't need to disappear,My size doesn't decide how much space I deserve
body_energy_wellbeing,body_energy_wellbeing.body_confidence,body_energy_wellbeing.body_confidence.comfortable_being_seen,cat_body_energy_wellbeing.body_confidence.comfortable_being_seen.v4.01,48,soft,reframe,I can be visible,Being seen doesn't mean I'm being judged
body_energy_wellbeing,body_energy_wellbeing.body_confidence,body_energy_wellbeing.body_confidence.comfortable_being_seen,cat_body_energy_wellbeing.body_confidence.comfortable_being_seen.v4.02,49,direct,agency,I let myself be seen,I don't need to control every impression I make
body_energy_wellbeing,body_energy_wellbeing.body_confidence,body_energy_wellbeing.body_confidence.comfortable_being_seen,cat_body_energy_wellbeing.body_confidence.comfortable_being_seen.v4.03,50,powerful,perspective,My body isn't a test,Other people's gaze doesn't define my worth
body_energy_wellbeing,body_energy_wellbeing.body_confidence,body_energy_wellbeing.body_confidence.comfortable_being_seen,cat_body_energy_wellbeing.body_confidence.comfortable_being_seen.v4.05,52,direct,action,I don't act to hide myself,I choose to participate even when I don't feel perfect
body_energy_wellbeing,body_energy_wellbeing.body_confidence,body_energy_wellbeing.body_confidence.embodied_confidence,cat_body_energy_wellbeing.body_confidence.embodied_confidence.v4.01,61,powerful,embodiment,Confidence lives in my body,"I practice it through posture, voice, and movement too"
body_energy_wellbeing,body_energy_wellbeing.body_confidence,body_energy_wellbeing.body_confidence.embodied_confidence,cat_body_energy_wellbeing.body_confidence.embodied_confidence.v4.03,63,powerful,identity,I move like I belong,I don't need certainty to take up my space
body_energy_wellbeing,body_energy_wellbeing.body_confidence,body_energy_wellbeing.body_confidence.embodied_confidence,cat_body_energy_wellbeing.body_confidence.embodied_confidence.v4.05,65,soft,perspective,I trust myself from within,"I focus on feeling my body, not only evaluating it"
body_energy_wellbeing,body_energy_wellbeing.body_confidence,body_energy_wellbeing.body_confidence.embodied_confidence,cat_body_energy_wellbeing.body_confidence.embodied_confidence.v4.06,66,direct,action,I move with intention,Every gesture can remind me that I'm here
body_energy_wellbeing,body_energy_wellbeing.energy,body_energy_wellbeing.energy.protect_my_energy,cat_body_energy_wellbeing.energy.protect_my_energy.v4.01,72,powerful,boundary,My energy has value,I don't give it away automatically to every demand
body_energy_wellbeing,body_energy_wellbeing.energy,body_energy_wellbeing.energy.protect_my_energy,cat_body_energy_wellbeing.energy.protect_my_energy.v4.02,73,direct,agency,I choose where my energy goes,My priorities deserve real resources
body_energy_wellbeing,body_energy_wellbeing.energy,body_energy_wellbeing.energy.protect_my_energy,cat_body_energy_wellbeing.energy.protect_my_energy.v4.03,74,powerful,discernment,Not everything deserves a response,Protecting my energy also protects what matters to me
body_energy_wellbeing,body_energy_wellbeing.energy,body_energy_wellbeing.energy.protect_my_energy,cat_body_energy_wellbeing.energy.protect_my_energy.v4.06,77,direct,perspective,My attention is energy too,I direct it toward people and projects that matter
body_energy_wellbeing,body_energy_wellbeing.energy,body_energy_wellbeing.energy.sustainable_pace,cat_body_energy_wellbeing.energy.sustainable_pace.v4.02,84,soft,discernment,I don't rush every season,Different moments call for different levels of intensity
body_energy_wellbeing,body_energy_wellbeing.energy,body_energy_wellbeing.energy.sustainable_pace,cat_body_energy_wellbeing.energy.sustainable_pace.v4.03,85,direct,reframe,Consistency needs breathing room,Leaving margin helps me keep going tomorrow
body_energy_wellbeing,body_energy_wellbeing.energy,body_energy_wellbeing.energy.sustainable_pace,cat_body_energy_wellbeing.energy.sustainable_pace.v4.04,86,powerful,perspective,Ambition and rest can coexist,I can want a lot without destroying myself to get it
body_energy_wellbeing,body_energy_wellbeing.energy,body_energy_wellbeing.energy.sustainable_pace,cat_body_energy_wellbeing.energy.sustainable_pace.v4.05,87,direct,action,I regulate before I crash,I listen to small signals instead of waiting for the limit
body_energy_wellbeing,body_energy_wellbeing.energy,body_energy_wellbeing.energy.life_that_recharges_me,cat_body_energy_wellbeing.energy.life_that_recharges_me.v4.01,97,powerful,design,I build a life that restores me,Not everything on my schedule has to drain me
body_energy_wellbeing,body_energy_wellbeing.energy,body_energy_wellbeing.energy.life_that_recharges_me,cat_body_energy_wellbeing.energy.life_that_recharges_me.v4.03,99,direct,discernment,I choose rest that restores me,"I look to regain energy, not just fill time"
body_energy_wellbeing,body_energy_wellbeing.energy,body_energy_wellbeing.energy.life_that_recharges_me,cat_body_energy_wellbeing.energy.life_that_recharges_me.v4.04,100,soft,boundary,I protect demand-free space,I don't need to fill every available moment
body_energy_wellbeing,body_energy_wellbeing.energy,body_energy_wellbeing.energy.life_that_recharges_me,cat_body_energy_wellbeing.energy.life_that_recharges_me.v4.05,101,direct,reframe,Joy sustains me too,Pleasure can be part of a serious life
body_energy_wellbeing,body_energy_wellbeing.physical_capability,body_energy_wellbeing.physical_capability.recognize_what_my_body_can_do,cat_body_energy_wellbeing.physical_capability.recognize_what_my_body_can_do.v4.01,108,powerful,appreciation,I recognize what my body can do,Its value goes far beyond how it looks
body_energy_wellbeing,body_energy_wellbeing.physical_capability,body_energy_wellbeing.physical_capability.recognize_what_my_body_can_do,cat_body_energy_wellbeing.physical_capability.recognize_what_my_body_can_do.v4.02,109,direct,perspective,My body carries me,"It walks, learns, and adapts with me"
body_energy_wellbeing,body_energy_wellbeing.physical_capability,body_energy_wellbeing.physical_capability.recognize_what_my_body_can_do,cat_body_energy_wellbeing.physical_capability.recognize_what_my_body_can_do.v4.04,111,powerful,reframe,I am more than my appearance,"Strength, coordination, and endurance count too"
body_energy_wellbeing,body_energy_wellbeing.physical_capability,body_energy_wellbeing.physical_capability.recognize_what_my_body_can_do,cat_body_energy_wellbeing.physical_capability.recognize_what_my_body_can_do.v4.05,112,direct,evidence,I notice my physical progress,What I can do today deserves recognition too
body_energy_wellbeing,body_energy_wellbeing.physical_capability,body_energy_wellbeing.physical_capability.enjoy_getting_stronger,cat_body_energy_wellbeing.physical_capability.enjoy_getting_stronger.v4.01,121,powerful,growth,I enjoy getting stronger,Every improvement expands what I can do
body_energy_wellbeing,body_energy_wellbeing.physical_capability,body_energy_wellbeing.physical_capability.enjoy_getting_stronger,cat_body_energy_wellbeing.physical_capability.enjoy_getting_stronger.v4.02,122,direct,appreciation,Strength excites me,"I celebrate capability, not just visible results"
body_energy_wellbeing,body_energy_wellbeing.physical_capability,body_energy_wellbeing.physical_capability.enjoy_getting_stronger,cat_body_energy_wellbeing.physical_capability.enjoy_getting_stronger.v4.05,125,direct,consistency,I build strength patiently,I don't need to rush adaptations that take time
body_energy_wellbeing,body_energy_wellbeing.physical_capability,body_energy_wellbeing.physical_capability.enjoy_getting_stronger,cat_body_energy_wellbeing.physical_capability.enjoy_getting_stronger.v4.06,126,powerful,identity,I am someone who grows stronger,Physical practice is part of who I am becoming
body_energy_wellbeing,body_energy_wellbeing.physical_capability,body_energy_wellbeing.physical_capability.trust_physical_capability,cat_body_energy_wellbeing.physical_capability.trust_physical_capability.v4.01,133,powerful,trust,I trust my physical ability,My body knows more than my doubt assumes
body_energy_wellbeing,body_energy_wellbeing.physical_capability,body_energy_wellbeing.physical_capability.trust_physical_capability,cat_body_energy_wellbeing.physical_capability.trust_physical_capability.v4.04,136,powerful,evidence,I don't underestimate my strength,I look at evidence instead of assuming I can't
body_energy_wellbeing,body_energy_wellbeing.physical_capability,body_energy_wellbeing.physical_capability.trust_physical_capability,cat_body_energy_wellbeing.physical_capability.trust_physical_capability.v4.05,137,direct,discernment,I progress with skill and patience,Confidence doesn't mean ignoring my limits
body_energy_wellbeing,body_energy_wellbeing.physical_capability,body_energy_wellbeing.physical_capability.trust_physical_capability,cat_body_energy_wellbeing.physical_capability.trust_physical_capability.v4.06,138,direct,growth,Every attempt teaches me,My coordination improves when I keep practicing
body_energy_wellbeing,body_energy_wellbeing.enjoy_movement,body_energy_wellbeing.enjoy_movement.move_because_it_feels_good,cat_body_energy_wellbeing.enjoy_movement.move_because_it_feels_good.v4.01,144,powerful,motivation,I move because it feels good,Enjoyment is a valid reason to exercise too
body_energy_wellbeing,body_energy_wellbeing.enjoy_movement,body_energy_wellbeing.enjoy_movement.move_because_it_feels_good,cat_body_energy_wellbeing.enjoy_movement.move_because_it_feels_good.v4.02,145,direct,reframe,I enjoy using my body,Movement doesn't have to mean punishment
body_energy_wellbeing,body_energy_wellbeing.enjoy_movement,body_energy_wellbeing.enjoy_movement.move_because_it_feels_good,cat_body_energy_wellbeing.enjoy_movement.move_because_it_feels_good.v4.04,147,powerful,perspective,I train to feel alive,Not every result needs to show in a mirror
body_energy_wellbeing,body_energy_wellbeing.enjoy_movement,body_energy_wellbeing.enjoy_movement.move_because_it_feels_good,cat_body_energy_wellbeing.enjoy_movement.move_because_it_feels_good.v4.05,148,soft,permission,Movement can be play,I make room for curiosity alongside discipline
body_energy_wellbeing,body_energy_wellbeing.enjoy_movement,body_energy_wellbeing.enjoy_movement.reconnect_with_movement_pleasure,cat_body_energy_wellbeing.enjoy_movement.reconnect_with_movement_pleasure.v4.02,157,powerful,reframe,I don't need to suffer to train,Challenge and enjoyment can coexist
body_energy_wellbeing,body_energy_wellbeing.enjoy_movement,body_energy_wellbeing.enjoy_movement.reconnect_with_movement_pleasure,cat_body_energy_wellbeing.enjoy_movement.reconnect_with_movement_pleasure.v4.04,159,direct,presence,I reconnect with movement,"I notice rhythm, breath, and energy"
body_energy_wellbeing,body_energy_wellbeing.enjoy_movement,body_energy_wellbeing.enjoy_movement.reconnect_with_movement_pleasure,cat_body_energy_wellbeing.enjoy_movement.reconnect_with_movement_pleasure.v4.05,160,direct,discernment,I choose movement I want to repeat,Enjoyment makes consistency more sustainable
body_energy_wellbeing,body_energy_wellbeing.enjoy_movement,body_energy_wellbeing.enjoy_movement.reconnect_with_movement_pleasure,cat_body_energy_wellbeing.enjoy_movement.reconnect_with_movement_pleasure.v4.06,161,powerful,identity,Movement feels like mine again,I stop doing it only for external approval
body_energy_wellbeing,body_energy_wellbeing.enjoy_movement,body_energy_wellbeing.enjoy_movement.stop_using_exercise_as_punishment,cat_body_energy_wellbeing.enjoy_movement.stop_using_exercise_as_punishment.v4.01,168,powerful,reframe,I don't train to punish myself,Movement doesn't repay guilt about eating or resting
body_energy_wellbeing,body_energy_wellbeing.enjoy_movement,body_energy_wellbeing.enjoy_movement.stop_using_exercise_as_punishment,cat_body_energy_wellbeing.enjoy_movement.stop_using_exercise_as_punishment.v4.02,169,powerful,identity,My body owes me nothing,I don't need to exhaust it to deserve feeling good
body_energy_wellbeing,body_energy_wellbeing.enjoy_movement,body_energy_wellbeing.enjoy_movement.stop_using_exercise_as_punishment,cat_body_energy_wellbeing.enjoy_movement.stop_using_exercise_as_punishment.v4.03,170,direct,action,I train from a place of care,"I seek challenge, recovery, and sustainable progress"
body_energy_wellbeing,body_energy_wellbeing.enjoy_movement,body_energy_wellbeing.enjoy_movement.stop_using_exercise_as_punishment,cat_body_energy_wellbeing.enjoy_movement.stop_using_exercise_as_punishment.v4.06,173,direct,boundary,I listen when it's time to stop,Respecting limits is part of training too
body_energy_wellbeing,body_energy_wellbeing.body_care,body_energy_wellbeing.body_care.listen_to_what_i_need,cat_body_energy_wellbeing.body_care.listen_to_what_i_need.v4.01,180,direct,awareness,I listen to the signals,My body communicates needs before it burns out
body_energy_wellbeing,body_energy_wellbeing.body_care,body_energy_wellbeing.body_care.listen_to_what_i_need,cat_body_energy_wellbeing.body_care.listen_to_what_i_need.v4.03,182,direct,action,I respond before it's too late,Caring for myself early keeps me from always reaching the limit
body_energy_wellbeing,body_energy_wellbeing.body_care,body_energy_wellbeing.body_care.listen_to_what_i_need,cat_body_energy_wellbeing.body_care.listen_to_what_i_need.v4.04,183,powerful,identity,My needs matter,"Hunger, rest, and movement deserve to be heard"
body_energy_wellbeing,body_energy_wellbeing.body_care,body_energy_wellbeing.body_care.listen_to_what_i_need,cat_body_energy_wellbeing.body_care.listen_to_what_i_need.v4.06,185,soft,growth,I learn my own rhythm,Paying attention teaches me what works for me
body_energy_wellbeing,body_energy_wellbeing.body_care,body_energy_wellbeing.body_care.rest_is_part_of_it,cat_body_energy_wellbeing.body_care.rest_is_part_of_it.v4.01,192,direct,reframe,Rest builds me too,Recovery supports what I want to do tomorrow
body_energy_wellbeing,body_energy_wellbeing.body_care,body_energy_wellbeing.body_care.rest_is_part_of_it,cat_body_energy_wellbeing.body_care.rest_is_part_of_it.v4.02,193,soft,acceptance,My body needs pauses,Listening to them is part of caring for it well
body_energy_wellbeing,body_energy_wellbeing.body_care,body_energy_wellbeing.body_care.rest_is_part_of_it,cat_body_energy_wellbeing.body_care.rest_is_part_of_it.v4.03,194,direct,perspective,Recovery is productive,"Rest restores energy, focus, and strength"
body_energy_wellbeing,body_energy_wellbeing.body_care,body_energy_wellbeing.body_care.rest_is_part_of_it,cat_body_energy_wellbeing.body_care.rest_is_part_of_it.v4.05,196,direct,commitment,I protect my recovery,Sleep and downtime are part of the process
body_energy_wellbeing,body_energy_wellbeing.body_care,body_energy_wellbeing.body_care.wellbeing_without_fighting_body,cat_body_energy_wellbeing.body_care.wellbeing_without_fighting_body.v4.01,205,direct,reframe,I care for myself without punishment,Well-being doesn't have to grow from rejection
body_energy_wellbeing,body_energy_wellbeing.body_care,body_energy_wellbeing.body_care.wellbeing_without_fighting_body,cat_body_energy_wellbeing.body_care.wellbeing_without_fighting_body.v4.02,206,powerful,identity,"I choose health, not war",My choices can support me without making me the enemy
body_energy_wellbeing,body_energy_wellbeing.body_care,body_energy_wellbeing.body_care.wellbeing_without_fighting_body,cat_body_energy_wellbeing.body_care.wellbeing_without_fighting_body.v4.05,209,direct,perspective,My well-being is a partnership,My body and mind don't have to compete
body_energy_wellbeing,body_energy_wellbeing.body_care,body_energy_wellbeing.body_care.wellbeing_without_fighting_body,cat_body_energy_wellbeing.body_care.wellbeing_without_fighting_body.v4.06,210,powerful,growth,I improve from a place of respect,Sustainable change doesn't require hating the present
calm_peace,calm_peace.find_calm,calm_peace.find_calm.return_to_myself,cat_calm_peace.find_calm.return_to_myself.v4.02,1,direct,boundary,I turn down the inner noise,Not every thought needs my attention right now
calm_peace,calm_peace.find_calm,calm_peace.find_calm.return_to_myself,cat_calm_peace.find_calm.return_to_myself.v4.03,2,soft,action,I breathe and come back,My body can remind me where I am
calm_peace,calm_peace.find_calm,calm_peace.find_calm.return_to_myself,cat_calm_peace.find_calm.return_to_myself.v4.04,3,powerful,trust,Calm is still available to me,I can return to it even after an intense day
calm_peace,calm_peace.find_calm,calm_peace.find_calm.return_to_myself,cat_calm_peace.find_calm.return_to_myself.v4.05,4,direct,reframe,I don't have to solve everything,This moment can exist without an immediate answer
calm_peace,calm_peace.find_calm,calm_peace.find_calm.calm_during_busy_days,cat_calm_peace.find_calm.calm_during_busy_days.v4.01,12,powerful,agency,Urgency doesn't run my day,I can have a lot to do without rushing inside
calm_peace,calm_peace.find_calm,calm_peace.find_calm.calm_during_busy_days,cat_calm_peace.find_calm.calm_during_busy_days.v4.03,14,powerful,boundary,My inner pace is mine,My schedule doesn't decide the speed of my mind
calm_peace,calm_peace.find_calm,calm_peace.find_calm.calm_during_busy_days,cat_calm_peace.find_calm.calm_during_busy_days.v4.04,15,direct,presence,I breathe before I respond,Not every demand needs an immediate reaction
calm_peace,calm_peace.find_calm,calm_peace.find_calm.calm_during_busy_days,cat_calm_peace.find_calm.calm_during_busy_days.v4.06,17,direct,commitment,I protect small moments of stillness,One mindful minute can change the tone of my day
calm_peace,calm_peace.find_calm,calm_peace.find_calm.inner_safety,cat_calm_peace.find_calm.inner_safety.v4.01,24,soft,identity,I am safe with myself,I can be my own place to return to
calm_peace,calm_peace.find_calm,calm_peace.find_calm.inner_safety,cat_calm_peace.find_calm.inner_safety.v4.03,26,direct,action,I create safety from within,"Breath, boundaries, and presence help me steady myself"
calm_peace,calm_peace.find_calm,calm_peace.find_calm.inner_safety,cat_calm_peace.find_calm.inner_safety.v4.04,27,direct,reframe,Not everything is a threat,My mind can learn the difference between danger and discomfort
calm_peace,calm_peace.find_calm,calm_peace.find_calm.inner_safety,cat_calm_peace.find_calm.inner_safety.v4.05,28,powerful,trust,I trust myself to respond,I don't need to anticipate every problem to be prepared
calm_peace,calm_peace.release_tension,calm_peace.release_tension.allow_myself_to_relax,cat_calm_peace.release_tension.allow_myself_to_relax.v4.03,38,direct,reframe,Rest doesn't make me vulnerable,I can release tension without losing my ability to respond
calm_peace,calm_peace.release_tension,calm_peace.release_tension.allow_myself_to_relax,cat_calm_peace.release_tension.allow_myself_to_relax.v4.04,39,soft,perspective,I don't need to live tense,Safety can feel soft too
calm_peace,calm_peace.release_tension,calm_peace.release_tension.allow_myself_to_relax,cat_calm_peace.release_tension.allow_myself_to_relax.v4.05,40,direct,growth,Relaxing is a practice too,Every pause teaches my body a different response
calm_peace,calm_peace.release_tension,calm_peace.release_tension.allow_myself_to_relax,cat_calm_peace.release_tension.allow_myself_to_relax.v4.06,41,powerful,agency,I choose less tension,I don't need to carry every worry in my body
calm_peace,calm_peace.release_tension,calm_peace.release_tension.stop_carrying_everything,cat_calm_peace.release_tension.stop_carrying_everything.v4.01,48,powerful,boundary,I don't carry everything,I separate responsibility from unnecessary weight
calm_peace,calm_peace.release_tension,calm_peace.release_tension.stop_carrying_everything,cat_calm_peace.release_tension.stop_carrying_everything.v4.02,49,direct,agency,I return what isn't mine,Not every worry is mine to solve
calm_peace,calm_peace.release_tension,calm_peace.release_tension.stop_carrying_everything,cat_calm_peace.release_tension.stop_carrying_everything.v4.03,50,soft,action,I ask for help when I need it,Sharing a load doesn't make me less capable
calm_peace,calm_peace.release_tension,calm_peace.release_tension.stop_carrying_everything,cat_calm_peace.release_tension.stop_carrying_everything.v4.06,53,powerful,permission,I can leave something unfinished,Not everything needs closure before I rest
calm_peace,calm_peace.release_tension,calm_peace.release_tension.calm_way_of_being,cat_calm_peace.release_tension.calm_way_of_being.v4.01,61,powerful,identity,Calm is a way of living,Not just a state that appears when everything goes right
calm_peace,calm_peace.release_tension,calm_peace.release_tension.calm_way_of_being,cat_calm_peace.release_tension.calm_way_of_being.v4.02,62,direct,agency,I respond with less urgency,I give myself time to choose before I react
calm_peace,calm_peace.release_tension,calm_peace.release_tension.calm_way_of_being,cat_calm_peace.release_tension.calm_way_of_being.v4.03,63,direct,boundary,I don't feed every alarm,My attention can rest on what matters
calm_peace,calm_peace.release_tension,calm_peace.release_tension.calm_way_of_being,cat_calm_peace.release_tension.calm_way_of_being.v4.06,66,powerful,trust,My peace doesn't require perfection,I can keep it even when things go differently
calm_peace,calm_peace.overwhelmed,calm_peace.overwhelmed.only_now,cat_calm_peace.overwhelmed.only_now.v4.01,72,direct,presence,I only need this moment,I don't carry the whole week at once
calm_peace,calm_peace.overwhelmed,calm_peace.overwhelmed.only_now,cat_calm_peace.overwhelmed.only_now.v4.03,74,direct,action,I narrow the horizon,What feels huge becomes manageable when I return to now
calm_peace,calm_peace.overwhelmed,calm_peace.overwhelmed.only_now,cat_calm_peace.overwhelmed.only_now.v4.04,75,powerful,discernment,I don't solve everything at once,One concrete step is enough to begin
calm_peace,calm_peace.overwhelmed,calm_peace.overwhelmed.only_now,cat_calm_peace.overwhelmed.only_now.v4.06,77,direct,boundary,I stay with what's in front of me,My attention works better when it isn't trying to hold everything
calm_peace,calm_peace.overwhelmed,calm_peace.overwhelmed.one_thing_at_a_time,cat_calm_peace.overwhelmed.one_thing_at_a_time.v4.01,84,direct,presence,One thing at a time,I finish being here before moving to what's next
calm_peace,calm_peace.overwhelmed,calm_peace.overwhelmed.one_thing_at_a_time,cat_calm_peace.overwhelmed.one_thing_at_a_time.v4.03,86,powerful,discernment,Not everything is a priority,Choosing one task means letting others wait
calm_peace,calm_peace.overwhelmed,calm_peace.overwhelmed.one_thing_at_a_time,cat_calm_peace.overwhelmed.one_thing_at_a_time.v4.04,87,direct,action,I start with what's clearest,One concrete step quiets the mental noise
calm_peace,calm_peace.overwhelmed,calm_peace.overwhelmed.one_thing_at_a_time,cat_calm_peace.overwhelmed.one_thing_at_a_time.v4.06,89,powerful,reframe,I move forward without doing everything,Progress doesn't require doing it all at once
calm_peace,calm_peace.overwhelmed,calm_peace.overwhelmed.stay_grounded_in_chaos,cat_calm_peace.overwhelmed.stay_grounded_in_chaos.v4.01,96,powerful,resilience,I can steady myself in chaos,I don't need everything around me to be orderly first
calm_peace,calm_peace.overwhelmed,calm_peace.overwhelmed.stay_grounded_in_chaos,cat_calm_peace.overwhelmed.stay_grounded_in_chaos.v4.02,97,direct,grounding,I return to what's concrete,"My feet, breath, and surroundings bring me back to the present"
calm_peace,calm_peace.overwhelmed,calm_peace.overwhelmed.stay_grounded_in_chaos,cat_calm_peace.overwhelmed.stay_grounded_in_chaos.v4.03,98,direct,reframe,Chaos doesn't define me,An intense situation doesn't decide who I am
calm_peace,calm_peace.overwhelmed,calm_peace.overwhelmed.stay_grounded_in_chaos,cat_calm_peace.overwhelmed.stay_grounded_in_chaos.v4.05,100,direct,agency,I regulate before I react,One second of pause can change my response
calm_peace,calm_peace.rest_without_guilt,calm_peace.rest_without_guilt.permission_to_stop,cat_calm_peace.rest_without_guilt.permission_to_stop.v4.02,109,direct,agency,Stopping is a decision too,I can choose rest before I reach my limit
calm_peace,calm_peace.rest_without_guilt,calm_peace.rest_without_guilt.permission_to_stop,cat_calm_peace.rest_without_guilt.permission_to_stop.v4.03,110,powerful,reframe,I don't need to earn every break,Being human already means needing recovery
calm_peace,calm_peace.rest_without_guilt,calm_peace.rest_without_guilt.permission_to_stop,cat_calm_peace.rest_without_guilt.permission_to_stop.v4.05,112,direct,acceptance,I end the day without guilt,There will always be something else I could do
calm_peace,calm_peace.rest_without_guilt,calm_peace.rest_without_guilt.permission_to_stop,cat_calm_peace.rest_without_guilt.permission_to_stop.v4.06,113,direct,commitment,My rest deserves space,I protect it like I protect other priorities
calm_peace,calm_peace.rest_without_guilt,calm_peace.rest_without_guilt.not_always_available,cat_calm_peace.rest_without_guilt.not_always_available.v4.01,120,powerful,boundary,I'm not always available,My personal time deserves protection too
calm_peace,calm_peace.rest_without_guilt,calm_peace.rest_without_guilt.not_always_available,cat_calm_peace.rest_without_guilt.not_always_available.v4.02,121,direct,reframe,It's okay to reply later,Not every notification is an emergency
calm_peace,calm_peace.rest_without_guilt,calm_peace.rest_without_guilt.not_always_available,cat_calm_peace.rest_without_guilt.not_always_available.v4.04,123,direct,commitment,I protect demand-free moments,My mind needs spaces where nobody expects anything from me
calm_peace,calm_peace.rest_without_guilt,calm_peace.rest_without_guilt.not_always_available,cat_calm_peace.rest_without_guilt.not_always_available.v4.06,125,powerful,permission,I don't owe an explanation for every break,Being offline is part of my life too
calm_peace,calm_peace.rest_without_guilt,calm_peace.rest_without_guilt.healthy_relationship_with_rest,cat_calm_peace.rest_without_guilt.healthy_relationship_with_rest.v4.01,132,powerful,discernment,I rest before I break down,I don't need exhaustion to justify a pause
calm_peace,calm_peace.rest_without_guilt,calm_peace.rest_without_guilt.healthy_relationship_with_rest,cat_calm_peace.rest_without_guilt.healthy_relationship_with_rest.v4.03,134,direct,growth,I learn to stop in time,Recovery works better before I collapse
calm_peace,calm_peace.rest_without_guilt,calm_peace.rest_without_guilt.healthy_relationship_with_rest,cat_calm_peace.rest_without_guilt.healthy_relationship_with_rest.v4.05,136,direct,balance,I alternate effort and recovery,My energy improves when both have a place
calm_peace,calm_peace.rest_without_guilt,calm_peace.rest_without_guilt.healthy_relationship_with_rest,cat_calm_peace.rest_without_guilt.healthy_relationship_with_rest.v4.06,137,powerful,trust,I trust that I can return,Stopping today doesn't erase my ability to continue
change_loss_new_beginnings,change_loss_new_beginnings.difficult_period,change_loss_new_beginnings.difficult_period.only_today,cat_change_loss_new_beginnings.difficult_period.only_today.v4.01,0,direct,presence,"Today, I only carry today",I don't need to solve my whole life tonight
change_loss_new_beginnings,change_loss_new_beginnings.difficult_period,change_loss_new_beginnings.difficult_period.only_today,cat_change_loss_new_beginnings.difficult_period.only_today.v4.02,1,powerful,action,I shorten the horizon,"I focus on the next step, not every step"
change_loss_new_beginnings,change_loss_new_beginnings.difficult_period,change_loss_new_beginnings.difficult_period.only_today,cat_change_loss_new_beginnings.difficult_period.only_today.v4.03,2,powerful,reframe,A hard season isn't my whole life,This chapter has limits even if I can't see them yet
change_loss_new_beginnings,change_loss_new_beginnings.difficult_period,change_loss_new_beginnings.difficult_period.only_today,cat_change_loss_new_beginnings.difficult_period.only_today.v4.04,3,soft,permission,I can do less for now,Getting through a hard season takes energy too
change_loss_new_beginnings,change_loss_new_beginnings.difficult_period,change_loss_new_beginnings.difficult_period.keep_going_when_hard,cat_change_loss_new_beginnings.difficult_period.keep_going_when_hard.v4.01,12,powerful,resilience,I keep going even when it's hard,Difficulty doesn't decide my whole direction
change_loss_new_beginnings,change_loss_new_beginnings.difficult_period,change_loss_new_beginnings.difficult_period.keep_going_when_hard,cat_change_loss_new_beginnings.difficult_period.keep_going_when_hard.v4.02,13,direct,discernment,"I adjust my pace, not my commitment",Persistence can look slower too
change_loss_new_beginnings,change_loss_new_beginnings.difficult_period,change_loss_new_beginnings.difficult_period.keep_going_when_hard,cat_change_loss_new_beginnings.difficult_period.keep_going_when_hard.v4.04,15,direct,action,I look for the next support,I don't need endless strength to keep going
change_loss_new_beginnings,change_loss_new_beginnings.difficult_period,change_loss_new_beginnings.difficult_period.keep_going_when_hard,cat_change_loss_new_beginnings.difficult_period.keep_going_when_hard.v4.05,16,powerful,evidence,I've made it through hard days before,My history holds evidence of resilience
change_loss_new_beginnings,change_loss_new_beginnings.difficult_period,change_loss_new_beginnings.difficult_period.remember_who_i_am,cat_change_loss_new_beginnings.difficult_period.remember_who_i_am.v4.01,24,powerful,identity,This season doesn't erase who I am,"I still have values, history, and abilities"
change_loss_new_beginnings,change_loss_new_beginnings.difficult_period,change_loss_new_beginnings.difficult_period.remember_who_i_am,cat_change_loss_new_beginnings.difficult_period.remember_who_i_am.v4.02,25,soft,evidence,I remember stronger versions of myself,"Not to pressure myself, but to remember my resources"
change_loss_new_beginnings,change_loss_new_beginnings.difficult_period,change_loss_new_beginnings.difficult_period.remember_who_i_am,cat_change_loss_new_beginnings.difficult_period.remember_who_i_am.v4.03,26,powerful,reframe,I am more than what happens to me,My identity is bigger than this difficulty
change_loss_new_beginnings,change_loss_new_beginnings.difficult_period,change_loss_new_beginnings.difficult_period.remember_who_i_am,cat_change_loss_new_beginnings.difficult_period.remember_who_i_am.v4.04,27,direct,values,I return to what matters,My values can guide me even with little energy
change_loss_new_beginnings,change_loss_new_beginnings.adapt_to_change,change_loss_new_beginnings.adapt_to_change.learn_new_reality,cat_change_loss_new_beginnings.adapt_to_change.learn_new_reality.v4.02,37,direct,acceptance,I give myself time to understand,What is new becomes familiar through repeated experience
change_loss_new_beginnings,change_loss_new_beginnings.adapt_to_change,change_loss_new_beginnings.adapt_to_change.learn_new_reality,cat_change_loss_new_beginnings.adapt_to_change.learn_new_reality.v4.03,38,direct,action,I ask what I still don't know,"Learning takes curiosity, not the appearance of certainty"
change_loss_new_beginnings,change_loss_new_beginnings.adapt_to_change,change_loss_new_beginnings.adapt_to_change.learn_new_reality,cat_change_loss_new_beginnings.adapt_to_change.learn_new_reality.v4.04,39,powerful,reframe,Feeling disoriented is temporary,It doesn't define my ability to adapt
change_loss_new_beginnings,change_loss_new_beginnings.adapt_to_change,change_loss_new_beginnings.adapt_to_change.learn_new_reality,cat_change_loss_new_beginnings.adapt_to_change.learn_new_reality.v4.05,40,direct,awareness,I observe how things work now,I understand the new reality before demanding fluency from myself
change_loss_new_beginnings,change_loss_new_beginnings.adapt_to_change,change_loss_new_beginnings.adapt_to_change.time_to_adapt,cat_change_loss_new_beginnings.adapt_to_change.time_to_adapt.v4.01,48,soft,permission,Adapting takes time,I don't expect myself to feel comfortable immediately
change_loss_new_beginnings,change_loss_new_beginnings.adapt_to_change,change_loss_new_beginnings.adapt_to_change.time_to_adapt,cat_change_loss_new_beginnings.adapt_to_change.time_to_adapt.v4.02,49,direct,consistency,New routines are built,Each repetition makes this season more livable
change_loss_new_beginnings,change_loss_new_beginnings.adapt_to_change,change_loss_new_beginnings.adapt_to_change.time_to_adapt,cat_change_loss_new_beginnings.adapt_to_change.time_to_adapt.v4.04,51,direct,discernment,I don't rush my process,My mind needs experience to update
change_loss_new_beginnings,change_loss_new_beginnings.adapt_to_change,change_loss_new_beginnings.adapt_to_change.time_to_adapt,cat_change_loss_new_beginnings.adapt_to_change.time_to_adapt.v4.05,52,powerful,reframe,Early discomfort doesn't predict the outcome,I can wait before judging this season
change_loss_new_beginnings,change_loss_new_beginnings.adapt_to_change,change_loss_new_beginnings.adapt_to_change.change_into_growth,cat_change_loss_new_beginnings.adapt_to_change.change_into_growth.v4.01,60,powerful,growth,This transition is shaping me too,I can discover abilities I never needed before
change_loss_new_beginnings,change_loss_new_beginnings.adapt_to_change,change_loss_new_beginnings.adapt_to_change.change_into_growth,cat_change_loss_new_beginnings.adapt_to_change.change_into_growth.v4.04,63,powerful,identity,My identity can expand,I don't have to remain exactly who I was
change_loss_new_beginnings,change_loss_new_beginnings.adapt_to_change,change_loss_new_beginnings.adapt_to_change.change_into_growth,cat_change_loss_new_beginnings.adapt_to_change.change_into_growth.v4.05,64,direct,perspective,I look for what's growing here,This transition can teach me new ways to live
change_loss_new_beginnings,change_loss_new_beginnings.adapt_to_change,change_loss_new_beginnings.adapt_to_change.change_into_growth,cat_change_loss_new_beginnings.adapt_to_change.change_into_growth.v4.06,65,direct,agency,I choose what I carry forward,I can change without abandoning everything valuable from the past
change_loss_new_beginnings,change_loss_new_beginnings.grief,change_loss_new_beginnings.grief.feel_what_i_feel,cat_change_loss_new_beginnings.grief.feel_what_i_feel.v4.03,74,powerful,self_compassion,My pain deserves respect,I don't have to justify how deeply this affects me
change_loss_new_beginnings,change_loss_new_beginnings.grief,change_loss_new_beginnings.grief.feel_what_i_feel,cat_change_loss_new_beginnings.grief.feel_what_i_feel.v4.04,75,soft,perspective,My days can be different,Grief changes shape and pace
change_loss_new_beginnings,change_loss_new_beginnings.grief,change_loss_new_beginnings.grief.feel_what_i_feel,cat_change_loss_new_beginnings.grief.feel_what_i_feel.v4.05,76,direct,permission,I don't have to be strong all the time,I can let others support me too
change_loss_new_beginnings,change_loss_new_beginnings.grief,change_loss_new_beginnings.grief.feel_what_i_feel,cat_change_loss_new_beginnings.grief.feel_what_i_feel.v4.06,77,soft,awareness,I listen to what this loss stirs,Naming it helps me move through it
change_loss_new_beginnings,change_loss_new_beginnings.grief,change_loss_new_beginnings.grief.remember_without_stopping,cat_change_loss_new_beginnings.grief.remember_without_stopping.v4.01,84,powerful,integration,I remember and keep living,Memory doesn't require me to stop my present
change_loss_new_beginnings,change_loss_new_beginnings.grief,change_loss_new_beginnings.grief.remember_without_stopping,cat_change_loss_new_beginnings.grief.remember_without_stopping.v4.02,85,soft,acceptance,I can miss it and move forward,Both things can be true at the same time
change_loss_new_beginnings,change_loss_new_beginnings.grief,change_loss_new_beginnings.grief.remember_without_stopping,cat_change_loss_new_beginnings.grief.remember_without_stopping.v4.04,87,powerful,reframe,I honor it without staying frozen,Moving forward doesn't betray what I loved
change_loss_new_beginnings,change_loss_new_beginnings.grief,change_loss_new_beginnings.grief.remember_without_stopping,cat_change_loss_new_beginnings.grief.remember_without_stopping.v4.06,89,direct,presence,I return to the present after remembering,My life continues around the absence
change_loss_new_beginnings,change_loss_new_beginnings.grief,change_loss_new_beginnings.grief.carry_love_and_live,cat_change_loss_new_beginnings.grief.carry_love_and_live.v4.02,97,powerful,reframe,Living doesn't erase what I loved,Future joy doesn't cancel my history
change_loss_new_beginnings,change_loss_new_beginnings.grief,change_loss_new_beginnings.grief.carry_love_and_live,cat_change_loss_new_beginnings.grief.carry_love_and_live.v4.03,98,soft,appreciation,I carry what mattered with me,"Gestures, lessons, and memories still have a place"
change_loss_new_beginnings,change_loss_new_beginnings.grief,change_loss_new_beginnings.grief.carry_love_and_live,cat_change_loss_new_beginnings.grief.carry_love_and_live.v4.05,100,powerful,openness,I can love and open to something new,My heart doesn't have room for only one thing
change_loss_new_beginnings,change_loss_new_beginnings.grief,change_loss_new_beginnings.grief.carry_love_and_live,cat_change_loss_new_beginnings.grief.carry_love_and_live.v4.06,101,direct,commitment,My life deserves to continue too,I honor the loss by caring for what is still here
change_loss_new_beginnings,change_loss_new_beginnings.closure,change_loss_new_beginnings.closure.recognize_it_ended,cat_change_loss_new_beginnings.closure.recognize_it_ended.v4.01,108,powerful,acceptance,I acknowledge that it ended,Accepting the ending lets me stop negotiating with it
change_loss_new_beginnings,change_loss_new_beginnings.closure,change_loss_new_beginnings.closure.recognize_it_ended,cat_change_loss_new_beginnings.closure.recognize_it_ended.v4.02,109,direct,reframe,I don't need another sign,What has ended doesn't require a perfect explanation
change_loss_new_beginnings,change_loss_new_beginnings.closure,change_loss_new_beginnings.closure.recognize_it_ended,cat_change_loss_new_beginnings.closure.recognize_it_ended.v4.03,110,direct,awareness,I face the ending clearly,Clarity hurts less than endless waiting
change_loss_new_beginnings,change_loss_new_beginnings.closure,change_loss_new_beginnings.closure.recognize_it_ended,cat_change_loss_new_beginnings.closure.recognize_it_ended.v4.04,111,powerful,action,I stop holding onto what is closed,My energy can return to what comes next
change_loss_new_beginnings,change_loss_new_beginnings.closure,change_loss_new_beginnings.closure.stop_searching_closed_door,cat_change_loss_new_beginnings.closure.stop_searching_closed_door.v4.01,120,powerful,reframe,I stop looking for another entrance,A closed door can be information too
change_loss_new_beginnings,change_loss_new_beginnings.closure,change_loss_new_beginnings.closure.stop_searching_closed_door,cat_change_loss_new_beginnings.closure.stop_searching_closed_door.v4.02,121,direct,boundary,I stop chasing an impossible answer,My peace matters more than another trip around the same place
change_loss_new_beginnings,change_loss_new_beginnings.closure,change_loss_new_beginnings.closure.stop_searching_closed_door,cat_change_loss_new_beginnings.closure.stop_searching_closed_door.v4.03,122,powerful,agency,I take my energy back,I make it available for my present life again
change_loss_new_beginnings,change_loss_new_beginnings.closure,change_loss_new_beginnings.closure.stop_searching_closed_door,cat_change_loss_new_beginnings.closure.stop_searching_closed_door.v4.04,123,direct,acceptance,I don't need to convince anyone,An ending doesn't change because I explain it better
change_loss_new_beginnings,change_loss_new_beginnings.closure,change_loss_new_beginnings.closure.honor_without_belonging,cat_change_loss_new_beginnings.closure.honor_without_belonging.v4.01,132,soft,acceptance,I honor it without going back,I can value a chapter without needing to belong to it
change_loss_new_beginnings,change_loss_new_beginnings.closure,change_loss_new_beginnings.closure.honor_without_belonging,cat_change_loss_new_beginnings.closure.honor_without_belonging.v4.02,133,direct,perspective,The past still has value,It doesn't need to become the present again
change_loss_new_beginnings,change_loss_new_beginnings.closure,change_loss_new_beginnings.closure.honor_without_belonging,cat_change_loss_new_beginnings.closure.honor_without_belonging.v4.04,135,powerful,identity,I don't belong there anymore,Acknowledging that doesn't erase who I was there
change_loss_new_beginnings,change_loss_new_beginnings.closure,change_loss_new_beginnings.closure.honor_without_belonging,cat_change_loss_new_beginnings.closure.honor_without_belonging.v4.06,137,soft,reframe,Saying goodbye can be love too,Letting go can honor what once mattered
change_loss_new_beginnings,change_loss_new_beginnings.rebuild,change_loss_new_beginnings.rebuild.start_with_whats_left,cat_change_loss_new_beginnings.rebuild.start_with_whats_left.v4.01,144,powerful,action,I start with what remains,I don't need to recover everything to rebuild
change_loss_new_beginnings,change_loss_new_beginnings.rebuild,change_loss_new_beginnings.rebuild.start_with_whats_left,cat_change_loss_new_beginnings.rebuild.start_with_whats_left.v4.02,145, direct,agency,I still have resources,I look at what I have before what I lost
change_loss_new_beginnings,change_loss_new_beginnings.rebuild,change_loss_new_beginnings.rebuild.start_with_whats_left,cat_change_loss_new_beginnings.rebuild.start_with_whats_left.v4.03,146,soft,reframe,A small foundation is enough,I can build from something imperfect but real
change_loss_new_beginnings,change_loss_new_beginnings.rebuild,change_loss_new_beginnings.rebuild.start_with_whats_left,cat_change_loss_new_beginnings.rebuild.start_with_whats_left.v4.04,147,powerful,acceptance,I don't wait to feel whole,Rebuilding happens while I keep living
change_loss_new_beginnings,change_loss_new_beginnings.rebuild,change_loss_new_beginnings.rebuild.rediscover_who_i_am,cat_change_loss_new_beginnings.rebuild.rediscover_who_i_am.v4.02,157,powerful,identity,I don't have to become who I was,I can discover who I am after this
change_loss_new_beginnings,change_loss_new_beginnings.rebuild,change_loss_new_beginnings.rebuild.rediscover_who_i_am,cat_change_loss_new_beginnings.rebuild.rediscover_who_i_am.v4.03,158,soft,awareness,I listen for what is still alive in me,"Interests, values, and desires can return"
change_loss_new_beginnings,change_loss_new_beginnings.rebuild,change_loss_new_beginnings.rebuild.rediscover_who_i_am,cat_change_loss_new_beginnings.rebuild.rediscover_who_i_am.v4.05,160,soft,permission,I give myself permission to change,Surviving something can transform me too
change_loss_new_beginnings,change_loss_new_beginnings.rebuild,change_loss_new_beginnings.rebuild.rediscover_who_i_am,cat_change_loss_new_beginnings.rebuild.rediscover_who_i_am.v4.06,161,powerful,growth,I rebuild my identity,Each choice adds a new piece
change_loss_new_beginnings,change_loss_new_beginnings.rebuild,change_loss_new_beginnings.rebuild.build_new_from_lived,cat_change_loss_new_beginnings.rebuild.build_new_from_lived.v4.01,168,powerful,integration,I build with what I've lived through,I don't need to pretend nothing happened
change_loss_new_beginnings,change_loss_new_beginnings.rebuild,change_loss_new_beginnings.rebuild.build_new_from_lived,cat_change_loss_new_beginnings.rebuild.build_new_from_lived.v4.02,169, direct,reframe,The past becomes material,I use experience instead of staying trapped in it
change_loss_new_beginnings,change_loss_new_beginnings.rebuild,change_loss_new_beginnings.rebuild.build_new_from_lived,cat_change_loss_new_beginnings.rebuild.build_new_from_lived.v4.03,170,powerful,agency,I make something new from what I learned,The same story can lead in a different direction
change_loss_new_beginnings,change_loss_new_beginnings.rebuild,change_loss_new_beginnings.rebuild.build_new_from_lived,cat_change_loss_new_beginnings.rebuild.build_new_from_lived.v4.04,171,soft,perspective,I don't waste my experience,"Pain, mistakes, and achievements can all teach me"
change_loss_new_beginnings,change_loss_new_beginnings.new_beginning,change_loss_new_beginnings.new_beginning.not_too_late,cat_change_loss_new_beginnings.new_beginning.not_too_late.v4.01,180,powerful,hope,I can still begin,My age doesn't make the future off-limits
change_loss_new_beginnings,change_loss_new_beginnings.new_beginning,change_loss_new_beginnings.new_beginning.not_too_late,cat_change_loss_new_beginnings.new_beginning.not_too_late.v4.02,181,direct,reframe,There is no single right time,Beginnings can happen later than expected too
change_loss_new_beginnings,change_loss_new_beginnings.new_beginning,change_loss_new_beginnings.new_beginning.not_too_late,cat_change_loss_new_beginnings.new_beginning.not_too_late.v4.03,182,powerful,action,I start from where I am,I don't need to recover imaginary lost time
change_loss_new_beginnings,change_loss_new_beginnings.new_beginning,change_loss_new_beginnings.new_beginning.not_too_late,cat_change_loss_new_beginnings.new_beginning.not_too_late.v4.06,185, direct,perspective,I don't compete with my past,I use what I've lived as my starting point
change_loss_new_beginnings,change_loss_new_beginnings.new_beginning,change_loss_new_beginnings.new_beginning.learning_comes_with_me,cat_change_loss_new_beginnings.new_beginning.learning_comes_with_me.v4.01,192,powerful,evidence,I'm not starting from zero,"I bring experience, judgment, and lessons with me"
change_loss_new_beginnings,change_loss_new_beginnings.new_beginning,change_loss_new_beginnings.new_beginning.learning_comes_with_me,cat_change_loss_new_beginnings.new_beginning.learning_comes_with_me.v4.02,193, direct,perspective,My story is a resource too,What I've lived can help me choose better
change_loss_new_beginnings,change_loss_new_beginnings.new_beginning,change_loss_new_beginnings.new_beginning.learning_comes_with_me,cat_change_loss_new_beginnings.new_beginning.learning_comes_with_me.v4.03,194,powerful,integration,I keep what I've learned,Changing paths doesn't erase the skills I've gained
change_loss_new_beginnings,change_loss_new_beginnings.new_beginning,change_loss_new_beginnings.new_beginning.learning_comes_with_me,cat_change_loss_new_beginnings.new_beginning.learning_comes_with_me.v4.06,197,powerful,trust,I have more tools than before,I can use them to build a different chapter
change_loss_new_beginnings,change_loss_new_beginnings.new_beginning,change_loss_new_beginnings.new_beginning.allow_different_story,cat_change_loss_new_beginnings.new_beginning.allow_different_story.v4.01,204,powerful,possibility,My story can change shape,I don't have to repeat the same plot
change_loss_new_beginnings,change_loss_new_beginnings.new_beginning,change_loss_new_beginnings.new_beginning.allow_different_story,cat_change_loss_new_beginnings.new_beginning.allow_different_story.v4.03,206,soft,uncertainty_tolerance,I don't know exactly what comes next,That leaves room for something new too
change_loss_new_beginnings,change_loss_new_beginnings.new_beginning,change_loss_new_beginnings.new_beginning.allow_different_story,cat_change_loss_new_beginnings.new_beginning.allow_different_story.v4.04,207, direct,agency,I choose new responses,A different story begins with different decisions
change_loss_new_beginnings,change_loss_new_beginnings.new_beginning,change_loss_new_beginnings.new_beginning.allow_different_story,cat_change_loss_new_beginnings.new_beginning.allow_different_story.v4.05,208,powerful,reframe,I don't need to repeat what's familiar,Familiar doesn't always mean right for me
confidence_courage,confidence_courage.believe_in_my_abilities,confidence_courage.believe_in_my_abilities.remember_my_capability,cat_confidence_courage.believe_in_my_abilities.remember_my_capability.v4.01,0,direct,evidence,I remember what I've already handled,My history holds evidence of my ability
confidence_courage,confidence_courage.believe_in_my_abilities,confidence_courage.believe_in_my_abilities.remember_my_capability,cat_confidence_courage.believe_in_my_abilities.remember_my_capability.v4.02,1,powerful,reframe,I know more than I feel I do,Doubt doesn't erase skills I've already built
confidence_courage,confidence_courage.believe_in_my_abilities,confidence_courage.believe_in_my_abilities.remember_my_capability,cat_confidence_courage.believe_in_my_abilities.remember_my_capability.v4.03,2,soft,trust,I trust my resources,I can learn what I still need
confidence_courage,confidence_courage.believe_in_my_abilities,confidence_courage.believe_in_my_abilities.remember_my_capability,cat_confidence_courage.believe_in_my_abilities.remember_my_capability.v4.04,3,powerful,identity,My ability is still with me,A moment of insecurity doesn't take it away
confidence_courage,confidence_courage.believe_in_my_abilities,confidence_courage.believe_in_my_abilities.trust_while_learning,cat_confidence_courage.believe_in_my_abilities.trust_while_learning.v4.01,12,soft,growth,I can learn without knowing everything,Confidence is practiced in the process too
confidence_courage,confidence_courage.believe_in_my_abilities,confidence_courage.believe_in_my_abilities.trust_while_learning,cat_confidence_courage.believe_in_my_abilities.trust_while_learning.v4.03,14,powerful,trust,I trust myself while I practice,Experience turns awkwardness into skill
confidence_courage,confidence_courage.believe_in_my_abilities,confidence_courage.believe_in_my_abilities.trust_while_learning,cat_confidence_courage.believe_in_my_abilities.trust_while_learning.v4.04,15,direct,perspective,Asking is a form of competence,Knowing what I don't know helps me grow
confidence_courage,confidence_courage.believe_in_my_abilities,confidence_courage.believe_in_my_abilities.trust_while_learning,cat_confidence_courage.believe_in_my_abilities.trust_while_learning.006,16,direct,perspective,Learning is progress too,Every capable person was once learning
confidence_courage,confidence_courage.believe_in_my_abilities,confidence_courage.believe_in_my_abilities.see_myself_as_capable,cat_confidence_courage.believe_in_my_abilities.see_myself_as_capable.v4.01,25,powerful,identity,I see myself as capable,I don't need to wait for approval to recognize it
confidence_courage,confidence_courage.believe_in_my_abilities,confidence_courage.believe_in_my_abilities.see_myself_as_capable,cat_confidence_courage.believe_in_my_abilities.see_myself_as_capable.v4.02,26,direct,evidence,I stop underestimating myself,I look at evidence instead of feeding automatic doubt
confidence_courage,confidence_courage.believe_in_my_abilities,confidence_courage.believe_in_my_abilities.see_myself_as_capable,cat_confidence_courage.believe_in_my_abilities.see_myself_as_capable.v4.03,27,powerful,trust,I trust myself to figure things out,Things don't have to go perfectly to prove I'm capable
confidence_courage,confidence_courage.believe_in_my_abilities,confidence_courage.believe_in_my_abilities.see_myself_as_capable,cat_confidence_courage.believe_in_my_abilities.see_myself_as_capable.v4.04,28,direct,appreciation,My ability deserves credit,I acknowledge what I do well without minimizing it
confidence_courage,confidence_courage.move_with_fear,confidence_courage.move_with_fear.next_step,cat_confidence_courage.move_with_fear.next_step.v4.01,37,powerful,action,I take the next step,I don't need to feel brave for the whole journey
confidence_courage,confidence_courage.move_with_fear,confidence_courage.move_with_fear.next_step,cat_confidence_courage.move_with_fear.next_step.v4.02,38,direct,agency,Fear can come with me,I don't let it make the decision
confidence_courage,confidence_courage.move_with_fear,confidence_courage.move_with_fear.next_step,cat_confidence_courage.move_with_fear.next_step.v4.03,39,soft,action,I make the next move small,One concrete action breaks paralysis
confidence_courage,confidence_courage.move_with_fear,confidence_courage.move_with_fear.next_step,cat_confidence_courage.move_with_fear.next_step.v4.04,40,powerful,reframe,I move with enough courage,I don't wait for fear to disappear completely
confidence_courage,confidence_courage.move_with_fear,confidence_courage.move_with_fear.fear_without_obedience,cat_confidence_courage.move_with_fear.fear_without_obedience.personal.ac8bc553,48,direct,acceptance,Discomfort isn't danger,I can hold difficult feelings while I grow
confidence_courage,confidence_courage.move_with_fear,confidence_courage.move_with_fear.fear_without_obedience,cat_confidence_courage.move_with_fear.fear_without_obedience.v4.01,50,powerful,agency,I listen to fear without obeying it,It can inform me without taking control
confidence_courage,confidence_courage.move_with_fear,confidence_courage.move_with_fear.fear_without_obedience,cat_confidence_courage.move_with_fear.fear_without_obedience.v4.02,51,direct,values,Fear doesn't get the final say,My values have a voice in the choice
confidence_courage,confidence_courage.move_with_fear,confidence_courage.move_with_fear.fear_without_obedience,cat_confidence_courage.move_with_fear.fear_without_obedience.v4.03,52,soft,reframe,I can be scared and still act,Courage happens in the presence of fear
confidence_courage,confidence_courage.move_with_fear,confidence_courage.move_with_fear.courageous_identity,cat_confidence_courage.move_with_fear.courageous_identity.v4.01,61,powerful,identity,I am someone who dares,My identity grows each time I act despite fear
confidence_courage,confidence_courage.move_with_fear,confidence_courage.move_with_fear.courageous_identity,cat_confidence_courage.move_with_fear.courageous_identity.v4.02,62,direct,consistency,I practice courage,Small decisions count too
confidence_courage,confidence_courage.move_with_fear,confidence_courage.move_with_fear.courageous_identity,cat_confidence_courage.move_with_fear.courageous_identity.v4.03,63,powerful,evidence,I prove courage through action,I don't need to feel invincible
confidence_courage,confidence_courage.move_with_fear,confidence_courage.move_with_fear.courageous_identity,cat_confidence_courage.move_with_fear.courageous_identity.v4.04,64,direct,commitment,I choose a life bigger than my fear,I don't let comfort decide everything
confidence_courage,confidence_courage.failure,confidence_courage.failure.failure_is_not_the_end,cat_confidence_courage.failure.failure_is_not_the_end.v4.01,73,powerful,resilience,One failure doesn't end my story,"I can still respond, learn, and try again"
confidence_courage,confidence_courage.failure,confidence_courage.failure.failure_is_not_the_end,cat_confidence_courage.failure.failure_is_not_the_end.v4.02,74,direct,reframe,"This failed, not me",I separate the outcome from my identity
confidence_courage,confidence_courage.failure,confidence_courage.failure.failure_is_not_the_end,cat_confidence_courage.failure.failure_is_not_the_end.v4.03,75,soft,recovery,I can try again,Experience changes my next move
confidence_courage,confidence_courage.failure,confidence_courage.failure.failure_is_not_the_end,cat_confidence_courage.failure.failure_is_not_the_end.v4.04,76,powerful,possibility,One outcome doesn't decide my future,There are still paths and decisions open to me
confidence_courage,confidence_courage.failure,confidence_courage.failure.learn_from_failure,cat_confidence_courage.failure.learn_from_failure.v4.01,84,direct,growth,I look for the lesson in the mistake,I don't need to turn it into a personal attack
confidence_courage,confidence_courage.failure,confidence_courage.failure.learn_from_failure,cat_confidence_courage.failure.learn_from_failure.v4.02,85,soft,learning,Every mistake can teach me something,I notice what to adjust for the next attempt
confidence_courage,confidence_courage.failure,confidence_courage.failure.learn_from_failure,cat_confidence_courage.failure.learn_from_failure.v4.03,86,direct,self_compassion,I correct myself without humiliating myself,Learning works better when I can look clearly
confidence_courage,confidence_courage.failure,confidence_courage.failure.learn_from_failure,cat_confidence_courage.failure.learn_from_failure.v4.04,87,powerful,reframe,Failure can become experience,I use it to design a better response
confidence_courage,confidence_courage.failure,confidence_courage.failure.risk_without_self_worth,cat_confidence_courage.failure.risk_without_self_worth.v4.01,98,powerful,self_worth,My worth is not on the line,A risk can go badly without diminishing me
confidence_courage,confidence_courage.failure,confidence_courage.failure.risk_without_self_worth,cat_confidence_courage.failure.risk_without_self_worth.v4.02,99,direct,reframe,I take risks without staking my worth,"The outcome evaluates an action, not my dignity"
confidence_courage,confidence_courage.failure,confidence_courage.failure.risk_without_self_worth,cat_confidence_courage.failure.risk_without_self_worth.v4.03,100,soft,identity,I can try and still be me,Success or rejection doesn't decide my worth
confidence_courage,confidence_courage.failure,confidence_courage.failure.risk_without_self_worth,cat_confidence_courage.failure.risk_without_self_worth.v4.04,101,direct,discernment,I take risks with perspective,I don't turn every attempt into a judgment of myself
confidence_courage,confidence_courage.impostor,confidence_courage.impostor.i_belong_here,cat_confidence_courage.impostor.i_belong_here.v4.01,108,powerful,belonging,I have the right to be here,I don't need to know everything to belong
confidence_courage,confidence_courage.impostor,confidence_courage.impostor.i_belong_here,cat_confidence_courage.impostor.i_belong_here.v4.03,110,soft,acceptance,Insecurity doesn't disqualify me,I can feel it and keep participating
confidence_courage,confidence_courage.impostor,confidence_courage.impostor.i_belong_here,cat_confidence_courage.impostor.i_belong_here.v4.04,111,powerful,identity,I take my place without apologizing,Learning in the room is part of belonging
confidence_courage,confidence_courage.impostor,confidence_courage.impostor.i_belong_here,cat_confidence_courage.impostor.i_belong_here.v4.extra.01,112,powerful,evidence,I didn't get here by accident,My path explains why I have a place here
confidence_courage,confidence_courage.impostor,confidence_courage.impostor.recognize_my_path,cat_confidence_courage.impostor.recognize_my_path.v4.01,120,direct,evidence,I recognize how far I've come,Real choices and effort brought me here
confidence_courage,confidence_courage.impostor,confidence_courage.impostor.recognize_my_path,cat_confidence_courage.impostor.recognize_my_path.v4.02,121,powerful,reframe,I don't minimize my part,Receiving help doesn't erase what I did
confidence_courage,confidence_courage.impostor,confidence_courage.impostor.recognize_my_path,cat_confidence_courage.impostor.recognize_my_path.v4.03,122,soft,appreciation,My story has earned its place,I see the hours no one else saw too
confidence_courage,confidence_courage.impostor,confidence_courage.impostor.recognize_my_path,cat_confidence_courage.impostor.recognize_my_path.v4.04,123,powerful,self_validation,I give myself credit for getting here,I don't need to explain it away as luck
confidence_courage,confidence_courage.impostor,confidence_courage.impostor.belong_without_mastery,cat_confidence_courage.impostor.belong_without_mastery.v4.01,132,soft,belonging,I can belong while I learn,Mastery is not an entry requirement
confidence_courage,confidence_courage.impostor,confidence_courage.impostor.belong_without_mastery,cat_confidence_courage.impostor.belong_without_mastery.v4.02,133,direct,reframe,I don't compete with others' years,My stage can exist alongside someone else's experience
confidence_courage,confidence_courage.impostor,confidence_courage.impostor.belong_without_mastery,cat_confidence_courage.impostor.belong_without_mastery.v4.03,134,powerful,identity,Learning here proves I belong,It doesn't prove I got here by mistake
confidence_courage,confidence_courage.impostor,confidence_courage.impostor.belong_without_mastery,cat_confidence_courage.impostor.belong_without_mastery.v4.04,135,direct,action,I ask questions without shrinking,Not knowing something doesn't erase my contribution
confidence_courage,confidence_courage.decisions,confidence_courage.decisions.choose_with_what_i_know,cat_confidence_courage.decisions.choose_with_what_i_know.v4.01,144,direct,agency,I decide with what I know today,I don't need infinite information to move forward
confidence_courage,confidence_courage.decisions,confidence_courage.decisions.choose_with_what_i_know,cat_confidence_courage.decisions.choose_with_what_i_know.v4.02,145,powerful,uncertainty_tolerance,Enough clarity is enough,A reasonable decision doesn't require total certainty
confidence_courage,confidence_courage.decisions,confidence_courage.decisions.choose_with_what_i_know,cat_confidence_courage.decisions.choose_with_what_i_know.v4.03,146,soft,reframe,I can adjust later,Choosing now doesn't lock me in forever
confidence_courage,confidence_courage.decisions,confidence_courage.decisions.choose_with_what_i_know,cat_confidence_courage.decisions.choose_with_what_i_know.v4.04,147,direct,trust,I trust my judgment today,"I use the data, values, and experience I have"
confidence_courage,confidence_courage.decisions,confidence_courage.decisions.stop_rechecking,cat_confidence_courage.decisions.stop_rechecking.v4.01,156,powerful,reframe,I stop reopening the decision,More thinking doesn't always create more clarity
confidence_courage,confidence_courage.decisions,confidence_courage.decisions.stop_rechecking,cat_confidence_courage.decisions.stop_rechecking.v4.02,157,direct,action,I close the decision,I save energy for making the chosen path work
confidence_courage,confidence_courage.decisions,confidence_courage.decisions.stop_rechecking,cat_confidence_courage.decisions.stop_rechecking.v4.03,158,soft,acceptance,I don't need perfect hindsight,A choice can be valid without feeling perfect
confidence_courage,confidence_courage.decisions,confidence_courage.decisions.stop_rechecking,cat_confidence_courage.decisions.stop_rechecking.v4.04,159,powerful,commitment,I trust myself after choosing,My attention returns to what I can build now
confidence_courage,confidence_courage.decisions,confidence_courage.decisions.own_my_choices,cat_confidence_courage.decisions.own_my_choices.v4.01,168,powerful,ownership,My decisions are mine,I can own them without punishing myself for every outcome
confidence_courage,confidence_courage.decisions,confidence_courage.decisions.own_my_choices,cat_confidence_courage.decisions.own_my_choices.v4.02,169,direct,reframe,I take responsibility for my direction,Responsibility doesn't mean permanent guilt
confidence_courage,confidence_courage.decisions,confidence_courage.decisions.own_my_choices,cat_confidence_courage.decisions.own_my_choices.v4.03,170,soft,growth,I learn from what I choose,"If something fails, I use the information to adjust"
confidence_courage,confidence_courage.decisions,confidence_courage.decisions.own_my_choices,cat_confidence_courage.decisions.own_my_choices.v4.04,171,direct,agency,I don't hand over my life,I listen to advice without giving away my judgment
confidence_courage,confidence_courage.take_space,confidence_courage.take_space.my_voice_matters,cat_confidence_courage.take_space.my_voice_matters.v4.01,180,powerful,identity,My voice matters,I don't need perfect words to participate
confidence_courage,confidence_courage.take_space,confidence_courage.take_space.my_voice_matters,cat_confidence_courage.take_space.my_voice_matters.v4.02,181,direct,self_validation,I have something to contribute,My perspective deserves a place in the conversation
confidence_courage,confidence_courage.take_space,confidence_courage.take_space.my_voice_matters,cat_confidence_courage.take_space.my_voice_matters.v4.03,182,powerful,action,I don't erase myself before speaking,I let others decide what to do with my opinion
confidence_courage,confidence_courage.take_space,confidence_courage.take_space.my_voice_matters,cat_confidence_courage.take_space.my_voice_matters.v4.04,183,soft,permission,I can be heard,I don't have to be the loudest voice
confidence_courage,confidence_courage.take_space,confidence_courage.take_space.speak_clearly,cat_confidence_courage.take_space.speak_clearly.v4.01,192,direct,action,I say what I think clearly,I don't hide my message behind unnecessary apologies
confidence_courage,confidence_courage.take_space,confidence_courage.take_space.speak_clearly,cat_confidence_courage.take_space.speak_clearly.v4.02,193,powerful,boundary,My message can be simple,I don't need to overexplain to deserve attention
confidence_courage,confidence_courage.take_space,confidence_courage.take_space.speak_clearly,cat_confidence_courage.take_space.speak_clearly.v4.03,194,direct,balance,I speak with respect and firmness,Both can exist at the same time
confidence_courage,confidence_courage.take_space,confidence_courage.take_space.speak_clearly,cat_confidence_courage.take_space.speak_clearly.v4.04,195,soft,trust,I trust my words,I can clarify if something needs more precision
confidence_courage,confidence_courage.take_space,confidence_courage.take_space.stop_shrinking,cat_confidence_courage.take_space.stop_shrinking.v4.01,206,powerful,identity,I stop making myself smaller,I don't sacrifice presence to make others more comfortable
confidence_courage,confidence_courage.take_space,confidence_courage.take_space.stop_shrinking,cat_confidence_courage.take_space.stop_shrinking.v4.02,207,direct,permission,I take the space I need,My existence doesn't require constant permission
confidence_courage,confidence_courage.take_space,confidence_courage.take_space.stop_shrinking,cat_confidence_courage.take_space.stop_shrinking.v4.03,208,powerful,boundary,I don't lower my worth to fit in,I can connect without diminishing myself
confidence_courage,confidence_courage.take_space,confidence_courage.take_space.stop_shrinking,cat_confidence_courage.take_space.stop_shrinking.v4.04,209,soft,growth,I show up more freely,I need to hide less and less of myself
connection_belonging,connection_belonging.loneliness,connection_belonging.loneliness.lonely_not_destined,cat_connection_belonging.loneliness.lonely_not_destined.v4.01,0,powerful,hope,Today's loneliness is not my destiny,My social life can still change
connection_belonging,connection_belonging.loneliness,connection_belonging.loneliness.lonely_not_destined,cat_connection_belonging.loneliness.lonely_not_destined.v4.03,2,direct,reframe,Needing connection is human,I don't turn that need into shame
connection_belonging,connection_belonging.loneliness,connection_belonging.loneliness.lonely_not_destined,cat_connection_belonging.loneliness.lonely_not_destined.v4.05,4,powerful,identity,My worth doesn't depend on constant company,I still have value during lonely seasons
connection_belonging,connection_belonging.loneliness,connection_belonging.loneliness.lonely_not_destined,cat_connection_belonging.loneliness.lonely_not_destined.v4.06,5,direct,agency,"I seek movement, not a verdict",One small social action changes possibilities
connection_belonging,connection_belonging.loneliness,connection_belonging.loneliness.small_contacts,cat_connection_belonging.loneliness.small_contacts.v4.02,13,direct,action,"I say hello, ask, and listen",Everyday connection grows through simple gestures
connection_belonging,connection_belonging.loneliness,connection_belonging.loneliness.small_contacts,cat_connection_belonging.loneliness.small_contacts.v4.03,14,direct,reframe,I don't dismiss casual connection,Not every connection needs to become a deep friendship
connection_belonging,connection_belonging.loneliness,connection_belonging.loneliness.small_contacts,cat_connection_belonging.loneliness.small_contacts.v4.05,16,direct,consistency,I return to shared spaces,Repetition creates natural opportunities for connection
connection_belonging,connection_belonging.loneliness,connection_belonging.loneliness.small_contacts,cat_connection_belonging.loneliness.small_contacts.v4.06,17,powerful,growth,My social world can grow slowly,"Small, steady steps can transform it too"
connection_belonging,connection_belonging.loneliness,connection_belonging.loneliness.loneliness_not_identity,cat_connection_belonging.loneliness.loneliness_not_identity.v4.01,24,powerful,reframe,I feel lonely; I am not loneliness,One emotion doesn't define my whole identity
connection_belonging,connection_belonging.loneliness,connection_belonging.loneliness.loneliness_not_identity,cat_connection_belonging.loneliness.loneliness_not_identity.v4.02,25, direct,perspective,This season doesn't define all of me,My life holds more than my social situation
connection_belonging,connection_belonging.loneliness,connection_belonging.loneliness.loneliness_not_identity,cat_connection_belonging.loneliness.loneliness_not_identity.v4.05,28,powerful,identity,My identity is still bigger than this,"My interests, values, and abilities remain"
connection_belonging,connection_belonging.loneliness,connection_belonging.loneliness.loneliness_not_identity,cat_connection_belonging.loneliness.loneliness_not_identity.v4.06,29,direct,agency,I respond to the need without labeling myself,I seek contact instead of writing a sentence against myself
connection_belonging,connection_belonging.belonging,connection_belonging.belonging.right_to_belong,cat_connection_belonging.belonging.right_to_belong.v4.01,36,powerful,belonging,I have the right to belong,I don't need to earn basic human belonging
connection_belonging,connection_belonging.belonging,connection_belonging.belonging.right_to_belong,cat_connection_belonging.belonging.right_to_belong.v4.02,37,direct,identity,My presence adds something,I'm not an accidental guest in every room
connection_belonging,connection_belonging.belonging,connection_belonging.belonging.right_to_belong,cat_connection_belonging.belonging.right_to_belong.v4.04,39,powerful,reframe,I don't need to justify my existence,Belonging doesn't require constant performance
connection_belonging,connection_belonging.belonging,connection_belonging.belonging.right_to_belong,cat_connection_belonging.belonging.right_to_belong.v4.05,40,direct,boundary,I seek spaces that welcome me too,Belonging shouldn't depend only on my effort
connection_belonging,connection_belonging.belonging,connection_belonging.belonging.belong_without_same,cat_connection_belonging.belonging.belong_without_same.v4.01,48,powerful,reframe,I can belong while being different,Total similarity isn't required for connection
connection_belonging,connection_belonging.belonging,connection_belonging.belonging.belong_without_same,cat_connection_belonging.belonging.belong_without_same.v4.02,49,direct,identity,I keep what makes me distinct,I don't change everything about myself to fit in
connection_belonging,connection_belonging.belonging,connection_belonging.belonging.belong_without_same,cat_connection_belonging.belonging.belong_without_same.v4.04,51,direct,acceptance,I don't need to agree on everything,Respect can hold connection between different people
connection_belonging,connection_belonging.belonging,connection_belonging.belonging.belong_without_same,cat_connection_belonging.belonging.belong_without_same.v4.06,53,powerful,boundary,My individuality belongs too,I don't need to dilute myself to be included
connection_belonging,connection_belonging.belonging,connection_belonging.belonging.belong_without_losing_self,cat_connection_belonging.belonging.belong_without_losing_self.v4.01,60,powerful,boundary,I don't lose myself to belong,Healthy connection leaves room for my identity
connection_belonging,connection_belonging.belonging,connection_belonging.belonging.belong_without_losing_self,cat_connection_belonging.belonging.belong_without_losing_self.v4.02,61,direct,identity,Belonging doesn't require self-betrayal,My values stay mine inside a group
connection_belonging,connection_belonging.belonging,connection_belonging.belonging.belong_without_losing_self,cat_connection_belonging.belonging.belong_without_losing_self.v4.04,63,direct,agency,I keep my voice,Being connected doesn't mean giving up my own judgment
connection_belonging,connection_belonging.belonging,connection_belonging.belonging.belong_without_losing_self,cat_connection_belonging.belonging.belong_without_losing_self.v4.06,65,powerful,reframe,Not every place of belonging is for me,I leave spaces where I only fit by shrinking
connection_belonging,connection_belonging.find_my_people,connection_belonging.find_my_people.people_i_can_connect_with,cat_connection_belonging.find_my_people.people_i_can_connect_with.v4.01,73,powerful,hope,There are people I can connect with,I haven't met all of my people yet
connection_belonging,connection_belonging.find_my_people,connection_belonging.find_my_people.people_i_can_connect_with,cat_connection_belonging.find_my_people.people_i_can_connect_with.v4.02,74,direct,reframe,I don't need everyone to like me,"I look for compatibility, not universal approval"
connection_belonging,connection_belonging.find_my_people,connection_belonging.find_my_people.people_i_can_connect_with,cat_connection_belonging.find_my_people.people_i_can_connect_with.v4.04,76,direct,agency,I move toward spaces that fit me,Connection also depends on where I choose to participate
connection_belonging,connection_belonging.find_my_people,connection_belonging.find_my_people.people_i_can_connect_with,cat_connection_belonging.find_my_people.people_i_can_connect_with.v4.06,78,powerful,perspective,I don't treat every mismatch as destiny,One poor fit doesn't define my possibilities
connection_belonging,connection_belonging.find_my_people,connection_belonging.find_my_people.give_new_connections_chance,cat_connection_belonging.find_my_people.give_new_connections_chance.v4.02,85,direct,discernment,I don't decide too quickly,Some connections need repetition before they feel natural
connection_belonging,connection_belonging.find_my_people,connection_belonging.find_my_people.give_new_connections_chance,cat_connection_belonging.find_my_people.give_new_connections_chance.v4.03,86,soft,acceptance,I allow some social discomfort,New things rarely feel familiar right away
connection_belonging,connection_belonging.find_my_people,connection_belonging.find_my_people.give_new_connections_chance,cat_connection_belonging.find_my_people.give_new_connections_chance.v4.04,87,direct,consistency,I keep showing up,Connection grows when we share more than one moment
connection_belonging,connection_belonging.find_my_people,connection_belonging.find_my_people.give_new_connections_chance,cat_connection_belonging.find_my_people.give_new_connections_chance.v4.06,89,powerful,reframe,I don't demand instant chemistry,I give the relationship time to show what it can become
connection_belonging,connection_belonging.find_my_people,connection_belonging.find_my_people.build_my_community,cat_connection_belonging.find_my_people.build_my_community.v4.01,96,powerful,agency,I build community actively,I don't wait for every connection to arrive on its own
connection_belonging,connection_belonging.find_my_people,connection_belonging.find_my_people.build_my_community,cat_connection_belonging.find_my_people.build_my_community.v4.02,97, direct,action,I invite and initiate,One small initiative can bring people together
connection_belonging,connection_belonging.find_my_people,connection_belonging.find_my_people.build_my_community,cat_connection_belonging.find_my_people.build_my_community.v4.05,100,soft,consistency,Community grows slowly,Trust and familiarity need repetition
connection_belonging,connection_belonging.find_my_people,connection_belonging.find_my_people.build_my_community,cat_connection_belonging.find_my_people.build_my_community.v4.06,101,powerful,identity,I can be part of what I seek,I offer the kind of connection I want to find
connection_belonging,connection_belonging.friendships,connection_belonging.friendships.friendship_starts_small,cat_connection_belonging.friendships.friendship_starts_small.v4.03,110,direct,consistency,I repeat small moments of contact,Familiarity turns strangers into familiar people
connection_belonging,connection_belonging.friendships,connection_belonging.friendships.friendship_starts_small,cat_connection_belonging.friendships.friendship_starts_small.v4.04,111,soft,action,I take genuine interest,Asking and listening build friendship too
connection_belonging,connection_belonging.friendships,connection_belonging.friendships.friendship_starts_small,cat_connection_belonging.friendships.friendship_starts_small.v4.05,112,direct,acceptance,I let connection mature,I don't rush closeness that needs time
connection_belonging,connection_belonging.friendships,connection_belonging.friendships.friendship_starts_small,cat_connection_belonging.friendships.friendship_starts_small.v4.06,113,powerful,hope,Every interaction can add something,I don't dismiss brief but genuine connections
connection_belonging,connection_belonging.friendships,connection_belonging.friendships.take_initiative,cat_connection_belonging.friendships.take_initiative.v4.01,120,powerful,action,I take the initiative,I don't always wait for someone else to make the first move
connection_belonging,connection_belonging.friendships,connection_belonging.friendships.take_initiative,cat_connection_belonging.friendships.take_initiative.v4.03,122,powerful,reframe,Showing interest doesn't make me needy,Reciprocity starts when someone moves first
connection_belonging,connection_belonging.friendships,connection_belonging.friendships.take_initiative,cat_connection_belonging.friendships.take_initiative.v4.04,123,soft,agency,I can invite without controlling the answer,My worth doesn't depend on always hearing yes
connection_belonging,connection_belonging.friendships,connection_belonging.friendships.take_initiative,cat_connection_belonging.friendships.take_initiative.v4.05,124,direct,commitment,I create chances to connect,I don't leave my entire social life to chance
connection_belonging,connection_belonging.friendships,connection_belonging.friendships.care_for_valuable_friendships,cat_connection_belonging.friendships.care_for_valuable_friendships.v4.01,132,powerful,commitment,I care for friendships that matter,Closeness needs repeated attention too
connection_belonging,connection_belonging.friendships,connection_belonging.friendships.care_for_valuable_friendships,cat_connection_belonging.friendships.care_for_valuable_friendships.v4.02,133,direct,action,I ask how they're doing,Care becomes real when I express it
connection_belonging,connection_belonging.friendships,connection_belonging.friendships.care_for_valuable_friendships,cat_connection_belonging.friendships.care_for_valuable_friendships.v4.03,134, direct,values,I make room for [my friends],What matters deserves space in my schedule
connection_belonging,connection_belonging.friendships,connection_belonging.friendships.care_for_valuable_friendships,cat_connection_belonging.friendships.care_for_valuable_friendships.v4.05,136,direct,recovery,I repair what matters,One difficult moment doesn't have to end a valuable friendship
connection_belonging,connection_belonging.authentic_connection,connection_belonging.authentic_connection.no_need_to_act,cat_connection_belonging.authentic_connection.no_need_to_act.v4.01,145,direct,reframe,I don't need to play a role,Real connection begins when I stop performing
connection_belonging,connection_belonging.authentic_connection,connection_belonging.authentic_connection.no_need_to_act,cat_connection_belonging.authentic_connection.no_need_to_act.v4.02,146,powerful,identity,I speak from who I am,I don't need to become more interesting to connect
connection_belonging,connection_belonging.authentic_connection,connection_belonging.authentic_connection.no_need_to_act,cat_connection_belonging.authentic_connection.no_need_to_act.v4.04,148,direct,acceptance,My authenticity is enough,Some people will connect with me and others won't
connection_belonging,connection_belonging.authentic_connection,connection_belonging.authentic_connection.no_need_to_act,cat_connection_belonging.authentic_connection.no_need_to_act.v4.05,149,powerful,boundary,I don't chase universal approval,I look for relationships where I can relax
connection_belonging,connection_belonging.authentic_connection,connection_belonging.authentic_connection.show_more_of_me,cat_connection_belonging.authentic_connection.show_more_of_me.v4.02,158,direct,vulnerability,I share what matters to me,I let someone know real parts of me
connection_belonging,connection_belonging.authentic_connection,connection_belonging.authentic_connection.show_more_of_me,cat_connection_belonging.authentic_connection.show_more_of_me.v4.03,159,direct,boundary,I don't have to share everything,Being genuine doesn't mean losing my boundaries
connection_belonging,connection_belonging.authentic_connection,connection_belonging.authentic_connection.show_more_of_me,cat_connection_belonging.authentic_connection.show_more_of_me.v4.04,160,powerful,action,I share my own opinion,Connection needs something real to meet
connection_belonging,connection_belonging.authentic_connection,connection_belonging.authentic_connection.show_more_of_me,cat_connection_belonging.authentic_connection.show_more_of_me.v4.06,162,powerful,identity,My inner world deserves space,I don't automatically hide what excites me
connection_belonging,connection_belonging.authentic_connection,connection_belonging.authentic_connection.be_truly_known,cat_connection_belonging.authentic_connection.be_truly_known.v4.01,168,powerful,desire,I want relationships where I'm known,Not just edited versions of me
connection_belonging,connection_belonging.authentic_connection,connection_belonging.authentic_connection.be_truly_known,cat_connection_belonging.authentic_connection.be_truly_known.v4.04,171,direct,reframe,I don't hide every contradiction,Being human includes different days and different sides
connection_belonging,connection_belonging.authentic_connection,connection_belonging.authentic_connection.be_truly_known,cat_connection_belonging.authentic_connection.be_truly_known.v4.05,172,powerful,discernment,I choose trustworthy people,Not every vulnerability deserves the same access
connection_belonging,connection_belonging.authentic_connection,connection_belonging.authentic_connection.be_truly_known,cat_connection_belonging.authentic_connection.be_truly_known.v4.extra.01,174,direct,vulnerability,I share the imperfect parts too,I don't need to show only my most polished self
connection_belonging,connection_belonging.own_company,connection_belonging.own_company.alone_without_missing_something,cat_connection_belonging.own_company.alone_without_missing_something.v4.01,180,powerful,reframe,Being alone doesn't mean something is missing,My life can be full without constant company
connection_belonging,connection_belonging.own_company,connection_belonging.own_company.alone_without_missing_something,cat_connection_belonging.own_company.alone_without_missing_something.v4.02,181,soft,presence,I enjoy time with myself,Not every empty space needs to be filled
connection_belonging,connection_belonging.own_company,connection_belonging.own_company.alone_without_missing_something,cat_connection_belonging.own_company.alone_without_missing_something.v4.03,182, direct,identity,My own company counts,I can be someone I enjoy being with too
connection_belonging,connection_belonging.own_company,connection_belonging.own_company.alone_without_missing_something,cat_connection_belonging.own_company.alone_without_missing_something.v4.04,183,soft,perspective,Chosen solitude can nourish me,It gives me space to listen to myself and rest
connection_belonging,connection_belonging.own_company,connection_belonging.own_company.make_alone_time_habitable,cat_connection_belonging.own_company.make_alone_time_habitable.v4.01,192,direct,action,I make alone time enjoyable,I create routines that feel good to me
connection_belonging,connection_belonging.own_company,connection_belonging.own_company.make_alone_time_habitable,cat_connection_belonging.own_company.make_alone_time_habitable.v4.02,193,powerful,agency,I don't wait for company to live,I make plans I enjoy on my own too
connection_belonging,connection_belonging.own_company,connection_belonging.own_company.make_alone_time_habitable,cat_connection_belonging.own_company.make_alone_time_habitable.v4.04,195,direct,growth,I learn what I enjoy alone,Independence is discovered through practice too
connection_belonging,connection_belonging.own_company,connection_belonging.own_company.make_alone_time_habitable,cat_connection_belonging.own_company.make_alone_time_habitable.v4.06,197,powerful,commitment,I don't abandon the day because I'm alone,My time still has value
connection_belonging,connection_belonging.own_company,connection_belonging.own_company.good_relationship_with_myself,cat_connection_belonging.own_company.good_relationship_with_myself.v4.01,204,soft,desire,I want to enjoy being me,My relationship with myself deserves attention too
connection_belonging,connection_belonging.own_company,connection_belonging.own_company.good_relationship_with_myself,cat_connection_belonging.own_company.good_relationship_with_myself.v4.03,205,soft,self_compassion,I speak to myself like someone I care about,Firmness and respect can coexist
connection_belonging,connection_belonging.own_company,connection_belonging.own_company.good_relationship_with_myself,cat_connection_belonging.own_company.good_relationship_with_myself.v4.05,207,direct,commitment,I keep plans with myself,My own company deserves real commitments
connection_belonging,connection_belonging.own_company,connection_belonging.own_company.good_relationship_with_myself,cat_connection_belonging.own_company.good_relationship_with_myself.v4.06,208,powerful,growth,I build inner trust,"Every time I care for myself, I strengthen our relationship"
expectations_boundaries_freedom,expectations_boundaries_freedom.external_expectations,expectations_boundaries_freedom.external_expectations.not_live_all_expectations,cat_expectations_boundaries_freedom.external_expectations.not_live_all_expectations.v4.01,1,powerful,identity,My life belongs to me too,I can't fulfill every plan others imagine for me
expectations_boundaries_freedom,expectations_boundaries_freedom.external_expectations,expectations_boundaries_freedom.external_expectations.not_live_all_expectations,cat_expectations_boundaries_freedom.external_expectations.not_live_all_expectations.v4.03,3,direct,discernment,I choose which expectations I accept,My values get a say in the decision
expectations_boundaries_freedom,expectations_boundaries_freedom.external_expectations,expectations_boundaries_freedom.external_expectations.not_live_all_expectations,cat_expectations_boundaries_freedom.external_expectations.not_live_all_expectations.v4.05,5,powerful,boundary,I don't trade my life for approval,The cost of pleasing others matters too
expectations_boundaries_freedom,expectations_boundaries_freedom.external_expectations,expectations_boundaries_freedom.external_expectations.tolerate_disapproval,cat_expectations_boundaries_freedom.external_expectations.tolerate_disapproval.v4.02,13,powerful,reframe,Not everyone has to understand me,A decision can be valid without consensus
expectations_boundaries_freedom,expectations_boundaries_freedom.external_expectations,expectations_boundaries_freedom.external_expectations.tolerate_disapproval,cat_expectations_boundaries_freedom.external_expectations.tolerate_disapproval.v4.04,15,direct,trust,I hold my ground calmly,I hear reasons without abandoning my own voice
expectations_boundaries_freedom,expectations_boundaries_freedom.external_expectations,expectations_boundaries_freedom.external_expectations.tolerate_disapproval,cat_expectations_boundaries_freedom.external_expectations.tolerate_disapproval.v4.06,17,powerful,perspective,Social discomfort passes,My life continues after disagreement
expectations_boundaries_freedom,expectations_boundaries_freedom.external_expectations,expectations_boundaries_freedom.external_expectations.advice_not_command,cat_expectations_boundaries_freedom.external_expectations.advice_not_command.v4.01,24,powerful,reframe,Advice is not an order,I can hear it without handing over my decision
expectations_boundaries_freedom,expectations_boundaries_freedom.external_expectations,expectations_boundaries_freedom.external_expectations.advice_not_command,cat_expectations_boundaries_freedom.external_expectations.advice_not_command.v4.03,26,direct,agency,I take what helps and leave the rest,I don't need to accept the whole package
expectations_boundaries_freedom,expectations_boundaries_freedom.external_expectations,expectations_boundaries_freedom.external_expectations.advice_not_command,cat_expectations_boundaries_freedom.external_expectations.advice_not_command.v4.04,27,powerful,ownership,My experience counts too,Someone else doesn't live the consequences for me
expectations_boundaries_freedom,expectations_boundaries_freedom.external_expectations,expectations_boundaries_freedom.external_expectations.stop_negotiating_self_for_approval,cat_expectations_boundaries_freedom.external_expectations.stop_negotiating_self_for_approval.v4.01,37,powerful,boundary,I don't trade myself for approval,Acceptance bought with self-abandonment costs too much
expectations_boundaries_freedom,expectations_boundaries_freedom.external_expectations,expectations_boundaries_freedom.external_expectations.stop_negotiating_self_for_approval,cat_expectations_boundaries_freedom.external_expectations.stop_negotiating_self_for_approval.v4.02,38,powerful,identity,I don't reshape myself to be liked,I prefer relationships that fit who I am
expectations_boundaries_freedom,expectations_boundaries_freedom.external_expectations,expectations_boundaries_freedom.external_expectations.stop_negotiating_self_for_approval,cat_expectations_boundaries_freedom.external_expectations.stop_negotiating_self_for_approval.v4.05,41,direct,discernment,I don't give more than I want to give,Generosity loses meaning when it comes from fear
expectations_boundaries_freedom,expectations_boundaries_freedom.self_pressure,expectations_boundaries_freedom.self_pressure.not_everything_needs_maximum,cat_expectations_boundaries_freedom.self_pressure.not_everything_needs_maximum.v4.01,48,powerful,discernment,Not everything deserves my maximum,I distribute effort according to what truly matters
expectations_boundaries_freedom,expectations_boundaries_freedom.self_pressure,expectations_boundaries_freedom.self_pressure.not_everything_needs_maximum,cat_expectations_boundaries_freedom.self_pressure.not_everything_needs_maximum.v4.04,51,direct,acceptance,My one hundred percent changes,Today's capacity isn't always yesterday's
expectations_boundaries_freedom,expectations_boundaries_freedom.self_pressure,expectations_boundaries_freedom.self_pressure.not_everything_needs_maximum,cat_expectations_boundaries_freedom.self_pressure.not_everything_needs_maximum.v4.05,52,powerful,reframe,I don't optimize my whole life,I leave room for ease and enjoyment too
expectations_boundaries_freedom,expectations_boundaries_freedom.self_pressure,expectations_boundaries_freedom.self_pressure.not_everything_needs_maximum,cat_expectations_boundaries_freedom.self_pressure.not_everything_needs_maximum.v4.06,53,direct,agency,I choose where to push myself,Intention matters more than automatic pressure
expectations_boundaries_freedom,expectations_boundaries_freedom.self_pressure,expectations_boundaries_freedom.self_pressure.allow_enough,cat_expectations_boundaries_freedom.self_pressure.allow_enough.v4.02,61,powerful,reframe,Good enough can be a goal,Not everything needs to become extraordinary
expectations_boundaries_freedom,expectations_boundaries_freedom.self_pressure,expectations_boundaries_freedom.self_pressure.allow_enough,cat_expectations_boundaries_freedom.self_pressure.allow_enough.v4.03,62, direct,boundary,I stop in time,I finish before pressure consumes everything
expectations_boundaries_freedom,expectations_boundaries_freedom.self_pressure,expectations_boundaries_freedom.self_pressure.allow_enough,cat_expectations_boundaries_freedom.self_pressure.allow_enough.v4.04,63,soft,permission,I can be satisfied,I don't need to find a flaw after every achievement
expectations_boundaries_freedom,expectations_boundaries_freedom.self_pressure,expectations_boundaries_freedom.self_pressure.allow_enough,cat_expectations_boundaries_freedom.self_pressure.allow_enough.v4.05,64,powerful,commitment,I stop moving the goalpost,I recognize the point I once said would be enough
expectations_boundaries_freedom,expectations_boundaries_freedom.self_pressure,expectations_boundaries_freedom.self_pressure.ambition_without_harm,cat_expectations_boundaries_freedom.self_pressure.ambition_without_harm.v4.02,73,direct,values,I build sustainable success,I don't trade my health for unnecessary speed
expectations_boundaries_freedom,expectations_boundaries_freedom.self_pressure,expectations_boundaries_freedom.self_pressure.ambition_without_harm,cat_expectations_boundaries_freedom.self_pressure.ambition_without_harm.v4.04,75,powerful,discernment,I don't use pain as proof of commitment,Progress can be demanding without being destructive
expectations_boundaries_freedom,expectations_boundaries_freedom.self_pressure,expectations_boundaries_freedom.self_pressure.ambition_without_harm,cat_expectations_boundaries_freedom.self_pressure.ambition_without_harm.v4.05,76,direct,perspective,My future needs energy too,I don't spend today everything I'll need tomorrow
expectations_boundaries_freedom,expectations_boundaries_freedom.self_pressure,expectations_boundaries_freedom.self_pressure.ambition_without_harm,cat_expectations_boundaries_freedom.self_pressure.ambition_without_harm.v4.06,77,powerful,commitment,I choose ambition I can sustain,I want to arrive without losing myself on the way
expectations_boundaries_freedom,expectations_boundaries_freedom.perfectionism,expectations_boundaries_freedom.perfectionism.done_better_than_perfect,cat_expectations_boundaries_freedom.perfectionism.done_better_than_perfect.v4.01,84,direct,action,Done beats perfect,Something real can be improved later
expectations_boundaries_freedom,expectations_boundaries_freedom.perfectionism,expectations_boundaries_freedom.perfectionism.done_better_than_perfect,cat_expectations_boundaries_freedom.perfectionism.done_better_than_perfect.v4.02,85,powerful,discernment,I ship before I exhaust it,Perfection doesn't always add value
expectations_boundaries_freedom,expectations_boundaries_freedom.perfectionism,expectations_boundaries_freedom.perfectionism.done_better_than_perfect,cat_expectations_boundaries_freedom.perfectionism.done_better_than_perfect.v4.04,86,powerful,growth,I learn from what I finish,Reality gives feedback that thinking alone can't
expectations_boundaries_freedom,expectations_boundaries_freedom.perfectionism,expectations_boundaries_freedom.perfectionism.done_better_than_perfect,cat_expectations_boundaries_freedom.perfectionism.done_better_than_perfect.v4.06,88,direct,boundary,I stop when it does its job,I don't keep polishing out of fear of judgment
expectations_boundaries_freedom,expectations_boundaries_freedom.perfectionism,expectations_boundaries_freedom.perfectionism.tolerate_flaws,cat_expectations_boundaries_freedom.perfectionism.tolerate_flaws.v4.01,96,powerful,reframe,Flaws can exist in something good,Imperfection doesn't mean failure
expectations_boundaries_freedom,expectations_boundaries_freedom.perfectionism,expectations_boundaries_freedom.perfectionism.tolerate_flaws,cat_expectations_boundaries_freedom.perfectionism.tolerate_flaws.v4.03,98,direct,acceptance,I let small mistakes exist,Not everything needs immediate repair
expectations_boundaries_freedom,expectations_boundaries_freedom.perfectionism,expectations_boundaries_freedom.perfectionism.tolerate_flaws,cat_expectations_boundaries_freedom.perfectionism.tolerate_flaws.v4.04,99,powerful,perspective,Being human includes mistakes,I don't demand that I be the exception
expectations_boundaries_freedom,expectations_boundaries_freedom.perfectionism,expectations_boundaries_freedom.perfectionism.tolerate_flaws,cat_expectations_boundaries_freedom.perfectionism.tolerate_flaws.v4.05,100,direct,awareness,I don't magnify every detail,I look at the whole before I judge
expectations_boundaries_freedom,expectations_boundaries_freedom.perfectionism,expectations_boundaries_freedom.perfectionism.stop_needing_impeccable,cat_expectations_boundaries_freedom.perfectionism.stop_needing_impeccable.v4.01,108,powerful,reframe,I don't need to be flawless,Being reliable doesn't require zero mistakes
expectations_boundaries_freedom,expectations_boundaries_freedom.perfectionism,expectations_boundaries_freedom.perfectionism.stop_needing_impeccable,cat_expectations_boundaries_freedom.perfectionism.stop_needing_impeccable.v4.02,109,soft,permission,I allow room for error,Excellence needs flexibility too
expectations_boundaries_freedom,expectations_boundaries_freedom.perfectionism,expectations_boundaries_freedom.perfectionism.stop_needing_impeccable,cat_expectations_boundaries_freedom.perfectionism.stop_needing_impeccable.v4.03,110,powerful,self_worth,I don't live under constant evaluation,My worth isn't decided by every action
expectations_boundaries_freedom,expectations_boundaries_freedom.perfectionism,expectations_boundaries_freedom.perfectionism.stop_needing_impeccable,cat_expectations_boundaries_freedom.perfectionism.stop_needing_impeccable.v4.04,111,direct,action,I correct without dramatizing,A mistake can stay its actual size
expectations_boundaries_freedom,expectations_boundaries_freedom.boundaries,expectations_boundaries_freedom.boundaries.saying_no_can_protect_me,cat_expectations_boundaries_freedom.boundaries.saying_no_can_protect_me.v4.01,121,direct,boundary,Saying no protects me too,A boundary prevents commitments that later weigh on me
expectations_boundaries_freedom,expectations_boundaries_freedom.boundaries,expectations_boundaries_freedom.boundaries.saying_no_can_protect_me,cat_expectations_boundaries_freedom.boundaries.saying_no_can_protect_me.v4.02,122,powerful,reframe,I don't have to say yes to everything,Being a good person doesn't require endless availability
expectations_boundaries_freedom,expectations_boundaries_freedom.boundaries,expectations_boundaries_freedom.boundaries.saying_no_can_protect_me,cat_expectations_boundaries_freedom.boundaries.saying_no_can_protect_me.v4.03,123,direct,agency,I protect my time,A clear no creates space for my priorities
expectations_boundaries_freedom,expectations_boundaries_freedom.boundaries,expectations_boundaries_freedom.boundaries.saying_no_can_protect_me,cat_expectations_boundaries_freedom.boundaries.saying_no_can_protect_me.v4.06,126,direct,action,I say no before resentment grows,Early honesty protects more than giving in
expectations_boundaries_freedom,expectations_boundaries_freedom.boundaries,expectations_boundaries_freedom.boundaries.tolerate_boundary_discomfort,cat_expectations_boundaries_freedom.boundaries.tolerate_boundary_discomfort.v4.01,132,powerful,reframe,A boundary can feel uncomfortable,Discomfort doesn't mean the boundary is wrong
expectations_boundaries_freedom,expectations_boundaries_freedom.boundaries,expectations_boundaries_freedom.boundaries.tolerate_boundary_discomfort,cat_expectations_boundaries_freedom.boundaries.tolerate_boundary_discomfort.v4.04,135,direct,commitment,I repeat my boundary calmly,I don't need to invent a new explanation
expectations_boundaries_freedom,expectations_boundaries_freedom.boundaries,expectations_boundaries_freedom.boundaries.tolerate_boundary_discomfort,cat_expectations_boundaries_freedom.boundaries.tolerate_boundary_discomfort.v4.05,136,powerful,agency,I don't control other people's reactions,I can choose respect and firmness
expectations_boundaries_freedom,expectations_boundaries_freedom.boundaries,expectations_boundaries_freedom.boundaries.tolerate_boundary_discomfort,cat_expectations_boundaries_freedom.boundaries.tolerate_boundary_discomfort.v4.06,137,direct,growth,I practice tolerating the uncomfortable moment,Each time I need less self-betrayal to ease it
expectations_boundaries_freedom,expectations_boundaries_freedom.boundaries,expectations_boundaries_freedom.boundaries.choose_myself_when_others_unhappy,cat_expectations_boundaries_freedom.boundaries.choose_myself_when_others_unhappy.v4.01,144,powerful,boundary,I can choose myself even if it bothers someone,Their reaction doesn't make my need illegitimate
expectations_boundaries_freedom,expectations_boundaries_freedom.boundaries,expectations_boundaries_freedom.boundaries.choose_myself_when_others_unhappy,cat_expectations_boundaries_freedom.boundaries.choose_myself_when_others_unhappy.v4.02,145,direct,agency,I don't fix every upset,I let others process their own emotions
expectations_boundaries_freedom,expectations_boundaries_freedom.boundaries,expectations_boundaries_freedom.boundaries.choose_myself_when_others_unhappy,cat_expectations_boundaries_freedom.boundaries.choose_myself_when_others_unhappy.v4.05,148,powerful,commitment,I choose without abandoning myself,I don't change my needs just to restore harmony
expectations_boundaries_freedom,expectations_boundaries_freedom.boundaries,expectations_boundaries_freedom.boundaries.choose_myself_when_others_unhappy,cat_expectations_boundaries_freedom.boundaries.choose_myself_when_others_unhappy.v4.06,149,direct,perspective,Healthy relationships can handle boundaries,I don't need relationships that depend on my obedience
expectations_boundaries_freedom,expectations_boundaries_freedom.life_timeline,expectations_boundaries_freedom.life_timeline.no_universal_calendar,cat_expectations_boundaries_freedom.life_timeline.no_universal_calendar.v4.01,156,powerful,reframe,There is no universal timeline,Every life unfolds through different timing and circumstances
expectations_boundaries_freedom,expectations_boundaries_freedom.life_timeline,expectations_boundaries_freedom.life_timeline.no_universal_calendar,cat_expectations_boundaries_freedom.life_timeline.no_universal_calendar.v4.04,159,powerful,agency,I'm not running an imaginary race,I build according to my real priorities
expectations_boundaries_freedom,expectations_boundaries_freedom.life_timeline,expectations_boundaries_freedom.life_timeline.no_universal_calendar,cat_expectations_boundaries_freedom.life_timeline.no_universal_calendar.v4.05,160, direct,identity,My story has its own order,I don't need to copy anyone else's sequence
expectations_boundaries_freedom,expectations_boundaries_freedom.life_timeline,expectations_boundaries_freedom.life_timeline.no_universal_calendar,cat_expectations_boundaries_freedom.life_timeline.no_universal_calendar.v4.06,161,direct,discernment,I measure progress by direction,Not only by age or external milestones
expectations_boundaries_freedom,expectations_boundaries_freedom.life_timeline,expectations_boundaries_freedom.life_timeline.release_should_ages,cat_expectations_boundaries_freedom.life_timeline.release_should_ages.v4.01,168,powerful,reframe,I let go of “I should be there by now”,Age doesn't turn a desire into an obligation
expectations_boundaries_freedom,expectations_boundaries_freedom.life_timeline,expectations_boundaries_freedom.life_timeline.release_should_ages,cat_expectations_boundaries_freedom.life_timeline.release_should_ages.v4.03,170,direct,self_compassion,I don't use numbers to punish myself,I look at my full context
expectations_boundaries_freedom,expectations_boundaries_freedom.life_timeline,expectations_boundaries_freedom.life_timeline.release_should_ages,cat_expectations_boundaries_freedom.life_timeline.release_should_ages.v4.04,171,direct,values,I choose goals I still want,I don't chase milestones just because they're expected
expectations_boundaries_freedom,expectations_boundaries_freedom.life_timeline,expectations_boundaries_freedom.life_timeline.release_should_ages,cat_expectations_boundaries_freedom.life_timeline.release_should_ages.v4.05,172,powerful,agency,I can redefine what's expected,My life doesn't have to follow a borrowed timeline
expectations_boundaries_freedom,expectations_boundaries_freedom.life_timeline,expectations_boundaries_freedom.life_timeline.build_my_own_time,cat_expectations_boundaries_freedom.life_timeline.build_my_own_time.v4.01,180,powerful,design,I build at my own pace,I organize my life around what matters now
expectations_boundaries_freedom,expectations_boundaries_freedom.life_timeline,expectations_boundaries_freedom.life_timeline.build_my_own_time,cat_expectations_boundaries_freedom.life_timeline.build_my_own_time.v4.02,181,direct,agency,I decide when it's my time,I don't outsource the timing of my decisions
expectations_boundaries_freedom,expectations_boundaries_freedom.life_timeline,expectations_boundaries_freedom.life_timeline.build_my_own_time,cat_expectations_boundaries_freedom.life_timeline.build_my_own_time.v4.03,182,soft,reframe,My timing has context,I can move differently without moving worse
expectations_boundaries_freedom,expectations_boundaries_freedom.life_timeline,expectations_boundaries_freedom.life_timeline.build_my_own_time,cat_expectations_boundaries_freedom.life_timeline.build_my_own_time.v4.06,185,powerful,identity,My life isn't late,It is unfolding in its own sequence
gratitude_hope_possibility,gratitude_hope_possibility.gratitude,gratitude_hope_possibility.gratitude.notice_what_is_here,cat_gratitude_hope_possibility.gratitude.notice_what_is_here.v4.02,3,powerful,perspective,My life already holds value,I don't need a major change before I can see it
gratitude_hope_possibility,gratitude_hope_possibility.gratitude,gratitude_hope_possibility.gratitude.notice_what_is_here,cat_gratitude_hope_possibility.gratitude.notice_what_is_here.v4.03,4,soft,appreciation,I appreciate the everyday,Ordinary things support my life too
gratitude_hope_possibility,gratitude_hope_possibility.gratitude,gratitude_hope_possibility.gratitude.notice_what_is_here,cat_gratitude_hope_possibility.gratitude.notice_what_is_here.v4.04,5,direct,awareness,I train a wider attention,I can notice difficulty and what is working
gratitude_hope_possibility,gratitude_hope_possibility.gratitude,gratitude_hope_possibility.gratitude.value_in_simple_things,cat_gratitude_hope_possibility.gratitude.value_in_simple_things.v4.02,14,soft,presence,I enjoy small things,"A meal, a conversation, or sunlight already count"
gratitude_hope_possibility,gratitude_hope_possibility.gratitude,gratitude_hope_possibility.gratitude.value_in_simple_things,cat_gratitude_hope_possibility.gratitude.value_in_simple_things.v4.03,15,direct,action,I don't rush past the good,I give it enough time to actually feel it
gratitude_hope_possibility,gratitude_hope_possibility.gratitude,gratitude_hope_possibility.gratitude.value_in_simple_things,cat_gratitude_hope_possibility.gratitude.value_in_simple_things.v4.04,16,powerful,perspective,Life happens in the details,I learn to notice them before they pass
gratitude_hope_possibility,gratitude_hope_possibility.gratitude,gratitude_hope_possibility.gratitude.receive_the_good,cat_gratitude_hope_possibility.gratitude.receive_the_good.v4.02,26,soft,presence,I let joy reach me,I don't immediately search for what could go wrong
gratitude_hope_possibility,gratitude_hope_possibility.gratitude,gratitude_hope_possibility.gratitude.receive_the_good,cat_gratitude_hope_possibility.gratitude.receive_the_good.v4.03,27,powerful,reframe,I can receive something good,Not every gift comes with a debt
gratitude_hope_possibility,gratitude_hope_possibility.gratitude,gratitude_hope_possibility.gratitude.receive_the_good,cat_gratitude_hope_possibility.gratitude.receive_the_good.v4.04,28,direct,appreciation,I stay with what feels good,It deserves space in my attention too
gratitude_hope_possibility,gratitude_hope_possibility.gratitude,gratitude_hope_possibility.gratitude.grateful_way_of_seeing,cat_gratitude_hope_possibility.gratitude.grateful_way_of_seeing.v4.01,39,powerful,perspective,Gratitude changes what I notice,It helps me see more than problems and unfinished tasks
gratitude_hope_possibility,gratitude_hope_possibility.gratitude,gratitude_hope_possibility.gratitude.grateful_way_of_seeing,cat_gratitude_hope_possibility.gratitude.grateful_way_of_seeing.v4.02,40,direct,awareness,I look for something I truly value,"Not to deny what's hard, but to widen the picture"
gratitude_hope_possibility,gratitude_hope_possibility.gratitude,gratitude_hope_possibility.gratitude.grateful_way_of_seeing,cat_gratitude_hope_possibility.gratitude.grateful_way_of_seeing.v4.04,42,soft,reframe,My attention can appreciate too,It doesn't have to search only for threats
gratitude_hope_possibility,gratitude_hope_possibility.hope,gratitude_hope_possibility.hope.this_is_a_chapter,cat_gratitude_hope_possibility.hope.this_is_a_chapter.v4.01,48,powerful,reframe,This is one chapter,I don't confuse it with my whole story
gratitude_hope_possibility,gratitude_hope_possibility.hope,gratitude_hope_possibility.hope.this_is_a_chapter,cat_gratitude_hope_possibility.hope.this_is_a_chapter.v4.02,49,soft,hope,My life is still being written,There are parts I haven't met yet
gratitude_hope_possibility,gratitude_hope_possibility.hope,gratitude_hope_possibility.hope.this_is_a_chapter,cat_gratitude_hope_possibility.hope.this_is_a_chapter.v4.03,50,direct,perspective,This season has limits,Even when it feels endless from inside it
gratitude_hope_possibility,gratitude_hope_possibility.hope,gratitude_hope_possibility.hope.this_is_a_chapter,cat_gratitude_hope_possibility.hope.this_is_a_chapter.v4.04,51,powerful,uncertainty_tolerance,I don't make forever conclusions from one moment,"Circumstances change, and so do I"
gratitude_hope_possibility,gratitude_hope_possibility.hope,gratitude_hope_possibility.hope.remember_change,cat_gratitude_hope_possibility.hope.remember_change.v4.01,60,soft,evidence,I remember that things change,Nothing I've felt has stayed exactly the same forever
gratitude_hope_possibility,gratitude_hope_possibility.hope,gratitude_hope_possibility.hope.remember_change,cat_gratitude_hope_possibility.hope.remember_change.v4.02,61,powerful,evidence,I've lived through transitions before,My history shows that not everything stays the same
gratitude_hope_possibility,gratitude_hope_possibility.hope,gratitude_hope_possibility.hope.remember_change,cat_gratitude_hope_possibility.hope.remember_change.v4.03,62,direct,possibility,The present doesn't control my whole future,There are variables that haven't appeared yet
gratitude_hope_possibility,gratitude_hope_possibility.hope,gratitude_hope_possibility.hope.remember_change,cat_gratitude_hope_possibility.hope.remember_change.v4.04,63,soft,hope,I can expect movement,Life has changed many times in ways I couldn't predict
gratitude_hope_possibility,gratitude_hope_possibility.hope,gratitude_hope_possibility.hope.realistic_hope,cat_gratitude_hope_possibility.hope.realistic_hope.v4.01,72,powerful,balance,I can hope without denying reality,I can see difficulty and possibility at the same time
gratitude_hope_possibility,gratitude_hope_possibility.hope,gratitude_hope_possibility.hope.realistic_hope,cat_gratitude_hope_possibility.hope.realistic_hope.v4.02,73,direct,evidence,I look for real reasons to hope,Hope can be grounded in evidence too
gratitude_hope_possibility,gratitude_hope_possibility.hope,gratitude_hope_possibility.hope.realistic_hope,cat_gratitude_hope_possibility.hope.realistic_hope.v4.03,74,soft,uncertainty_tolerance,I don't need certainty to have hope,I only need enough room for something to change
gratitude_hope_possibility,gratitude_hope_possibility.hope,gratitude_hope_possibility.hope.realistic_hope,cat_gratitude_hope_possibility.hope.realistic_hope.v4.04,75,direct,agency,I do my part and leave room,Action and hope can work together
gratitude_hope_possibility,gratitude_hope_possibility.possibilities,gratitude_hope_possibility.possibilities.unknown_good,cat_gratitude_hope_possibility.possibilities.unknown_good.v4.01,85,powerful,possibility,There are good things I haven't met yet,The future holds experiences beyond my imagination
gratitude_hope_possibility,gratitude_hope_possibility.possibilities,gratitude_hope_possibility.possibilities.unknown_good,cat_gratitude_hope_possibility.possibilities.unknown_good.v4.02,86,soft,reframe,I can't predict all the good ahead,My mind doesn't have a complete catalog of the future
gratitude_hope_possibility,gratitude_hope_possibility.possibilities,gratitude_hope_possibility.possibilities.unknown_good,cat_gratitude_hope_possibility.possibilities.unknown_good.v4.03,87,soft,openness,I leave a door open,I don't need to know what's coming to allow surprise
gratitude_hope_possibility,gratitude_hope_possibility.possibilities,gratitude_hope_possibility.possibilities.unknown_good,cat_gratitude_hope_possibility.possibilities.unknown_good.v4.04,88,powerful,evidence,My story can surprise me,Valuable things have happened that I never saw coming
gratitude_hope_possibility,gratitude_hope_possibility.possibilities,gratitude_hope_possibility.possibilities.recognize_opportunities,cat_gratitude_hope_possibility.possibilities.recognize_opportunities.v4.01,98,direct,awareness,I notice opportunities when they appear,"I pay attention to small, concrete openings"
gratitude_hope_possibility,gratitude_hope_possibility.possibilities,gratitude_hope_possibility.possibilities.recognize_opportunities,cat_gratitude_hope_possibility.possibilities.recognize_opportunities.v4.02,99,powerful,action,I move toward what fits,An opportunity needs action to become a path
gratitude_hope_possibility,gratitude_hope_possibility.possibilities,gratitude_hope_possibility.possibilities.recognize_opportunities,cat_gratitude_hope_possibility.possibilities.recognize_opportunities.v4.03,100,soft,openness,I don't dismiss things too quickly,Something small can open bigger possibilities
gratitude_hope_possibility,gratitude_hope_possibility.possibilities,gratitude_hope_possibility.possibilities.recognize_opportunities,cat_gratitude_hope_possibility.possibilities.recognize_opportunities.v4.04,101,direct,trust,I trust myself to make use of opportunities,I don't need to know where everything leads beforehand
gratitude_hope_possibility,gratitude_hope_possibility.possibilities,gratitude_hope_possibility.possibilities.expand_what_feels_possible,cat_gratitude_hope_possibility.possibilities.expand_what_feels_possible.v4.01,108,powerful,reframe,I expand what I consider possible,My past experience doesn't set the ceiling for my future
gratitude_hope_possibility,gratitude_hope_possibility.possibilities,gratitude_hope_possibility.possibilities.expand_what_feels_possible,cat_gratitude_hope_possibility.possibilities.expand_what_feels_possible.v4.03,110,direct,perspective,I look for examples that expand my map,What others have done can reveal new routes
gratitude_hope_possibility,gratitude_hope_possibility.possibilities,gratitude_hope_possibility.possibilities.expand_what_feels_possible,cat_gratitude_hope_possibility.possibilities.expand_what_feels_possible.v4.04,111,powerful,agency,I don't decide my limits too early,I explore what I can build first
gratitude_hope_possibility,gratitude_hope_possibility.possibilities,gratitude_hope_possibility.possibilities.expand_what_feels_possible,cat_gratitude_hope_possibility.possibilities.expand_what_feels_possible.004,112,direct,perspective,There are paths I haven't considered yet,Exploring expands the options I can include in my plans
love_desire_romantic_relationships,love_desire_romantic_relationships.receive_love,love_desire_romantic_relationships.receive_love.allow_affection,cat_love_desire_romantic_relationships.receive_love.allow_affection.v4.01,0,soft,receiving,I let affection in,I don't argue with every kind gesture
love_desire_romantic_relationships,love_desire_romantic_relationships.receive_love,love_desire_romantic_relationships.receive_love.allow_affection,cat_love_desire_romantic_relationships.receive_love.allow_affection.v4.02,1,direct,reframe,I receive without immediately owing something back,Affection doesn't always create a debt
love_desire_romantic_relationships,love_desire_romantic_relationships.receive_love,love_desire_romantic_relationships.receive_love.allow_affection,cat_love_desire_romantic_relationships.receive_love.allow_affection.v4.03,2,soft,permission,I can enjoy being cared for,I don't always have to be the one holding everything together
love_desire_romantic_relationships,love_desire_romantic_relationships.receive_love,love_desire_romantic_relationships.receive_love.allow_affection,cat_love_desire_romantic_relationships.receive_love.allow_affection.v4.04,3,powerful,trust,Affection can feel safe,I learn to recognize consistent care
love_desire_romantic_relationships,love_desire_romantic_relationships.receive_love,love_desire_romantic_relationships.receive_love.not_earn_love,cat_love_desire_romantic_relationships.receive_love.not_earn_love.v4.01,13,powerful,self_worth,I don't have to earn love,My worth doesn't depend on emotional performance
love_desire_romantic_relationships,love_desire_romantic_relationships.receive_love,love_desire_romantic_relationships.receive_love.not_earn_love,cat_love_desire_romantic_relationships.receive_love.not_earn_love.v4.02,14,direct,reframe,I don't work for love,A relationship shouldn't feel like a test
love_desire_romantic_relationships,love_desire_romantic_relationships.receive_love,love_desire_romantic_relationships.receive_love.not_earn_love,cat_love_desire_romantic_relationships.receive_love.not_earn_love.v4.03,15,soft,acceptance,I can be loved when I'm tired too,I don't need to offer my best version all the time
love_desire_romantic_relationships,love_desire_romantic_relationships.receive_love,love_desire_romantic_relationships.receive_love.not_earn_love,cat_love_desire_romantic_relationships.receive_love.not_earn_love.v4.04,16,powerful,perspective,Healthy love doesn't require perfection,It leaves room for humanity and boundaries
love_desire_romantic_relationships,love_desire_romantic_relationships.receive_love,love_desire_romantic_relationships.receive_love.safe_love,cat_love_desire_romantic_relationships.receive_love.safe_love.v4.01,25,soft,reframe,Love can feel calm,Intensity isn't the only sign of connection
love_desire_romantic_relationships,love_desire_romantic_relationships.receive_love,love_desire_romantic_relationships.receive_love.safe_love,cat_love_desire_romantic_relationships.receive_love.safe_love.v4.02,26,powerful,perspective,Safety can be attractive too,Trust and desire can coexist
love_desire_romantic_relationships,love_desire_romantic_relationships.receive_love,love_desire_romantic_relationships.receive_love.safe_love,cat_love_desire_romantic_relationships.receive_love.safe_love.v4.03,27,direct,reframe,I don't need uncertainty to feel chemistry,Calm doesn't make a relationship boring
love_desire_romantic_relationships,love_desire_romantic_relationships.receive_love,love_desire_romantic_relationships.receive_love.safe_love,cat_love_desire_romantic_relationships.receive_love.safe_love.v4.04,28,soft,discernment,I choose love where I can breathe,My body can recognize safety too
love_desire_romantic_relationships,love_desire_romantic_relationships.desire_attraction,love_desire_romantic_relationships.desire_attraction.feel_attractive_today,cat_love_desire_romantic_relationships.desire_attraction.feel_attractive_today.v4.01,36,powerful,identity,I can feel attractive today,I don't need to wait for a perfect version of myself
love_desire_romantic_relationships,love_desire_romantic_relationships.desire_attraction,love_desire_romantic_relationships.desire_attraction.feel_attractive_today,cat_love_desire_romantic_relationships.desire_attraction.feel_attractive_today.v4.02,37,soft,embodiment,I inhabit my attractiveness,I feel it from within before seeking confirmation
love_desire_romantic_relationships,love_desire_romantic_relationships.desire_attraction,love_desire_romantic_relationships.desire_attraction.feel_attractive_today,cat_love_desire_romantic_relationships.desire_attraction.feel_attractive_today.v4.03,38,direct,action,I dress to like how I feel,My own gaze shapes how I feel too
love_desire_romantic_relationships,love_desire_romantic_relationships.desire_attraction,love_desire_romantic_relationships.desire_attraction.feel_attractive_today,cat_love_desire_romantic_relationships.desire_attraction.feel_attractive_today.v4.04,39,powerful,reframe,My attractiveness isn't a test,It doesn't depend on meeting every standard
love_desire_romantic_relationships,love_desire_romantic_relationships.desire_attraction,love_desire_romantic_relationships.desire_attraction.desirable_without_everyone,cat_love_desire_romantic_relationships.desire_attraction.desirable_without_everyone.v4.02,48,direct,perspective,One person's rejection doesn't make me undesirable,One opinion doesn't speak for everyone
love_desire_romantic_relationships,love_desire_romantic_relationships.desire_attraction,love_desire_romantic_relationships.desire_attraction.desirable_without_everyone,cat_love_desire_romantic_relationships.desire_attraction.desirable_without_everyone.v4.03,49,powerful,boundary,My attractiveness doesn't need unanimous approval,"I look for reciprocity, not universal validation"
love_desire_romantic_relationships,love_desire_romantic_relationships.desire_attraction,love_desire_romantic_relationships.desire_attraction.desirable_without_everyone,cat_love_desire_romantic_relationships.desire_attraction.desirable_without_everyone.v4.extra.02,51,direct,reframe,I'm not everyone's type,"Attraction is about preference, not a verdict on me"
love_desire_romantic_relationships,love_desire_romantic_relationships.desire_attraction,love_desire_romantic_relationships.desire_attraction.desirable_without_everyone,cat_love_desire_romantic_relationships.desire_attraction.desirable_without_everyone.007,59,direct,reframe,I don't redesign myself to be desired,My attractiveness doesn't come from chasing mass approval
love_desire_romantic_relationships,love_desire_romantic_relationships.desire_attraction,love_desire_romantic_relationships.desire_attraction.inhabit_desire_safely,cat_love_desire_romantic_relationships.desire_attraction.inhabit_desire_safely.personal.720de3f2,60,powerful,identity,I live my sexuality freely,"I enjoy my desire with confidence, respect, and authenticity"
love_desire_romantic_relationships,love_desire_romantic_relationships.desire_attraction,love_desire_romantic_relationships.desire_attraction.inhabit_desire_safely,cat_love_desire_romantic_relationships.desire_attraction.inhabit_desire_safely.v4.01,61,soft,balance,I can feel desire safely,I don't need to lose my boundaries to experience it
love_desire_romantic_relationships,love_desire_romantic_relationships.desire_attraction,love_desire_romantic_relationships.desire_attraction.inhabit_desire_safely,cat_love_desire_romantic_relationships.desire_attraction.inhabit_desire_safely.v4.03,63,powerful,values,My desire deserves respect,Consent and care don't make it less intense
love_desire_romantic_relationships,love_desire_romantic_relationships.desire_attraction,love_desire_romantic_relationships.desire_attraction.inhabit_desire_safely,cat_love_desire_romantic_relationships.desire_attraction.inhabit_desire_safely.v4.04,64,soft,permission,I let myself explore at my pace,I don't have to prove anything
love_desire_romantic_relationships,love_desire_romantic_relationships.secure_relationship,love_desire_romantic_relationships.secure_relationship.love_and_calm_can_coexist,cat_love_desire_romantic_relationships.secure_relationship.love_and_calm_can_coexist.v4.01,72,powerful,reframe,Love and calm can coexist,I don't need drama to feel depth
love_desire_romantic_relationships,love_desire_romantic_relationships.secure_relationship,love_desire_romantic_relationships.secure_relationship.love_and_calm_can_coexist,cat_love_desire_romantic_relationships.secure_relationship.love_and_calm_can_coexist.v4.02,73,direct,perspective,Stability doesn't kill desire,Safety can give desire room to grow
love_desire_romantic_relationships,love_desire_romantic_relationships.secure_relationship,love_desire_romantic_relationships.secure_relationship.love_and_calm_can_coexist,cat_love_desire_romantic_relationships.secure_relationship.love_and_calm_can_coexist.v4.04,75,powerful,discernment,"I choose relationships that regulate, not destabilize",My body deserves to feel safe
love_desire_romantic_relationships,love_desire_romantic_relationships.secure_relationship,love_desire_romantic_relationships.secure_relationship.love_and_calm_can_coexist,cat_love_desire_romantic_relationships.secure_relationship.love_and_calm_can_coexist.v4.extra.02,77,powerful,identity,I don't need drama to feel deeply,Connection can be intense without making me unstable
love_desire_romantic_relationships,love_desire_romantic_relationships.secure_relationship,love_desire_romantic_relationships.secure_relationship.express_what_i_need,cat_love_desire_romantic_relationships.secure_relationship.express_what_i_need.v4.01,84,direct,communication,I say what I need,I don't expect someone to guess everything
love_desire_romantic_relationships,love_desire_romantic_relationships.secure_relationship,love_desire_romantic_relationships.secure_relationship.express_what_i_need,cat_love_desire_romantic_relationships.secure_relationship.express_what_i_need.v4.02,85,powerful,reframe,My needs can have a voice,Expressing them doesn't make me difficult
love_desire_romantic_relationships,love_desire_romantic_relationships.secure_relationship,love_desire_romantic_relationships.secure_relationship.express_what_i_need,cat_love_desire_romantic_relationships.secure_relationship.express_what_i_need.v4.03,86,soft,balance,I ask clearly without demanding control,The other person can respond honestly too
love_desire_romantic_relationships,love_desire_romantic_relationships.secure_relationship,love_desire_romantic_relationships.secure_relationship.express_what_i_need,cat_love_desire_romantic_relationships.secure_relationship.express_what_i_need.v4.04,87,direct,action,I speak before resentment builds,I don't wait until a need becomes an explosion
love_desire_romantic_relationships,love_desire_romantic_relationships.secure_relationship,love_desire_romantic_relationships.secure_relationship.choose_relationships_where_i_can_be_me,cat_love_desire_romantic_relationships.secure_relationship.choose_relationships_where_i_can_be_me.v4.01,96,powerful,values,I choose relationships where I can be myself,I don't want love that depends on performing
love_desire_romantic_relationships,love_desire_romantic_relationships.secure_relationship,love_desire_romantic_relationships.secure_relationship.choose_relationships_where_i_can_be_me,cat_love_desire_romantic_relationships.secure_relationship.choose_relationships_where_i_can_be_me.v4.02,97,direct,boundary,I stay myself inside a relationship,I don't leave my identity outside to keep love
love_desire_romantic_relationships,love_desire_romantic_relationships.secure_relationship,love_desire_romantic_relationships.secure_relationship.choose_relationships_where_i_can_be_me,cat_love_desire_romantic_relationships.secure_relationship.choose_relationships_where_i_can_be_me.v4.03,98,soft,desire,I want freedom inside love,Closeness and authenticity can coexist
love_desire_romantic_relationships,love_desire_romantic_relationships.secure_relationship,love_desire_romantic_relationships.secure_relationship.choose_relationships_where_i_can_be_me,cat_love_desire_romantic_relationships.secure_relationship.choose_relationships_where_i_can_be_me.v4.04,99,powerful,reframe,I don't call disappearing compatibility,I seek relationships that make room for my voice
love_desire_romantic_relationships,love_desire_romantic_relationships.intimacy,love_desire_romantic_relationships.intimacy.approach_at_my_pace,cat_love_desire_romantic_relationships.intimacy.approach_at_my_pace.v4.01,108,soft,trust,Intimacy can grow slowly,I don't need to rush trust for it to be real
love_desire_romantic_relationships,love_desire_romantic_relationships.intimacy,love_desire_romantic_relationships.intimacy.approach_at_my_pace,cat_love_desire_romantic_relationships.intimacy.approach_at_my_pace.v4.02,109,direct,boundary,I set my own pace,Getting closer doesn't mean ignoring my signals
love_desire_romantic_relationships,love_desire_romantic_relationships.intimacy,love_desire_romantic_relationships.intimacy.approach_at_my_pace,cat_love_desire_romantic_relationships.intimacy.approach_at_my_pace.v4.03,110,powerful,permission,I can say not yet,A healthy relationship can handle different timing
love_desire_romantic_relationships,love_desire_romantic_relationships.intimacy,love_desire_romantic_relationships.intimacy.approach_at_my_pace,cat_love_desire_romantic_relationships.intimacy.approach_at_my_pace.v4.04,111,soft,discernment,I move closer when I feel safe,Connection doesn't need to override my body
love_desire_romantic_relationships,love_desire_romantic_relationships.intimacy,love_desire_romantic_relationships.intimacy.vulnerable_without_disappearing,cat_love_desire_romantic_relationships.intimacy.vulnerable_without_disappearing.v4.01,120,powerful,boundary,I open up without disappearing,Intimacy doesn't mean abandoning my needs
love_desire_romantic_relationships,love_desire_romantic_relationships.intimacy,love_desire_romantic_relationships.intimacy.vulnerable_without_disappearing,cat_love_desire_romantic_relationships.intimacy.vulnerable_without_disappearing.v4.02,121,soft,identity,I can be known and still be mine,Closeness can coexist with autonomy
love_desire_romantic_relationships,love_desire_romantic_relationships.intimacy,love_desire_romantic_relationships.intimacy.vulnerable_without_disappearing,cat_love_desire_romantic_relationships.intimacy.vulnerable_without_disappearing.v4.03,122,direct,agency,I share without overexposing myself,"I decide what, when, and with whom"
love_desire_romantic_relationships,love_desire_romantic_relationships.intimacy,love_desire_romantic_relationships.intimacy.vulnerable_without_disappearing,cat_love_desire_romantic_relationships.intimacy.vulnerable_without_disappearing.v4.04,123,powerful,reframe,I don't give up my center to connect,Healthy connection doesn't require self-abandonment
love_desire_romantic_relationships,love_desire_romantic_relationships.intimacy,love_desire_romantic_relationships.intimacy.allow_deeply_known,cat_love_desire_romantic_relationships.intimacy.allow_deeply_known.v4.01,132,direct,vulnerability,I let someone truly know me,Not just my easiest version
love_desire_romantic_relationships,love_desire_romantic_relationships.intimacy,love_desire_romantic_relationships.intimacy.allow_deeply_known,cat_love_desire_romantic_relationships.intimacy.allow_deeply_known.v4.02,133,soft,acceptance,I can be seen and loved,I don't need to hide every difficult part
love_desire_romantic_relationships,love_desire_romantic_relationships.intimacy,love_desire_romantic_relationships.intimacy.allow_deeply_known,cat_love_desire_romantic_relationships.intimacy.allow_deeply_known.v4.03,134,powerful,trust,Intimacy needs truth,I reveal myself gradually where trust exists
love_desire_romantic_relationships,love_desire_romantic_relationships.intimacy,love_desire_romantic_relationships.intimacy.allow_deeply_known,cat_love_desire_romantic_relationships.intimacy.allow_deeply_known.v4.04,135,direct,reframe,Being known doesn't take away my freedom,I can keep my identity inside closeness
love_desire_romantic_relationships,love_desire_romantic_relationships.rejection,love_desire_romantic_relationships.rejection.rejection_not_worth,cat_love_desire_romantic_relationships.rejection.rejection_not_worth.v4.01,144,powerful,reframe,Rejection doesn't decide my worth,It only says something about that particular match
love_desire_romantic_relationships,love_desire_romantic_relationships.rejection,love_desire_romantic_relationships.rejection.rejection_not_worth,cat_love_desire_romantic_relationships.rejection.rejection_not_worth.v4.02,145,powerful,self_worth,I still have worth after a no,My dignity was never up for negotiation
love_desire_romantic_relationships,love_desire_romantic_relationships.rejection,love_desire_romantic_relationships.rejection.rejection_not_worth,cat_love_desire_romantic_relationships.rejection.rejection_not_worth.v4.03,146,direct,self_compassion,I can feel pain without attacking myself,I don't turn disappointment into a verdict
love_desire_romantic_relationships,love_desire_romantic_relationships.rejection,love_desire_romantic_relationships.rejection.rejection_not_worth,cat_love_desire_romantic_relationships.rejection.rejection_not_worth.v4.04,147,soft,perspective,One person doesn't represent everyone,My possibility for connection is still open
love_desire_romantic_relationships,love_desire_romantic_relationships.rejection,love_desire_romantic_relationships.rejection.stop_looking_for_whats_wrong,cat_love_desire_romantic_relationships.rejection.stop_looking_for_whats_wrong.v4.02,157,powerful,boundary,I don't dissect myself after rejection,My humanity doesn't need a perfect explanation
love_desire_romantic_relationships,love_desire_romantic_relationships.rejection,love_desire_romantic_relationships.rejection.stop_looking_for_whats_wrong,cat_love_desire_romantic_relationships.rejection.stop_looking_for_whats_wrong.v4.03,158,soft,discernment,I can learn without blaming myself,I review what's useful and release the rest
love_desire_romantic_relationships,love_desire_romantic_relationships.rejection,love_desire_romantic_relationships.rejection.stop_looking_for_whats_wrong,cat_love_desire_romantic_relationships.rejection.stop_looking_for_whats_wrong.v4.04,159,direct,perspective,Not every rejection carries a personal lesson,Sometimes there simply wasn't compatibility
love_desire_romantic_relationships,love_desire_romantic_relationships.rejection,love_desire_romantic_relationships.rejection.stop_looking_for_whats_wrong,cat_love_desire_romantic_relationships.rejection.stop_looking_for_whats_wrong.005,161,soft,growth,I stop searching for what was wrong with me,I can learn something without becoming a repair project
love_desire_romantic_relationships,love_desire_romantic_relationships.rejection,love_desire_romantic_relationships.rejection.show_again_after_rejection,cat_love_desire_romantic_relationships.rejection.show_again_after_rejection.v4.01,168,powerful,resilience,I let myself be seen again,One experience doesn't close every door
love_desire_romantic_relationships,love_desire_romantic_relationships.rejection,love_desire_romantic_relationships.rejection.show_again_after_rejection,cat_love_desire_romantic_relationships.rejection.show_again_after_rejection.v4.02,169,soft,recovery,I return without proving anything,I only need to give connection another chance
love_desire_romantic_relationships,love_desire_romantic_relationships.rejection,love_desire_romantic_relationships.rejection.show_again_after_rejection,cat_love_desire_romantic_relationships.rejection.show_again_after_rejection.v4.03,170,direct,reframe,I don't hide my desire out of fear,Total protection blocks possibility too
love_desire_romantic_relationships,love_desire_romantic_relationships.rejection,love_desire_romantic_relationships.rejection.show_again_after_rejection,cat_love_desire_romantic_relationships.rejection.show_again_after_rejection.v4.04,171,soft,growth,I can approach with better judgment,Experience helps me choose more wisely
love_desire_romantic_relationships,love_desire_romantic_relationships.breakup_recovery,love_desire_romantic_relationships.breakup_recovery.miss_and_move_forward,cat_love_desire_romantic_relationships.breakup_recovery.miss_and_move_forward.v4.02,180,direct,perspective,What I miss isn't the whole story,I remember why it ended too
love_desire_romantic_relationships,love_desire_romantic_relationships.breakup_recovery,love_desire_romantic_relationships.breakup_recovery.miss_and_move_forward,cat_love_desire_romantic_relationships.breakup_recovery.miss_and_move_forward.v4.03,181,powerful,agency,My heart can look back without staying there,Memory doesn't choose my next direction
love_desire_romantic_relationships,love_desire_romantic_relationships.breakup_recovery,love_desire_romantic_relationships.breakup_recovery.miss_and_move_forward,cat_love_desire_romantic_relationships.breakup_recovery.miss_and_move_forward.v4.04,182,soft,reframe,Moving forward doesn't erase the love,It honors the fact that my life still continues
love_desire_romantic_relationships,love_desire_romantic_relationships.breakup_recovery,love_desire_romantic_relationships.breakup_recovery.miss_and_move_forward,cat_love_desire_romantic_relationships.breakup_recovery.miss_and_move_forward.v4.extra.03,185,powerful,integration,I keep what I lived and move forward,I don't need to erase a story to continue mine
love_desire_romantic_relationships,love_desire_romantic_relationships.breakup_recovery,love_desire_romantic_relationships.breakup_recovery.let_go_what_ended,cat_love_desire_romantic_relationships.breakup_recovery.let_go_what_ended.v4.01,192,powerful,acceptance,I release what has ended,I don't need to keep something closed alive
love_desire_romantic_relationships,love_desire_romantic_relationships.breakup_recovery,love_desire_romantic_relationships.breakup_recovery.let_go_what_ended,cat_love_desire_romantic_relationships.breakup_recovery.let_go_what_ended.v4.02,193,direct,agency,I take my energy back from the past,I return it to my life now
love_desire_romantic_relationships,love_desire_romantic_relationships.breakup_recovery,love_desire_romantic_relationships.breakup_recovery.let_go_what_ended,cat_love_desire_romantic_relationships.breakup_recovery.let_go_what_ended.v4.03,194,direct,reframe,I stop searching for a perfect explanation,Enough closure can be enough
love_desire_romantic_relationships,love_desire_romantic_relationships.breakup_recovery,love_desire_romantic_relationships.breakup_recovery.let_go_what_ended,cat_love_desire_romantic_relationships.breakup_recovery.let_go_what_ended.v4.04,195,soft,permission,I let myself stop waiting,No return is also a message
love_desire_romantic_relationships,love_desire_romantic_relationships.breakup_recovery,love_desire_romantic_relationships.breakup_recovery.trust_love_again,cat_love_desire_romantic_relationships.breakup_recovery.trust_love_again.v4.01,204,powerful,hope,Love is still possible,One story doesn't define every story ahead
love_desire_romantic_relationships,love_desire_romantic_relationships.breakup_recovery,love_desire_romantic_relationships.breakup_recovery.trust_love_again,cat_love_desire_romantic_relationships.breakup_recovery.trust_love_again.v4.02,205,soft,recovery,I can open up again slowly,Trust doesn't have to return all at once
love_desire_romantic_relationships,love_desire_romantic_relationships.breakup_recovery,love_desire_romantic_relationships.breakup_recovery.trust_love_again,cat_love_desire_romantic_relationships.breakup_recovery.trust_love_again.v4.03,206,direct,reframe,I don't turn one wound into a rule,Future people are not my past relationship
love_desire_romantic_relationships,love_desire_romantic_relationships.breakup_recovery,love_desire_romantic_relationships.breakup_recovery.trust_love_again,cat_love_desire_romantic_relationships.breakup_recovery.trust_love_again.v4.04,207,powerful,trust,I trust myself to choose better,I have information now that I didn't have before
mind_anxiety,mind_anxiety.overthinking,mind_anxiety.overthinking.stop_another_loop,cat_mind_anxiety.overthinking.stop_another_loop.v4.01,0,powerful,reframe,I don't need another round of thinking,Thinking more doesn't always add information
mind_anxiety,mind_anxiety.overthinking,mind_anxiety.overthinking.stop_another_loop,cat_mind_anxiety.overthinking.stop_another_loop.v4.02,1,direct,boundary,I close the analysis for now,I can return if something genuinely new appears
mind_anxiety,mind_anxiety.overthinking,mind_anxiety.overthinking.stop_another_loop,cat_mind_anxiety.overthinking.stop_another_loop.v4.03,2,soft,uncertainty_tolerance,I can leave a question open,Uncertainty can stay with me for a while
mind_anxiety,mind_anxiety.overthinking,mind_anxiety.overthinking.stop_another_loop,cat_mind_anxiety.overthinking.stop_another_loop.v4.04,3,direct,action,"I return to doing, not just thinking",Action gives me information the loop can't
mind_anxiety,mind_anxiety.overthinking,mind_anxiety.overthinking.no_perfect_certainty,cat_mind_anxiety.overthinking.no_perfect_certainty.v4.01,12,powerful,uncertainty_tolerance,I don't need perfect certainty,A decision can rest on enough information
mind_anxiety,mind_anxiety.overthinking,mind_anxiety.overthinking.no_perfect_certainty,cat_mind_anxiety.overthinking.no_perfect_certainty.v4.02,13,direct,reframe,There will always be something I don't know,That doesn't stop me from moving with good judgment
mind_anxiety,mind_anxiety.overthinking,mind_anxiety.overthinking.no_perfect_certainty,cat_mind_anxiety.overthinking.no_perfect_certainty.v4.03,14,soft,trust,I trust myself to adjust,I don't have to get everything right before I begin
mind_anxiety,mind_anxiety.overthinking,mind_anxiety.overthinking.no_perfect_certainty,cat_mind_anxiety.overthinking.no_perfect_certainty.v4.04,15,direct,agency,I choose with uncertainty present,Waiting for absolute safety has a cost too
mind_anxiety,mind_anxiety.overthinking,mind_anxiety.overthinking.return_to_life,cat_mind_anxiety.overthinking.return_to_life.v4.01,24,powerful,presence,I return to my life,I don't want to spend all of it analyzing it
mind_anxiety,mind_anxiety.overthinking,mind_anxiety.overthinking.return_to_life,cat_mind_anxiety.overthinking.return_to_life.v4.02,25,direct,action,I do something that brings me back to the world,"Walking, talking, or creating can shift my focus"
mind_anxiety,mind_anxiety.overthinking,mind_anxiety.overthinking.return_to_life,cat_mind_anxiety.overthinking.return_to_life.v4.03,26,powerful,reframe,My life happens outside my thoughts,"I need experiences too, not only conclusions"
mind_anxiety,mind_anxiety.overthinking,mind_anxiety.overthinking.return_to_life,cat_mind_anxiety.overthinking.return_to_life.004,28,direct,perspective,Action takes me out of the loop,Something real can help more than imagining another scenario
mind_anxiety,mind_anxiety.catastrophizing,mind_anxiety.catastrophizing.possibility_not_prediction,cat_mind_anxiety.catastrophizing.possibility_not_prediction.v4.01,36,powerful,reframe,A possibility is not a prediction,My mind can imagine something without making it destiny
mind_anxiety,mind_anxiety.catastrophizing,mind_anxiety.catastrophizing.possibility_not_prediction,cat_mind_anxiety.catastrophizing.possibility_not_prediction.v4.02,37,direct,discernment,Possible doesn't mean probable,I separate risk from certainty
mind_anxiety,mind_anxiety.catastrophizing,mind_anxiety.catastrophizing.possibility_not_prediction,cat_mind_anxiety.catastrophizing.possibility_not_prediction.v4.03,38,direct,awareness,I don't treat every fear as information,I need evidence too
mind_anxiety,mind_anxiety.catastrophizing,mind_anxiety.catastrophizing.possibility_not_prediction,cat_mind_anxiety.catastrophizing.possibility_not_prediction.v4.04,39,soft,uncertainty_tolerance,I can tolerate not knowing,Uncertainty doesn't require me to expect the worst
mind_anxiety,mind_anxiety.catastrophizing,mind_anxiety.catastrophizing.not_prepare_for_every_disaster,cat_mind_anxiety.catastrophizing.not_prepare_for_every_disaster.v4.01,48,direct,boundary,I don't prepare for every imagined disaster,"My energy belongs to real problems, not endless ones"
mind_anxiety,mind_anxiety.catastrophizing,mind_anxiety.catastrophizing.not_prepare_for_every_disaster,cat_mind_anxiety.catastrophizing.not_prepare_for_every_disaster.v4.02,49,powerful,trust,Being ready for everything is impossible,I can trust my ability to respond
mind_anxiety,mind_anxiety.catastrophizing,mind_anxiety.catastrophizing.not_prepare_for_every_disaster,cat_mind_anxiety.catastrophizing.not_prepare_for_every_disaster.v4.03,50,direct,reframe,I don't rehearse tragedies to feel in control,More thinking doesn't guarantee safety
mind_anxiety,mind_anxiety.catastrophizing,mind_anxiety.catastrophizing.not_prepare_for_every_disaster,cat_mind_anxiety.catastrophizing.not_prepare_for_every_disaster.v4.04,51,soft,discernment,I prepare reasonably and keep living,Preparation can reach a point of enough
mind_anxiety,mind_anxiety.catastrophizing,mind_anxiety.catastrophizing.multiple_possible_futures,cat_mind_anxiety.catastrophizing.multiple_possible_futures.v4.01,60,direct,perspective,Many futures are possible,Fear is only showing me one of them
mind_anxiety,mind_anxiety.catastrophizing,mind_anxiety.catastrophizing.multiple_possible_futures,cat_mind_anxiety.catastrophizing.multiple_possible_futures.v4.02,61,powerful,reframe,Things can go well too,I don't rule out favorable outcomes without evidence
mind_anxiety,mind_anxiety.catastrophizing,mind_anxiety.catastrophizing.multiple_possible_futures,cat_mind_anxiety.catastrophizing.multiple_possible_futures.v4.03,62,soft,uncertainty_tolerance,I don't know the ending,That leaves room for more than one story
mind_anxiety,mind_anxiety.catastrophizing,mind_anxiety.catastrophizing.multiple_possible_futures,cat_mind_anxiety.catastrophizing.multiple_possible_futures.v4.04,63,direct,openness,I expand the map of the future,"I imagine different responses, support, and outcomes"
mind_anxiety,mind_anxiety.negative_thoughts,mind_anxiety.negative_thoughts.thought_not_fact,cat_mind_anxiety.negative_thoughts.thought_not_fact.v4.01,72,powerful,reframe,A thought is not a fact,It needs evidence before it becomes a conclusion
mind_anxiety,mind_anxiety.negative_thoughts,mind_anxiety.negative_thoughts.thought_not_fact,cat_mind_anxiety.negative_thoughts.thought_not_fact.v4.02,73,direct,perspective,My mind can be wrong,Feeling certain doesn't guarantee I'm right
mind_anxiety,mind_anxiety.negative_thoughts,mind_anxiety.negative_thoughts.thought_not_fact,cat_mind_anxiety.negative_thoughts.thought_not_fact.v4.03,74,direct,awareness,I ask what evidence I have,I don't automatically accept the first interpretation
mind_anxiety,mind_anxiety.negative_thoughts,mind_anxiety.negative_thoughts.thought_not_fact,cat_mind_anxiety.negative_thoughts.thought_not_fact.v4.04,75,soft,agency,I can think something without believing it,There is space between the thought and my response
mind_anxiety,mind_anxiety.negative_thoughts,mind_anxiety.negative_thoughts.choose_what_i_feed,cat_mind_anxiety.negative_thoughts.choose_what_i_feed.v4.01,84,powerful,agency,I choose which thoughts I feed,Repetition strengthens some stories more than others
mind_anxiety,mind_anxiety.negative_thoughts,mind_anxiety.negative_thoughts.choose_what_i_feed,cat_mind_anxiety.negative_thoughts.choose_what_i_feed.v4.02,85,direct,boundary,I don't fight every thought or follow it,My attention is a resource
mind_anxiety,mind_anxiety.negative_thoughts,mind_anxiety.negative_thoughts.choose_what_i_feed,cat_mind_anxiety.negative_thoughts.choose_what_i_feed.v4.03,86,soft,reframe,I make room for fairer interpretations,I don't always have to choose the cruelest one
mind_anxiety,mind_anxiety.negative_thoughts,mind_anxiety.negative_thoughts.choose_what_i_feed,cat_mind_anxiety.negative_thoughts.choose_what_i_feed.v4.04,87,direct,action,I return to useful thoughts,I look for thoughts that help me act better
mind_anxiety,mind_anxiety.negative_thoughts,mind_anxiety.negative_thoughts.relationship_with_inner_voice,cat_mind_anxiety.negative_thoughts.relationship_with_inner_voice.v4.01,96,powerful,growth,My inner voice can change,I'm not condemned to the same tone forever
mind_anxiety,mind_anxiety.negative_thoughts,mind_anxiety.negative_thoughts.relationship_with_inner_voice,cat_mind_anxiety.negative_thoughts.relationship_with_inner_voice.v4.02,97,direct,self_compassion,I speak to myself with firmness and respect,I don't need humiliation to correct myself
mind_anxiety,mind_anxiety.negative_thoughts,mind_anxiety.negative_thoughts.relationship_with_inner_voice,cat_mind_anxiety.negative_thoughts.relationship_with_inner_voice.v4.03,98,soft,reframe,I don't turn my mind into the enemy,I learn a better way to relate to my thoughts
mind_anxiety,mind_anxiety.negative_thoughts,mind_anxiety.negative_thoughts.relationship_with_inner_voice,cat_mind_anxiety.negative_thoughts.relationship_with_inner_voice.v4.04,99,direct,consistency,I practice a fairer inner voice,Repetition builds a new inner dialogue too
mind_anxiety,mind_anxiety.intrusive_thoughts,mind_anxiety.intrusive_thoughts.notice_and_release,cat_mind_anxiety.intrusive_thoughts.notice_and_release.v4.01,108,soft,awareness,I notice the thought and let it pass,I don't have to solve every mental appearance
mind_anxiety,mind_anxiety.intrusive_thoughts,mind_anxiety.intrusive_thoughts.notice_and_release,cat_mind_anxiety.intrusive_thoughts.notice_and_release.v4.02,109,direct,acceptance,A thought can leave on its own,I don't need to push it out of my mind
mind_anxiety,mind_anxiety.intrusive_thoughts,mind_anxiety.intrusive_thoughts.notice_and_release,cat_mind_anxiety.intrusive_thoughts.notice_and_release.v4.03,110,powerful,agency,I don't follow every thought,My attention can return to what I'm doing
mind_anxiety,mind_anxiety.intrusive_thoughts,mind_anxiety.intrusive_thoughts.notice_and_release,cat_mind_anxiety.intrusive_thoughts.notice_and_release.v4.04,111,soft,reframe,I give the noise less importance,A thought appearing doesn't make it a message
mind_anxiety,mind_anxiety.intrusive_thoughts,mind_anxiety.intrusive_thoughts.not_everything_has_meaning,cat_mind_anxiety.intrusive_thoughts.not_everything_has_meaning.v4.01,120,powerful,reframe,Not every thought means something,My mind produces random noise too
mind_anxiety,mind_anxiety.intrusive_thoughts,mind_anxiety.intrusive_thoughts.not_everything_has_meaning,cat_mind_anxiety.intrusive_thoughts.not_everything_has_meaning.v4.02,121,direct,boundary,I don't need to interpret every image,I can let it exist without investigating it
mind_anxiety,mind_anxiety.intrusive_thoughts,mind_anxiety.intrusive_thoughts.not_everything_has_meaning,cat_mind_anxiety.intrusive_thoughts.not_everything_has_meaning.v4.03,122,direct,perspective,A thought doesn't reveal my intention,Thinking something doesn't mean I want it
mind_anxiety,mind_anxiety.intrusive_thoughts,mind_anxiety.intrusive_thoughts.not_everything_has_meaning,cat_mind_anxiety.intrusive_thoughts.not_everything_has_meaning.v4.04,123,soft,acceptance,I can leave questions unanswered,Not every mental event deserves an explanation
mind_anxiety,mind_anxiety.intrusive_thoughts,mind_anxiety.intrusive_thoughts.self_beyond_mental_content,cat_mind_anxiety.intrusive_thoughts.self_beyond_mental_content.v4.02,133,direct,reframe,My thoughts don't define my character,An involuntary thought is not an action
mind_anxiety,mind_anxiety.intrusive_thoughts,mind_anxiety.intrusive_thoughts.self_beyond_mental_content,cat_mind_anxiety.intrusive_thoughts.self_beyond_mental_content.v4.03,134,powerful,values,I have a life outside my head,"I return to my actions, relationships, and values"
mind_anxiety,mind_anxiety.intrusive_thoughts,mind_anxiety.intrusive_thoughts.self_beyond_mental_content,cat_mind_anxiety.intrusive_thoughts.self_beyond_mental_content.v4.04,135,soft,perspective,I can notice without identifying,What appears in my mind doesn't have to represent me
mind_anxiety,mind_anxiety.intrusive_thoughts,mind_anxiety.intrusive_thoughts.self_beyond_mental_content,cat_mind_anxiety.intrusive_thoughts.self_beyond_mental_content.010,141,powerful,perspective,My values show in how I live,Not in everything my brain can imagine
mind_anxiety,mind_anxiety.social_judgment,mind_anxiety.social_judgment.cannot_read_minds,cat_mind_anxiety.social_judgment.cannot_read_minds.v4.01,144,powerful,reframe,I can't read minds,I don't treat my assumptions as other people's real opinions
mind_anxiety,mind_anxiety.social_judgment,mind_anxiety.social_judgment.cannot_read_minds,cat_mind_anxiety.social_judgment.cannot_read_minds.v4.02,145,soft,uncertainty_tolerance,I don't know what they're thinking,I don't need to invent an answer to fill the gap
mind_anxiety,mind_anxiety.social_judgment,mind_anxiety.social_judgment.cannot_read_minds,cat_mind_anxiety.social_judgment.cannot_read_minds.v4.03,146,direct,awareness,I look for evidence before assuming judgment,One look doesn't tell a whole story
mind_anxiety,mind_anxiety.social_judgment,mind_anxiety.social_judgment.cannot_read_minds,cat_mind_anxiety.social_judgment.cannot_read_minds.v4.04,147,direct,boundary,I let others have their inner world,I don't need to manage it from inside my head
mind_anxiety,mind_anxiety.social_judgment,mind_anxiety.social_judgment.allow_being_seen,cat_mind_anxiety.social_judgment.allow_being_seen.v4.01,157,soft,acceptance,I can be seen without controlling the impression,Being visible doesn't require perfection
mind_anxiety,mind_anxiety.social_judgment,mind_anxiety.social_judgment.allow_being_seen,cat_mind_anxiety.social_judgment.allow_being_seen.v4.02,158,direct,action,I don't hide before anything happens,I let reality replace my assumptions
mind_anxiety,mind_anxiety.social_judgment,mind_anxiety.social_judgment.allow_being_seen,cat_mind_anxiety.social_judgment.allow_being_seen.v4.03,159,powerful,reframe,Being visible isn't a test,Most looks are not verdicts
mind_anxiety,mind_anxiety.social_judgment,mind_anxiety.social_judgment.allow_being_seen,cat_mind_anxiety.social_judgment.allow_being_seen.v4.04,160,direct,growth,I practice being present around others,Comfort grows through repeated experience
mind_anxiety,mind_anxiety.social_judgment,mind_anxiety.social_judgment.self_without_controlling_opinions,cat_mind_anxiety.social_judgment.self_without_controlling_opinions.v4.01,169,powerful,boundary,I can't control every opinion,My identity can't depend on doing that
mind_anxiety,mind_anxiety.social_judgment,mind_anxiety.social_judgment.self_without_controlling_opinions,cat_mind_anxiety.social_judgment.self_without_controlling_opinions.v4.02,170,soft,acceptance,Some people can like me and others won't,That's part of being a real person
mind_anxiety,mind_anxiety.social_judgment,mind_anxiety.social_judgment.self_without_controlling_opinions,cat_mind_anxiety.social_judgment.self_without_controlling_opinions.v4.03,171,powerful,self_worth,My worth is not a poll,I don't calculate it by adding up other people's reactions
mind_anxiety,mind_anxiety.social_judgment,mind_anxiety.social_judgment.self_without_controlling_opinions,cat_mind_anxiety.social_judgment.self_without_controlling_opinions.v4.04,172,direct,agency,I choose how I want to behave,Other people's opinions don't decide my values
motivation_discipline_responsibility,motivation_discipline_responsibility.procrastination,motivation_discipline_responsibility.procrastination.just_start,cat_motivation_discipline_responsibility.procrastination.just_start.v4.01,1,powerful,action,I start before I feel ready,Clarity often appears after the first move
motivation_discipline_responsibility,motivation_discipline_responsibility.procrastination,motivation_discipline_responsibility.procrastination.just_start,cat_motivation_discipline_responsibility.procrastination.just_start.v4.05,5,powerful,agency,I stop preparing to begin,I turn intention into visible action
motivation_discipline_responsibility,motivation_discipline_responsibility.procrastination,motivation_discipline_responsibility.procrastination.just_start,cat_motivation_discipline_responsibility.procrastination.just_start.v4.07,7,soft,permission,I can start awkwardly,Imperfect action gives me real information
motivation_discipline_responsibility,motivation_discipline_responsibility.procrastination,motivation_discipline_responsibility.procrastination.just_start,cat_motivation_discipline_responsibility.procrastination.just_start.v4.08,8,powerful,reframe,I break the inertia today,One small beginning changes the state of the day
motivation_discipline_responsibility,motivation_discipline_responsibility.procrastination,motivation_discipline_responsibility.procrastination.make_it_small,cat_motivation_discipline_responsibility.procrastination.make_it_small.v4.01,12,direct,agency,I make it smaller,I reduce the task until it feels doable
motivation_discipline_responsibility,motivation_discipline_responsibility.procrastination,motivation_discipline_responsibility.procrastination.make_it_small,cat_motivation_discipline_responsibility.procrastination.make_it_small.v4.02,13,soft,presence,Today I take a step toward [my project],I don't need to carry everything at once
motivation_discipline_responsibility,motivation_discipline_responsibility.procrastination,motivation_discipline_responsibility.procrastination.make_it_small,cat_motivation_discipline_responsibility.procrastination.make_it_small.v4.03,14,direct,action,I divide it so I can move,Each concrete piece lowers resistance
motivation_discipline_responsibility,motivation_discipline_responsibility.procrastination,motivation_discipline_responsibility.procrastination.make_it_small,cat_motivation_discipline_responsibility.procrastination.make_it_small.v4.05,16,soft,reframe,Less can still work,Making it smaller doesn't mean giving up
motivation_discipline_responsibility,motivation_discipline_responsibility.procrastination,motivation_discipline_responsibility.procrastination.stop_waiting_for_perfect_moment,cat_motivation_discipline_responsibility.procrastination.stop_waiting_for_perfect_moment.v4.01,24,powerful,action,I don't wait for perfect conditions,I begin with the reality I have today
motivation_discipline_responsibility,motivation_discipline_responsibility.procrastination,motivation_discipline_responsibility.procrastination.stop_waiting_for_perfect_moment,cat_motivation_discipline_responsibility.procrastination.stop_waiting_for_perfect_moment.v4.04,27,direct,reframe,Imperfect still gets started,I'd rather learn by doing than keep waiting
motivation_discipline_responsibility,motivation_discipline_responsibility.procrastination,motivation_discipline_responsibility.procrastination.stop_waiting_for_perfect_moment,cat_motivation_discipline_responsibility.procrastination.stop_waiting_for_perfect_moment.v4.07,30,direct,agency,I use the conditions I have,The day doesn't need to cooperate for me to do something useful
motivation_discipline_responsibility,motivation_discipline_responsibility.procrastination,motivation_discipline_responsibility.procrastination.stop_waiting_for_perfect_moment,cat_motivation_discipline_responsibility.procrastination.stop_waiting_for_perfect_moment.v4.08,31,powerful,evidence,Certainty comes later,Moving gives me information that waiting can't
motivation_discipline_responsibility,motivation_discipline_responsibility.discipline_consistency,motivation_discipline_responsibility.discipline_consistency.show_up_today,cat_motivation_discipline_responsibility.discipline_consistency.show_up_today.v4.02,37,direct,presence,I handle today,I don't need to solve the whole week now
motivation_discipline_responsibility,motivation_discipline_responsibility.discipline_consistency,motivation_discipline_responsibility.discipline_consistency.show_up_today,cat_motivation_discipline_responsibility.discipline_consistency.show_up_today.v4.06,41,powerful,commitment,I show up imperfectly,Being here keeps my connection to the goal alive
motivation_discipline_responsibility,motivation_discipline_responsibility.discipline_consistency,motivation_discipline_responsibility.discipline_consistency.show_up_today,cat_motivation_discipline_responsibility.discipline_consistency.show_up_today.v4.07,42,direct,action,I do one thing that counts,One intentional action can carry the day
motivation_discipline_responsibility,motivation_discipline_responsibility.discipline_consistency,motivation_discipline_responsibility.discipline_consistency.build_sustainable_habits,cat_motivation_discipline_responsibility.discipline_consistency.build_sustainable_habits.v4.04,51,direct,agency,My system works with me,Discipline improves when I remove unnecessary friction
motivation_discipline_responsibility,motivation_discipline_responsibility.discipline_consistency,motivation_discipline_responsibility.discipline_consistency.build_sustainable_habits,cat_motivation_discipline_responsibility.discipline_consistency.build_sustainable_habits.v4.05,52,powerful,perspective,Small actions accumulate,Every repetition leaves a mark on my future
motivation_discipline_responsibility,motivation_discipline_responsibility.discipline_consistency,motivation_discipline_responsibility.discipline_consistency.build_sustainable_habits,cat_motivation_discipline_responsibility.discipline_consistency.build_sustainable_habits.v4.06,53,powerful,identity,I practice the life I want,[Reading every night] builds who I want to be
motivation_discipline_responsibility,motivation_discipline_responsibility.discipline_consistency,motivation_discipline_responsibility.discipline_consistency.repeat_when_boring,cat_motivation_discipline_responsibility.discipline_consistency.repeat_when_boring.v4.02,61,powerful,perspective,Repetition is training too,Today's ordinary work builds tomorrow's visible results
motivation_discipline_responsibility,motivation_discipline_responsibility.discipline_consistency,motivation_discipline_responsibility.discipline_consistency.repeat_when_boring,cat_motivation_discipline_responsibility.discipline_consistency.repeat_when_boring.v4.05,64,powerful,commitment,Monotony doesn't stop me,I know why I continue even without excitement
motivation_discipline_responsibility,motivation_discipline_responsibility.discipline_consistency,motivation_discipline_responsibility.discipline_consistency.repeat_when_boring,cat_motivation_discipline_responsibility.discipline_consistency.repeat_when_boring.v4.07,66,direct,reframe,The basics still work,I don't need novelty to get value from practice
motivation_discipline_responsibility,motivation_discipline_responsibility.discipline_consistency,motivation_discipline_responsibility.discipline_consistency.consistent_identity,cat_motivation_discipline_responsibility.discipline_consistency.consistent_identity.v4.01,75,powerful,recovery,I am someone who comes back,One stumble doesn't erase the person I'm building
motivation_discipline_responsibility,motivation_discipline_responsibility.discipline_consistency,motivation_discipline_responsibility.discipline_consistency.consistent_identity,cat_motivation_discipline_responsibility.discipline_consistency.consistent_identity.v4.03,77,powerful,identity,My identity is practiced,Every action reinforces who I choose to be
motivation_discipline_responsibility,motivation_discipline_responsibility.discipline_consistency,motivation_discipline_responsibility.discipline_consistency.consistent_identity,cat_motivation_discipline_responsibility.discipline_consistency.consistent_identity.v4.07,81,direct,consistency,Consistency becomes familiar,Each repetition makes keeping my word to myself more natural
motivation_discipline_responsibility,motivation_discipline_responsibility.act_without_motivation,motivation_discipline_responsibility.act_without_motivation.no_need_to_feel_like_it,cat_motivation_discipline_responsibility.act_without_motivation.no_need_to_feel_like_it.v4.01,85,powerful,agency,I act even when I don't feel like it,My mood doesn't run my decisions
motivation_discipline_responsibility,motivation_discipline_responsibility.act_without_motivation,motivation_discipline_responsibility.act_without_motivation.no_need_to_feel_like_it,cat_motivation_discipline_responsibility.act_without_motivation.no_need_to_feel_like_it.v4.03,87,direct,action,"I start, then I see",Energy often appears once I'm moving
motivation_discipline_responsibility,motivation_discipline_responsibility.act_without_motivation,motivation_discipline_responsibility.act_without_motivation.no_need_to_feel_like_it,cat_motivation_discipline_responsibility.act_without_motivation.no_need_to_feel_like_it.v4.04,88,powerful,commitment,I don't negotiate every step,I do what matters even when it doesn't excite me today
motivation_discipline_responsibility,motivation_discipline_responsibility.act_without_motivation,motivation_discipline_responsibility.act_without_motivation.no_need_to_feel_like_it,cat_motivation_discipline_responsibility.act_without_motivation.no_need_to_feel_like_it.v4.05,89,direct,identity,My motivation changes; my direction doesn't,I choose based on what I want to build
motivation_discipline_responsibility,motivation_discipline_responsibility.act_without_motivation,motivation_discipline_responsibility.act_without_motivation.minimum_viable_effort,cat_motivation_discipline_responsibility.act_without_motivation.minimum_viable_effort.v4.01,96,direct,action,I do what I can sustain,A smaller version keeps my commitment alive
motivation_discipline_responsibility,motivation_discipline_responsibility.act_without_motivation,motivation_discipline_responsibility.act_without_motivation.minimum_viable_effort,cat_motivation_discipline_responsibility.act_without_motivation.minimum_viable_effort.v4.02,97,soft,reframe,The minimum still counts,Continuity matters more than disappearing completely
motivation_discipline_responsibility,motivation_discipline_responsibility.act_without_motivation,motivation_discipline_responsibility.act_without_motivation.minimum_viable_effort,cat_motivation_discipline_responsibility.act_without_motivation.minimum_viable_effort.v4.03,98,direct,agency,"Today I scale down, not quit",I adjust the effort without dropping the direction
motivation_discipline_responsibility,motivation_discipline_responsibility.act_without_motivation,motivation_discipline_responsibility.act_without_motivation.minimum_viable_effort,cat_motivation_discipline_responsibility.act_without_motivation.minimum_viable_effort.v4.07,102,powerful,perspective,Small progress is still progress,Progress exists on hard days too
motivation_discipline_responsibility,motivation_discipline_responsibility.act_without_motivation,motivation_discipline_responsibility.act_without_motivation.values_over_mood,cat_motivation_discipline_responsibility.act_without_motivation.values_over_mood.v4.01,109,powerful,identity,I choose what represents me,My actions reflect the values I want to live by
motivation_discipline_responsibility,motivation_discipline_responsibility.act_without_motivation,motivation_discipline_responsibility.act_without_motivation.values_over_mood,cat_motivation_discipline_responsibility.act_without_motivation.values_over_mood.v4.02,110,direct,agency,My values decide with me,Emotions inform me without taking full control
motivation_discipline_responsibility,motivation_discipline_responsibility.act_without_motivation,motivation_discipline_responsibility.act_without_motivation.values_over_mood,cat_motivation_discipline_responsibility.act_without_motivation.values_over_mood.v4.04,112,powerful,reframe,Comfort is not my compass,I choose alignment over immediate relief
motivation_discipline_responsibility,motivation_discipline_responsibility.act_without_motivation,motivation_discipline_responsibility.act_without_motivation.values_over_mood,cat_motivation_discipline_responsibility.act_without_motivation.values_over_mood.v4.05,113,direct,action,I make room for what matters,My priorities deserve concrete action
motivation_discipline_responsibility,motivation_discipline_responsibility.finish_what_i_start,motivation_discipline_responsibility.finish_what_i_start.keep_going,cat_motivation_discipline_responsibility.finish_what_i_start.keep_going.v4.03,123,powerful,agency,Difficulty doesn't decide for me,I adjust my pace and keep going
motivation_discipline_responsibility,motivation_discipline_responsibility.finish_what_i_start,motivation_discipline_responsibility.finish_what_i_start.keep_going,cat_motivation_discipline_responsibility.finish_what_i_start.keep_going.v4.04,124,soft,discernment,I persist without breaking myself,Persistence includes knowing how to regulate my effort
motivation_discipline_responsibility,motivation_discipline_responsibility.finish_what_i_start,motivation_discipline_responsibility.finish_what_i_start.keep_going,cat_motivation_discipline_responsibility.finish_what_i_start.keep_going.v4.05,125,direct,growth,My effort has direction,Every hard step strengthens something in me
motivation_discipline_responsibility,motivation_discipline_responsibility.finish_what_i_start,motivation_discipline_responsibility.finish_what_i_start.keep_going,cat_motivation_discipline_responsibility.finish_what_i_start.keep_going.v4.08,127,direct,commitment,I stay connected to my reason,Remembering why I started organizes the next effort
motivation_discipline_responsibility,motivation_discipline_responsibility.finish_what_i_start,motivation_discipline_responsibility.finish_what_i_start.middle_phase,cat_motivation_discipline_responsibility.finish_what_i_start.middle_phase.v4.01,132,direct,perspective,I sustain the invisible work,Progress happens before it becomes visible too
motivation_discipline_responsibility,motivation_discipline_responsibility.finish_what_i_start,motivation_discipline_responsibility.finish_what_i_start.middle_phase,cat_motivation_discipline_responsibility.finish_what_i_start.middle_phase.v4.02,133,powerful,commitment,I don't quit in the middle,Slow results don't invalidate the process
motivation_discipline_responsibility,motivation_discipline_responsibility.finish_what_i_start,motivation_discipline_responsibility.finish_what_i_start.middle_phase,cat_motivation_discipline_responsibility.finish_what_i_start.middle_phase.v4.04,135,powerful,reframe,I move through the uncomfortable part,Not all progress feels exciting
motivation_discipline_responsibility,motivation_discipline_responsibility.finish_what_i_start,motivation_discipline_responsibility.finish_what_i_start.middle_phase,cat_motivation_discipline_responsibility.finish_what_i_start.middle_phase.v4.05,136,direct,action,I keep going even when there's far to go,"My job is to move forward, not already be there"
motivation_discipline_responsibility,motivation_discipline_responsibility.finish_what_i_start,motivation_discipline_responsibility.finish_what_i_start.finisher_identity,cat_motivation_discipline_responsibility.finish_what_i_start.finisher_identity.v4.01,145,powerful,identity,I am someone who finishes,I carry my decisions through to a real ending
motivation_discipline_responsibility,motivation_discipline_responsibility.finish_what_i_start,motivation_discipline_responsibility.finish_what_i_start.finisher_identity,cat_motivation_discipline_responsibility.finish_what_i_start.finisher_identity.v4.05,149,direct,perspective,My work deserves an ending,I turn accumulated effort into something complete
motivation_discipline_responsibility,motivation_discipline_responsibility.finish_what_i_start,motivation_discipline_responsibility.finish_what_i_start.finisher_identity,cat_motivation_discipline_responsibility.finish_what_i_start.finisher_identity.v4.07,151,direct,commitment,I reach the finish line,The final stretch deserves the same attention as the start
motivation_discipline_responsibility,motivation_discipline_responsibility.finish_what_i_start,motivation_discipline_responsibility.finish_what_i_start.finisher_identity,cat_motivation_discipline_responsibility.finish_what_i_start.finisher_identity.v4.08,152,powerful,action,I finish [my project] and share it,A finished project can exist outside my head
motivation_discipline_responsibility,motivation_discipline_responsibility.return_after_quitting,motivation_discipline_responsibility.return_after_quitting.return_today,cat_motivation_discipline_responsibility.return_after_quitting.return_today.v4.02,157,direct,agency,Returning is a present decision,Time away doesn't control what I do now
motivation_discipline_responsibility,motivation_discipline_responsibility.return_after_quitting,motivation_discipline_responsibility.return_after_quitting.return_today,cat_motivation_discipline_responsibility.return_after_quitting.return_today.v4.03,158,soft,permission,I let myself come back,Guilt isn't required to begin again
motivation_discipline_responsibility,motivation_discipline_responsibility.return_after_quitting,motivation_discipline_responsibility.return_after_quitting.return_today,cat_motivation_discipline_responsibility.return_after_quitting.return_today.v4.06,161,powerful,action,I don't wait for Monday,Returning starts with the next available decision
motivation_discipline_responsibility,motivation_discipline_responsibility.return_after_quitting,motivation_discipline_responsibility.return_after_quitting.return_today,cat_motivation_discipline_responsibility.return_after_quitting.return_today.v4.07,162,direct,recovery,One action reopens the path,I don't need to recover everything in one day
motivation_discipline_responsibility,motivation_discipline_responsibility.return_after_quitting,motivation_discipline_responsibility.return_after_quitting.not_back_to_zero,cat_motivation_discipline_responsibility.return_after_quitting.not_back_to_zero.v4.01,168,powerful,reframe,I don't return from zero,I come back with experience I didn't have before
motivation_discipline_responsibility,motivation_discipline_responsibility.return_after_quitting,motivation_discipline_responsibility.return_after_quitting.not_back_to_zero,cat_motivation_discipline_responsibility.return_after_quitting.not_back_to_zero.v4.03,170,direct,perspective,My progress left a mark,I know my obstacles and resources better now
motivation_discipline_responsibility,motivation_discipline_responsibility.return_after_quitting,motivation_discipline_responsibility.return_after_quitting.not_back_to_zero,cat_motivation_discipline_responsibility.return_after_quitting.not_back_to_zero.v4.04,171,soft,agency,I return with more information,I use the past to design a better comeback
motivation_discipline_responsibility,motivation_discipline_responsibility.return_after_quitting,motivation_discipline_responsibility.return_after_quitting.not_back_to_zero,cat_motivation_discipline_responsibility.return_after_quitting.not_back_to_zero.v4.06,173,powerful,identity,A break doesn't erase my history,I'm still someone who has learned and practiced
motivation_discipline_responsibility,motivation_discipline_responsibility.return_after_quitting,motivation_discipline_responsibility.return_after_quitting.returning_skill,cat_motivation_discipline_responsibility.return_after_quitting.returning_skill.v4.03,182,direct,agency,My system includes setbacks,I have a simple way to return
motivation_discipline_responsibility,motivation_discipline_responsibility.return_after_quitting,motivation_discipline_responsibility.return_after_quitting.returning_skill,cat_motivation_discipline_responsibility.return_after_quitting.returning_skill.v4.04,183,powerful,action,I shorten the distance back,I don't need to wait another week to return
motivation_discipline_responsibility,motivation_discipline_responsibility.return_after_quitting,motivation_discipline_responsibility.return_after_quitting.returning_skill,cat_motivation_discipline_responsibility.return_after_quitting.returning_skill.v4.05,184,direct,reframe,Coming back is consistency too,Real discipline knows how to recover from interruptions
motivation_discipline_responsibility,motivation_discipline_responsibility.return_after_quitting,motivation_discipline_responsibility.return_after_quitting.returning_skill,cat_motivation_discipline_responsibility.return_after_quitting.returning_skill.v4.06,185,soft,identity,I trust my ability to return,I no longer need everything to go perfectly
motivation_discipline_responsibility,motivation_discipline_responsibility.personal_accountability,motivation_discipline_responsibility.personal_accountability.keep_my_word,cat_motivation_discipline_responsibility.personal_accountability.keep_my_word.v4.01,193,powerful,commitment,My word to myself matters,Keeping it strengthens my self-respect
motivation_discipline_responsibility,motivation_discipline_responsibility.personal_accountability,motivation_discipline_responsibility.personal_accountability.keep_my_word,cat_motivation_discipline_responsibility.personal_accountability.keep_my_word.v4.02,194,direct,action,I do what I said I would,My actions turn intention into trust
motivation_discipline_responsibility,motivation_discipline_responsibility.personal_accountability,motivation_discipline_responsibility.personal_accountability.keep_my_word,cat_motivation_discipline_responsibility.personal_accountability.keep_my_word.v4.05,197,direct,evidence,Every follow-through leaves evidence,I trust myself more because I respond
motivation_discipline_responsibility,motivation_discipline_responsibility.personal_accountability,motivation_discipline_responsibility.personal_accountability.keep_my_word,cat_motivation_discipline_responsibility.personal_accountability.keep_my_word.v4.06,198,powerful,identity,My commitment has weight,"I back it with action, not just words"
motivation_discipline_responsibility,motivation_discipline_responsibility.personal_accountability,motivation_discipline_responsibility.personal_accountability.stop_giving_power_to_excuses,cat_motivation_discipline_responsibility.personal_accountability.stop_giving_power_to_excuses.v4.01,204,direct,agency,I notice the excuse and act anyway,An explanation doesn't have to become permission
motivation_discipline_responsibility,motivation_discipline_responsibility.personal_accountability,motivation_discipline_responsibility.personal_accountability.stop_giving_power_to_excuses,cat_motivation_discipline_responsibility.personal_accountability.stop_giving_power_to_excuses.v4.02,205,powerful,ownership,I take responsibility for my part,I put energy where I actually have influence
motivation_discipline_responsibility,motivation_discipline_responsibility.personal_accountability,motivation_discipline_responsibility.personal_accountability.stop_giving_power_to_excuses,cat_motivation_discipline_responsibility.personal_accountability.stop_giving_power_to_excuses.v4.04,207,direct,reframe,Excuses don't decide for me,I can understand myself and still respond
motivation_discipline_responsibility,motivation_discipline_responsibility.personal_accountability,motivation_discipline_responsibility.personal_accountability.stop_giving_power_to_excuses,cat_motivation_discipline_responsibility.personal_accountability.stop_giving_power_to_excuses.v4.05,208,powerful,agency,"I look for solutions, not exits","When something changes, I adapt the path"
motivation_discipline_responsibility,motivation_discipline_responsibility.personal_accountability,motivation_discipline_responsibility.personal_accountability.trust_my_word,cat_motivation_discipline_responsibility.personal_accountability.trust_my_word.v4.02,217,direct,consistency,My word is a foundation,I build security by keeping small commitments
motivation_discipline_responsibility,motivation_discipline_responsibility.personal_accountability,motivation_discipline_responsibility.personal_accountability.trust_my_word,cat_motivation_discipline_responsibility.personal_accountability.trust_my_word.v4.06,221,direct,evidence,I give myself reasons to trust me,Keeping one small promise matters more than making a huge one
motivation_discipline_responsibility,motivation_discipline_responsibility.personal_accountability,motivation_discipline_responsibility.personal_accountability.trust_my_word,cat_motivation_discipline_responsibility.personal_accountability.trust_my_word.v4.07,222,powerful,consistency,My word grows stronger through practice,Each kept promise closes the gap between intention and action
motivation_discipline_responsibility,motivation_discipline_responsibility.personal_accountability,motivation_discipline_responsibility.personal_accountability.trust_my_word,cat_motivation_discipline_responsibility.personal_accountability.trust_my_word.v4.08,223,powerful,identity,I am someone I can count on,I show up for myself even when no one is watching
presence_acceptance_control,presence_acceptance_control.present_moment,presence_acceptance_control.present_moment.return_to_now,cat_presence_acceptance_control.present_moment.return_to_now.v4.02,1,soft,recovery,I return every time I drift,Getting distracted doesn't turn practice into failure
presence_acceptance_control,presence_acceptance_control.present_moment,presence_acceptance_control.present_moment.return_to_now,cat_presence_acceptance_control.present_moment.return_to_now.v4.03,2,direct,grounding,My body brings me back to now,Breath and senses return me to the present
presence_acceptance_control,presence_acceptance_control.present_moment,presence_acceptance_control.present_moment.return_to_now,cat_presence_acceptance_control.present_moment.return_to_now.v4.04,3,powerful,reframe,I don't need to live ahead,The next moment will arrive on its own
presence_acceptance_control,presence_acceptance_control.present_moment,presence_acceptance_control.present_moment.return_to_now,cat_presence_acceptance_control.present_moment.return_to_now.v4.extra.01,4,direct,presence,I return to what is happening,My senses pull me out of scenarios that don't exist yet
presence_acceptance_control,presence_acceptance_control.present_moment,presence_acceptance_control.present_moment.be_where_i_am,cat_presence_acceptance_control.present_moment.be_where_i_am.v4.01,12,powerful,presence,I am where I am,I don't need to turn this moment into a waiting room
presence_acceptance_control,presence_acceptance_control.present_moment,presence_acceptance_control.present_moment.be_where_i_am,cat_presence_acceptance_control.present_moment.be_where_i_am.v4.02,13,direct,action,I participate in what's in front of me,My attention is a way of living too
presence_acceptance_control,presence_acceptance_control.present_moment,presence_acceptance_control.present_moment.be_where_i_am,cat_presence_acceptance_control.present_moment.be_where_i_am.v4.03,14,soft,acceptance,I don't compare every moment to another,This moment can have value of its own
presence_acceptance_control,presence_acceptance_control.present_moment,presence_acceptance_control.present_moment.be_where_i_am,cat_presence_acceptance_control.present_moment.be_where_i_am.v4.04,15,direct,boundary,I stay here a little longer,Not every thought deserves to pull me away
presence_acceptance_control,presence_acceptance_control.present_moment,presence_acceptance_control.present_moment.stop_living_in_next_moment,cat_presence_acceptance_control.present_moment.stop_living_in_next_moment.v4.01,24,powerful,reframe,I don't always live in what comes next,My present isn't only preparation
presence_acceptance_control,presence_acceptance_control.present_moment,presence_acceptance_control.present_moment.stop_living_in_next_moment,cat_presence_acceptance_control.present_moment.stop_living_in_next_moment.v4.02,25,direct,permission,I stop postponing experience,I let myself enjoy life before every goal is finished
presence_acceptance_control,presence_acceptance_control.present_moment,presence_acceptance_control.present_moment.stop_living_in_next_moment,cat_presence_acceptance_control.present_moment.stop_living_in_next_moment.v4.03,26,soft,boundary,The future doesn't need all my attention,I keep some for the life that already exists
presence_acceptance_control,presence_acceptance_control.present_moment,presence_acceptance_control.present_moment.stop_living_in_next_moment,cat_presence_acceptance_control.present_moment.stop_living_in_next_moment.v4.04,27,direct,balance,I can plan and come back,Preparing for tomorrow doesn't require abandoning today
presence_acceptance_control,presence_acceptance_control.release_uncontrollable,presence_acceptance_control.release_uncontrollable.what_is_mine,cat_presence_acceptance_control.release_uncontrollable.what_is_mine.v4.01,37,direct,discernment,I separate what is mine from what isn't,Not every problem needs my intervention
presence_acceptance_control,presence_acceptance_control.release_uncontrollable,presence_acceptance_control.release_uncontrollable.what_is_mine,cat_presence_acceptance_control.release_uncontrollable.what_is_mine.v4.03,38,direct,agency,My energy goes to what I can influence,I don't spend it trying to control the impossible
presence_acceptance_control,presence_acceptance_control.release_uncontrollable,presence_acceptance_control.release_uncontrollable.what_is_mine,cat_presence_acceptance_control.release_uncontrollable.what_is_mine.v4.04,39,soft,reframe,I can care without carrying everything,Caring doesn't mean controlling
presence_acceptance_control,presence_acceptance_control.release_uncontrollable,presence_acceptance_control.release_uncontrollable.what_is_mine,cat_presence_acceptance_control.release_uncontrollable.what_is_mine.006,43,direct,reframe,Being affected doesn't make it mine,Not everything I worry about is under my control
presence_acceptance_control,presence_acceptance_control.release_uncontrollable,presence_acceptance_control.release_uncontrollable.stop_controlling_outcomes,cat_presence_acceptance_control.release_uncontrollable.stop_controlling_outcomes.v4.01,48,powerful,agency,I don't control the whole outcome,I can control the quality of my action
presence_acceptance_control,presence_acceptance_control.release_uncontrollable,presence_acceptance_control.release_uncontrollable.stop_controlling_outcomes,cat_presence_acceptance_control.release_uncontrollable.stop_controlling_outcomes.v4.02,49,direct,acceptance,I do my part and release the rest,The future depends on outside variables too
presence_acceptance_control,presence_acceptance_control.release_uncontrollable,presence_acceptance_control.release_uncontrollable.stop_controlling_outcomes,cat_presence_acceptance_control.release_uncontrollable.stop_controlling_outcomes.v4.03,50,soft,uncertainty_tolerance,I don't need guarantees to act,Uncertainty comes with many decisions
presence_acceptance_control,presence_acceptance_control.release_uncontrollable,presence_acceptance_control.release_uncontrollable.stop_controlling_outcomes,cat_presence_acceptance_control.release_uncontrollable.stop_controlling_outcomes.010,59,powerful,perspective,I measure my actions by their integrity,Not only by outcomes I can't control
presence_acceptance_control,presence_acceptance_control.release_uncontrollable,presence_acceptance_control.release_uncontrollable.unwinnable_battles,cat_presence_acceptance_control.release_uncontrollable.unwinnable_battles.v4.01,60,powerful,discernment,I stop fighting impossible battles,My energy belongs where I can make a difference
presence_acceptance_control,presence_acceptance_control.release_uncontrollable,presence_acceptance_control.release_uncontrollable.unwinnable_battles,cat_presence_acceptance_control.release_uncontrollable.unwinnable_battles.v4.02,61,direct,reframe,I don't need to win every conflict,Sometimes stepping away is the most useful choice
presence_acceptance_control,presence_acceptance_control.release_uncontrollable,presence_acceptance_control.release_uncontrollable.unwinnable_battles,cat_presence_acceptance_control.release_uncontrollable.unwinnable_battles.v4.03,62,soft,boundary,I release arguments that go nowhere,Peace sometimes requires me to stop insisting
presence_acceptance_control,presence_acceptance_control.release_uncontrollable,presence_acceptance_control.release_uncontrollable.unwinnable_battles,cat_presence_acceptance_control.release_uncontrollable.unwinnable_battles.v4.04,63,powerful,values,I choose where the fight is worth it,I don't confuse perseverance with endless depletion
presence_acceptance_control,presence_acceptance_control.personal_agency,presence_acceptance_control.personal_agency.next_action,cat_presence_acceptance_control.personal_agency.next_action.v4.01,72,direct,action,I choose the next action,I don't need to solve everything to move again
presence_acceptance_control,presence_acceptance_control.personal_agency,presence_acceptance_control.personal_agency.next_action,cat_presence_acceptance_control.personal_agency.next_action.v4.02,73,powerful,agency,I do what is mine to do now,The rest can wait for another moment
presence_acceptance_control,presence_acceptance_control.personal_agency,presence_acceptance_control.personal_agency.next_action,cat_presence_acceptance_control.personal_agency.next_action.v4.03,74,direct,reframe,One concrete step changes the state,Action reduces noise that thinking can't solve
presence_acceptance_control,presence_acceptance_control.personal_agency,presence_acceptance_control.personal_agency.next_action,cat_presence_acceptance_control.personal_agency.next_action.v4.04,75,soft,action,I begin with something small and real,Movement restores a sense of capability
presence_acceptance_control,presence_acceptance_control.personal_agency,presence_acceptance_control.personal_agency.choose_my_response,cat_presence_acceptance_control.personal_agency.choose_my_response.v4.01,84,powerful,agency,"I can't choose everything, but I choose my response",My freedom appears in what I do next
presence_acceptance_control,presence_acceptance_control.personal_agency,presence_acceptance_control.personal_agency.choose_my_response,cat_presence_acceptance_control.personal_agency.choose_my_response.v4.02,85,soft,presence,I can pause before reacting,That space changes my decisions
presence_acceptance_control,presence_acceptance_control.personal_agency,presence_acceptance_control.personal_agency.choose_my_response,cat_presence_acceptance_control.personal_agency.choose_my_response.v4.03,86,direct,reframe,"My emotions inform me, not command me",I listen without giving them total control
presence_acceptance_control,presence_acceptance_control.personal_agency,presence_acceptance_control.personal_agency.choose_my_response,cat_presence_acceptance_control.personal_agency.choose_my_response.v4.04,87,powerful,values,I respond from my values,Not only from the impulse of the moment
presence_acceptance_control,presence_acceptance_control.personal_agency,presence_acceptance_control.personal_agency.reclaim_agency,cat_presence_acceptance_control.personal_agency.reclaim_agency.v4.01,98,powerful,agency,I reclaim my ability to choose,Even when I don't control the whole situation
presence_acceptance_control,presence_acceptance_control.personal_agency,presence_acceptance_control.personal_agency.reclaim_agency,cat_presence_acceptance_control.personal_agency.reclaim_agency.v4.02,99,direct,discernment,I look for the part that is mine,That's where I put attention and energy
presence_acceptance_control,presence_acceptance_control.personal_agency,presence_acceptance_control.personal_agency.reclaim_agency,cat_presence_acceptance_control.personal_agency.reclaim_agency.v4.03,100,soft,reframe,I don't need to feel powerful to act,One small decision can restore agency
presence_acceptance_control,presence_acceptance_control.personal_agency,presence_acceptance_control.personal_agency.reclaim_agency,cat_presence_acceptance_control.personal_agency.reclaim_agency.v4.04,101,direct,ownership,I take responsibility without carrying everything,Responsibility and control are not the same
presence_acceptance_control,presence_acceptance_control.uncertainty,presence_acceptance_control.uncertainty.not_know_everything_today,cat_presence_acceptance_control.uncertainty.not_know_everything_today.v4.01,108,soft,uncertainty_tolerance,I don't have to know everything today,Some answers need time and experience
presence_acceptance_control,presence_acceptance_control.uncertainty,presence_acceptance_control.uncertainty.not_know_everything_today,cat_presence_acceptance_control.uncertainty.not_know_everything_today.v4.02,109,soft,acceptance,I can leave questions open,My life continues while I find answers
presence_acceptance_control,presence_acceptance_control.uncertainty,presence_acceptance_control.uncertainty.not_know_everything_today,cat_presence_acceptance_control.uncertainty.not_know_everything_today.v4.03,110,powerful,reframe,Not having an answer isn't failure,It can be a real stage of the process
presence_acceptance_control,presence_acceptance_control.uncertainty,presence_acceptance_control.uncertainty.not_know_everything_today,cat_presence_acceptance_control.uncertainty.not_know_everything_today.v4.04,111,direct,agency,I know enough for this step,I don't need the whole path mapped out
presence_acceptance_control,presence_acceptance_control.uncertainty,presence_acceptance_control.uncertainty.move_without_guarantees,cat_presence_acceptance_control.uncertainty.move_without_guarantees.v4.01,121,powerful,action,I move without guarantees,Most important decisions include uncertainty
presence_acceptance_control,presence_acceptance_control.uncertainty,presence_acceptance_control.uncertainty.move_without_guarantees,cat_presence_acceptance_control.uncertainty.move_without_guarantees.v4.02,122,direct,discernment,I don't need certainty to commit,I need enough reasons and the ability to adjust
presence_acceptance_control,presence_acceptance_control.uncertainty,presence_acceptance_control.uncertainty.move_without_guarantees,cat_presence_acceptance_control.uncertainty.move_without_guarantees.v4.03,123,soft,reframe,I can choose and revise,A decision doesn't have to be irreversible
presence_acceptance_control,presence_acceptance_control.uncertainty,presence_acceptance_control.uncertainty.move_without_guarantees,cat_presence_acceptance_control.uncertainty.move_without_guarantees.v4.04,124,powerful,growth,Action creates clarity too,Moving teaches me what waiting can't reveal
presence_acceptance_control,presence_acceptance_control.uncertainty,presence_acceptance_control.uncertainty.trust_adaptability,cat_presence_acceptance_control.uncertainty.trust_adaptability.v4.01,132,powerful,trust,I trust myself to adapt,I don't need to predict every change
presence_acceptance_control,presence_acceptance_control.uncertainty,presence_acceptance_control.uncertainty.trust_adaptability,cat_presence_acceptance_control.uncertainty.trust_adaptability.v4.02,133,direct,reframe,My ability goes beyond the plan,I can respond to the unexpected too
presence_acceptance_control,presence_acceptance_control.uncertainty,presence_acceptance_control.uncertainty.trust_adaptability,cat_presence_acceptance_control.uncertainty.trust_adaptability.v4.03,134,soft,evidence,I've adapted before,My history contains evidence of flexibility
presence_acceptance_control,presence_acceptance_control.uncertainty,presence_acceptance_control.uncertainty.trust_adaptability,cat_presence_acceptance_control.uncertainty.trust_adaptability.v4.04,135,powerful,identity,I don't need a controlled future,I need resources to move with it
presence_acceptance_control,presence_acceptance_control.reality_acceptance,presence_acceptance_control.reality_acceptance.stop_arguing_with_reality,cat_presence_acceptance_control.reality_acceptance.stop_arguing_with_reality.v4.01,144,powerful,acceptance,I acknowledge what already is,Acceptance lets me choose from real information
presence_acceptance_control,presence_acceptance_control.reality_acceptance,presence_acceptance_control.reality_acceptance.stop_arguing_with_reality,cat_presence_acceptance_control.reality_acceptance.stop_arguing_with_reality.v4.02,145,direct,agency,I don't waste energy denying the fact,I use it to decide what comes next
presence_acceptance_control,presence_acceptance_control.reality_acceptance,presence_acceptance_control.reality_acceptance.stop_arguing_with_reality,cat_presence_acceptance_control.reality_acceptance.stop_arguing_with_reality.v4.03,146,powerful,reframe,Acceptance doesn't mean approval,I simply stop arguing with what happened
presence_acceptance_control,presence_acceptance_control.reality_acceptance,presence_acceptance_control.reality_acceptance.stop_arguing_with_reality,cat_presence_acceptance_control.reality_acceptance.stop_arguing_with_reality.v4.04,147, direct,awareness,I see the situation as it is,Clarity is a better starting point
presence_acceptance_control,presence_acceptance_control.reality_acceptance,presence_acceptance_control.reality_acceptance.make_peace_with_past,cat_presence_acceptance_control.reality_acceptance.make_peace_with_past.v4.02,157,direct,self_compassion,I don't retry every scene in judgment,I have information now that I didn't have then
presence_acceptance_control,presence_acceptance_control.reality_acceptance,presence_acceptance_control.reality_acceptance.make_peace_with_past,cat_presence_acceptance_control.reality_acceptance.make_peace_with_past.v4.03,158,soft,closure,My story can rest,I don't need to keep every conflict open
presence_acceptance_control,presence_acceptance_control.reality_acceptance,presence_acceptance_control.reality_acceptance.make_peace_with_past,cat_presence_acceptance_control.reality_acceptance.make_peace_with_past.v4.04,159,powerful,reframe,I make peace without erasing,Accepting what happened doesn't mean saying it was okay
presence_acceptance_control,presence_acceptance_control.reality_acceptance,presence_acceptance_control.reality_acceptance.make_peace_with_past,cat_presence_acceptance_control.reality_acceptance.make_peace_with_past.006,161,direct,agency,I can't edit what happened,I can choose how I relate to it today
presence_acceptance_control,presence_acceptance_control.reality_acceptance,presence_acceptance_control.reality_acceptance.integrate_past,cat_presence_acceptance_control.reality_acceptance.integrate_past.v4.01,168,powerful,integration,"My past is part of me, not my ruler",I integrate it without turning it into destiny
presence_acceptance_control,presence_acceptance_control.reality_acceptance,presence_acceptance_control.reality_acceptance.integrate_past,cat_presence_acceptance_control.reality_acceptance.integrate_past.v4.02,169,direct,agency,"I keep lessons, not sentences",I choose what meaning I carry forward
presence_acceptance_control,presence_acceptance_control.reality_acceptance,presence_acceptance_control.reality_acceptance.integrate_past,cat_presence_acceptance_control.reality_acceptance.integrate_past.v4.03,170,direct,perspective,My story explains some things,It doesn't automatically decide what I do next
presence_acceptance_control,presence_acceptance_control.reality_acceptance,presence_acceptance_control.reality_acceptance.integrate_past,cat_presence_acceptance_control.reality_acceptance.integrate_past.v4.04,171,soft,acceptance,I can look back without going back,Memory has a place inside a life that continues
purpose_identity_direction,purpose_identity_direction.self_discovery,purpose_identity_direction.self_discovery.listen_to_what_matters,cat_purpose_identity_direction.self_discovery.listen_to_what_matters.v4.01,0,powerful,awareness,I listen to what truly matters to me,Not only what I'm supposed to care about
purpose_identity_direction,purpose_identity_direction.self_discovery,purpose_identity_direction.self_discovery.listen_to_what_matters,cat_purpose_identity_direction.self_discovery.listen_to_what_matters.v4.02,1,direct,self_discovery,I notice what energizes me,My reactions contain information too
purpose_identity_direction,purpose_identity_direction.self_discovery,purpose_identity_direction.self_discovery.listen_to_what_matters,cat_purpose_identity_direction.self_discovery.listen_to_what_matters.v4.05,4,direct,evidence,I observe patterns in my choices,What repeats reveals something about my priorities
purpose_identity_direction,purpose_identity_direction.self_discovery,purpose_identity_direction.self_discovery.listen_to_what_matters,cat_purpose_identity_direction.self_discovery.listen_to_what_matters.v4.06,5,powerful,self_validation,I take my preferences seriously,I don't need to turn them into arguments
purpose_identity_direction,purpose_identity_direction.self_discovery,purpose_identity_direction.self_discovery.separate_self_from_should,cat_purpose_identity_direction.self_discovery.separate_self_from_should.v4.02,13,powerful,awareness,I ask who actually wants this,A learned expectation can feel like my own desire
purpose_identity_direction,purpose_identity_direction.self_discovery,purpose_identity_direction.self_discovery.separate_self_from_should,cat_purpose_identity_direction.self_discovery.separate_self_from_should.v4.03,14,direct,reframe,Choosing differently doesn't make me irresponsible,I can choose with context and judgment
purpose_identity_direction,purpose_identity_direction.self_discovery,purpose_identity_direction.self_discovery.separate_self_from_should,cat_purpose_identity_direction.self_discovery.separate_self_from_should.v4.04,15,soft,permission,I give myself permission to want differently,I don't need to justify every preference
purpose_identity_direction,purpose_identity_direction.self_discovery,purpose_identity_direction.self_discovery.separate_self_from_should,cat_purpose_identity_direction.self_discovery.separate_self_from_should.v4.05,16,powerful,agency,I release goals that are no longer mine,Wanting them once doesn't mean I have to keep them
purpose_identity_direction,purpose_identity_direction.self_discovery,purpose_identity_direction.self_discovery.stay_open_to_self_discovery,cat_purpose_identity_direction.self_discovery.stay_open_to_self_discovery.v4.02,25,powerful,growth,I keep discovering who I am,Experience reveals parts of me I didn't know
purpose_identity_direction,purpose_identity_direction.self_discovery,purpose_identity_direction.self_discovery.stay_open_to_self_discovery,cat_purpose_identity_direction.self_discovery.stay_open_to_self_discovery.v4.03,26,direct,uncertainty_tolerance,I leave some questions open,Not everything about me needs an immediate label
purpose_identity_direction,purpose_identity_direction.self_discovery,purpose_identity_direction.self_discovery.stay_open_to_self_discovery,cat_purpose_identity_direction.self_discovery.stay_open_to_self_discovery.v4.05,28,powerful,identity,I don't search for a fixed essence,I build an honest relationship with who I'm becoming
purpose_identity_direction,purpose_identity_direction.self_discovery,purpose_identity_direction.self_discovery.stay_open_to_self_discovery,cat_purpose_identity_direction.self_discovery.stay_open_to_self_discovery.v4.06,29,direct,action,I explore without having to stay,Trying something can teach me that it isn't mine
purpose_identity_direction,purpose_identity_direction.values,purpose_identity_direction.values.recognize_what_matters,cat_purpose_identity_direction.values.recognize_what_matters.v4.01,36,direct,awareness,I recognize what matters,"I notice where energy, pain, and commitment show up"
purpose_identity_direction,purpose_identity_direction.values,purpose_identity_direction.values.recognize_what_matters,cat_purpose_identity_direction.values.recognize_what_matters.v4.02,37,powerful,evidence,My values show in my decisions,Not only in what I say I care about
purpose_identity_direction,purpose_identity_direction.values,purpose_identity_direction.values.recognize_what_matters,cat_purpose_identity_direction.values.recognize_what_matters.v4.04,39,direct,discernment,Not everything deserves equal weight,My values help me prioritize
purpose_identity_direction,purpose_identity_direction.values,purpose_identity_direction.values.recognize_what_matters,cat_purpose_identity_direction.values.recognize_what_matters.v4.05,40,powerful,commitment,What matters deserves real time,I don't leave it only as a good intention
purpose_identity_direction,purpose_identity_direction.values,purpose_identity_direction.values.choose_between_conflicting_priorities,cat_purpose_identity_direction.values.choose_between_conflicting_priorities.v4.01,48,powerful,discernment,I choose between important things,Not every decision has a perfect option
purpose_identity_direction,purpose_identity_direction.values,purpose_identity_direction.values.choose_between_conflicting_priorities,cat_purpose_identity_direction.values.choose_between_conflicting_priorities.v4.02,49,direct,awareness,I ask what matters most right now,Context is part of my values too
purpose_identity_direction,purpose_identity_direction.values,purpose_identity_direction.values.choose_between_conflicting_priorities,cat_purpose_identity_direction.values.choose_between_conflicting_priorities.v4.04,51,direct,reframe,I choose without betraying everything else,One decision doesn't erase my other values
purpose_identity_direction,purpose_identity_direction.values,purpose_identity_direction.values.choose_between_conflicting_priorities,cat_purpose_identity_direction.values.choose_between_conflicting_priorities.v4.06,53,powerful,ownership,I own the tradeoff,I consciously choose which cost I'm willing to accept
purpose_identity_direction,purpose_identity_direction.values,purpose_identity_direction.values.decisions_around_values,cat_purpose_identity_direction.values.decisions_around_values.v4.01,63,powerful,values,I decide from what I value,Not only from comfort or outside pressure
purpose_identity_direction,purpose_identity_direction.values,purpose_identity_direction.values.decisions_around_values,cat_purpose_identity_direction.values.decisions_around_values.v4.02,64,direct,perspective,My values work like a compass,They don't need to become rigid rules
purpose_identity_direction,purpose_identity_direction.values,purpose_identity_direction.values.decisions_around_values,cat_purpose_identity_direction.values.decisions_around_values.v4.03,65,direct,discernment,I ask what choice I can respect tomorrow,Alignment matters more than immediate approval
purpose_identity_direction,purpose_identity_direction.values,purpose_identity_direction.values.decisions_around_values,cat_purpose_identity_direction.values.decisions_around_values.v4.05,67,powerful,action,I turn values into behavior,A priority without action loses strength
purpose_identity_direction,purpose_identity_direction.direction,purpose_identity_direction.direction.not_see_whole_path,cat_purpose_identity_direction.direction.not_see_whole_path.v4.01,72,powerful,uncertainty_tolerance,I don't need to see the whole path,I only need enough clarity for the next step
purpose_identity_direction,purpose_identity_direction.direction,purpose_identity_direction.direction.not_see_whole_path,cat_purpose_identity_direction.direction.not_see_whole_path.v4.02,73,direct,reframe,A direction is enough,The path can become clearer as I move
purpose_identity_direction,purpose_identity_direction.direction,purpose_identity_direction.direction.not_see_whole_path,cat_purpose_identity_direction.direction.not_see_whole_path.v4.03,74,direct,action,I take the next visible step,I don't carry decisions that don't exist yet
purpose_identity_direction,purpose_identity_direction.direction,purpose_identity_direction.direction.not_see_whole_path,cat_purpose_identity_direction.direction.not_see_whole_path.v4.05,76,powerful,discernment,I don't decide twenty years today,My job is to orient this season
purpose_identity_direction,purpose_identity_direction.direction,purpose_identity_direction.direction.choose_before_certainty,cat_purpose_identity_direction.direction.choose_before_certainty.v4.01,84,powerful,agency,I choose before I feel total certainty,Waiting for perfect confidence can keep me still
purpose_identity_direction,purpose_identity_direction.direction,purpose_identity_direction.direction.choose_before_certainty,cat_purpose_identity_direction.direction.choose_before_certainty.v4.02,85,direct,discernment,I look for an aligned-enough option,Not a decision that can never be questioned
purpose_identity_direction,purpose_identity_direction.direction,purpose_identity_direction.direction.choose_before_certainty,cat_purpose_identity_direction.direction.choose_before_certainty.v4.04,86,direct,growth,The decision creates clarity too,Some answers appear after I act
purpose_identity_direction,purpose_identity_direction.direction,purpose_identity_direction.direction.choose_before_certainty,cat_purpose_identity_direction.direction.choose_before_certainty.v4.05,87,powerful,uncertainty_tolerance,I don't need to eliminate every doubt,I only need enough reason to move
purpose_identity_direction,purpose_identity_direction.direction,purpose_identity_direction.direction.direction_through_movement,cat_purpose_identity_direction.direction.direction_through_movement.v4.01,96,powerful,reframe,Direction appears in motion,It doesn't always arrive as a revelation
purpose_identity_direction,purpose_identity_direction.direction,purpose_identity_direction.direction.direction_through_movement,cat_purpose_identity_direction.direction.direction_through_movement.v4.02,97,direct,action,I try things to know myself,Experience answers questions thinking can't solve
purpose_identity_direction,purpose_identity_direction.direction,purpose_identity_direction.direction.direction_through_movement,cat_purpose_identity_direction.direction.direction_through_movement.v4.03,98,direct,agency,I adjust course as I move,Changing direction doesn't erase the distance I've traveled
purpose_identity_direction,purpose_identity_direction.direction,purpose_identity_direction.direction.direction_through_movement,cat_purpose_identity_direction.direction.direction_through_movement.v4.05,100,powerful,identity,I don't wait for the perfect path,I build one through real decisions
purpose_identity_direction,purpose_identity_direction.purpose,purpose_identity_direction.purpose.everyday_meaning,cat_purpose_identity_direction.purpose.everyday_meaning.v4.01,108,powerful,reframe,Meaning lives in ordinary life too,Purpose doesn't always need a huge mission
purpose_identity_direction,purpose_identity_direction.purpose,purpose_identity_direction.purpose.everyday_meaning,cat_purpose_identity_direction.purpose.everyday_meaning.v4.02,109,soft,presence,I find value in how I live today,My small actions express priorities too
purpose_identity_direction,purpose_identity_direction.purpose,purpose_identity_direction.purpose.everyday_meaning,cat_purpose_identity_direction.purpose.everyday_meaning.v4.04,111,direct,agency,I don't wait for a grand revelation,I can build meaning through repeated choices
purpose_identity_direction,purpose_identity_direction.purpose,purpose_identity_direction.purpose.everyday_meaning,cat_purpose_identity_direction.purpose.everyday_meaning.v4.06,113,powerful,values,I care for what makes me feel alive,That guides my direction too
purpose_identity_direction,purpose_identity_direction.purpose,purpose_identity_direction.purpose.connect_actions_to_what_matters,cat_purpose_identity_direction.purpose.connect_actions_to_what_matters.v4.01,120,direct,values,I connect actions to values,I want my schedule to show what matters
purpose_identity_direction,purpose_identity_direction.purpose,purpose_identity_direction.purpose.connect_actions_to_what_matters,cat_purpose_identity_direction.purpose.connect_actions_to_what_matters.v4.02,121,powerful,action,I make my priorities visible,"I give them real time, attention, or effort"
purpose_identity_direction,purpose_identity_direction.purpose,purpose_identity_direction.purpose.connect_actions_to_what_matters,cat_purpose_identity_direction.purpose.connect_actions_to_what_matters.v4.03,122,direct,commitment,I don't leave my values as words,I turn them into daily decisions
purpose_identity_direction,purpose_identity_direction.purpose,purpose_identity_direction.purpose.connect_actions_to_what_matters,cat_purpose_identity_direction.purpose.connect_actions_to_what_matters.v4.05,124,powerful,evidence,My time reveals my direction,I notice whether I use it according to what I value
purpose_identity_direction,purpose_identity_direction.purpose,purpose_identity_direction.purpose.life_that_feels_mine,cat_purpose_identity_direction.purpose.life_that_feels_mine.v4.01,134,powerful,identity,I build a life that feels like mine,Not one that only looks right from the outside
purpose_identity_direction,purpose_identity_direction.purpose,purpose_identity_direction.purpose.life_that_feels_mine,cat_purpose_identity_direction.purpose.life_that_feels_mine.v4.03,136,soft,desire,I want to recognize myself in my days,My routines should carry something of me too
purpose_identity_direction,purpose_identity_direction.purpose,purpose_identity_direction.purpose.life_that_feels_mine,cat_purpose_identity_direction.purpose.life_that_feels_mine.v4.04,137,powerful,reframe,I don't live a borrowed life,I revisit goals I adopted without choosing
purpose_identity_direction,purpose_identity_direction.purpose,purpose_identity_direction.purpose.life_that_feels_mine,cat_purpose_identity_direction.purpose.life_that_feels_mine.v4.05,138,direct,permission,My preferences deserve space,Not everything has to be useful to someone else
purpose_identity_direction,purpose_identity_direction.identity_growth,purpose_identity_direction.identity_growth.decisions_form_identity,cat_purpose_identity_direction.identity_growth.decisions_form_identity.v4.01,145,powerful,identity,My decisions build my identity,What I repeat makes who I am more real
purpose_identity_direction,purpose_identity_direction.identity_growth,purpose_identity_direction.identity_growth.decisions_form_identity,cat_purpose_identity_direction.identity_growth.decisions_form_identity.v4.02,146,direct,action,I become through action,Not only through intentions about myself
purpose_identity_direction,purpose_identity_direction.identity_growth,purpose_identity_direction.identity_growth.decisions_form_identity,cat_purpose_identity_direction.identity_growth.decisions_form_identity.v4.05,149,powerful,agency,I choose like the person I want to be,Identity can guide behavior too
purpose_identity_direction,purpose_identity_direction.identity_growth,purpose_identity_direction.identity_growth.decisions_form_identity,cat_purpose_identity_direction.identity_growth.decisions_form_identity.v4.06,150,direct,perspective,My habits tell stories about me,I choose which ones I want to keep writing
purpose_identity_direction,purpose_identity_direction.identity_growth,purpose_identity_direction.identity_growth.practice_who_i_want_to_be,cat_purpose_identity_direction.identity_growth.practice_who_i_want_to_be.v4.01,156,powerful,consistency,I practice who I want to be,Identity is trained on ordinary days
purpose_identity_direction,purpose_identity_direction.identity_growth,purpose_identity_direction.identity_growth.practice_who_i_want_to_be,cat_purpose_identity_direction.identity_growth.practice_who_i_want_to_be.v4.03,158,direct,reframe,I don't wait to feel like that person,I act and let my identity catch up
purpose_identity_direction,purpose_identity_direction.identity_growth,purpose_identity_direction.identity_growth.practice_who_i_want_to_be,cat_purpose_identity_direction.identity_growth.practice_who_i_want_to_be.v4.04,159,powerful,evidence,I give myself evidence of change,I keep small decisions I used to postpone
purpose_identity_direction,purpose_identity_direction.identity_growth,purpose_identity_direction.identity_growth.practice_who_i_want_to_be,cat_purpose_identity_direction.identity_growth.practice_who_i_want_to_be.v4.05,160,soft,perspective,Progress can look ordinary,Many transformations happen through repeated habits
purpose_identity_direction,purpose_identity_direction.identity_growth,purpose_identity_direction.identity_growth.choose_next_version,cat_purpose_identity_direction.identity_growth.choose_next_version.v4.01,168,powerful,identity,I choose my next version,I don't need to reject who I was completely
purpose_identity_direction,purpose_identity_direction.identity_growth,purpose_identity_direction.identity_growth.choose_next_version,cat_purpose_identity_direction.identity_growth.choose_next_version.v4.02,169,direct,discernment,I keep what still represents me,Change doesn't require erasing my history
purpose_identity_direction,purpose_identity_direction.identity_growth,purpose_identity_direction.identity_growth.choose_next_version,cat_purpose_identity_direction.identity_growth.choose_next_version.v4.03,170,direct,closure,I leave behind what no longer fits,I can appreciate a chapter and still change
purpose_identity_direction,purpose_identity_direction.identity_growth,purpose_identity_direction.identity_growth.choose_next_version,cat_purpose_identity_direction.identity_growth.choose_next_version.v4.04,171,powerful,design,I develop qualities on purpose,I create environments where they are easier to practice
purpose_identity_direction,purpose_identity_direction.trust_process,purpose_identity_direction.trust_process.life_not_resolved,cat_purpose_identity_direction.trust_process.life_not_resolved.v4.02,181,powerful,reframe,I don't need a final answer,Direction can be enough for now
purpose_identity_direction,purpose_identity_direction.trust_process,purpose_identity_direction.trust_process.life_not_resolved,cat_purpose_identity_direction.trust_process.life_not_resolved.v4.03,182,direct,perspective,"I'm in process, not behind",Being unfinished is a normal way to be alive
purpose_identity_direction,purpose_identity_direction.trust_process,purpose_identity_direction.trust_process.life_not_resolved,cat_purpose_identity_direction.trust_process.life_not_resolved.v4.05,184,direct,agency,I keep making provisional decisions,I don't need to wait for a final version of myself
purpose_identity_direction,purpose_identity_direction.trust_process,purpose_identity_direction.trust_process.life_not_resolved,cat_purpose_identity_direction.trust_process.life_not_resolved.v4.06,185,powerful,trust,I trust a life that can adjust,Solving everything once and for all isn't the goal
purpose_identity_direction,purpose_identity_direction.trust_process,purpose_identity_direction.trust_process.allow_unclear_seasons,cat_purpose_identity_direction.trust_process.allow_unclear_seasons.v4.03,194,direct,discernment,I don't force premature clarity,I observe before deciding what everything means
purpose_identity_direction,purpose_identity_direction.trust_process,purpose_identity_direction.trust_process.allow_unclear_seasons,cat_purpose_identity_direction.trust_process.allow_unclear_seasons.v4.04,195,powerful,reframe,Confusion changes too,I don't turn it into a permanent identity
purpose_identity_direction,purpose_identity_direction.trust_process,purpose_identity_direction.trust_process.allow_unclear_seasons,cat_purpose_identity_direction.trust_process.allow_unclear_seasons.v4.05,196, direct,action,I do simple things while clarity comes,Routine and care can support me
purpose_identity_direction,purpose_identity_direction.trust_process,purpose_identity_direction.trust_process.allow_unclear_seasons,cat_purpose_identity_direction.trust_process.allow_unclear_seasons.v4.06,197,soft,trust,I let a season mature,Some answers appear through lived time
purpose_identity_direction,purpose_identity_direction.trust_process,purpose_identity_direction.trust_process.trust_unfinished_story,cat_purpose_identity_direction.trust_process.trust_unfinished_story.v4.01,204,powerful,trust,I trust an unfinished story,I don't need to know the ending to value the present
purpose_identity_direction,purpose_identity_direction.trust_process,purpose_identity_direction.trust_process.trust_unfinished_story,cat_purpose_identity_direction.trust_process.trust_unfinished_story.v4.03,206,direct,uncertainty_tolerance,I don't make final conclusions too early,The context can still change
purpose_identity_direction,purpose_identity_direction.trust_process,purpose_identity_direction.trust_process.trust_unfinished_story,cat_purpose_identity_direction.trust_process.trust_unfinished_story.v4.04,207,powerful,agency,I keep writing through my decisions,I'm not only a reader of what happens to me
purpose_identity_direction,purpose_identity_direction.trust_process,purpose_identity_direction.trust_process.trust_unfinished_story,cat_purpose_identity_direction.trust_process.trust_unfinished_story.v4.06,209,direct,possibility,I can change the next chapter,The earlier ones don't determine everything
self_worth,self_worth.feeling_enough,self_worth.feeling_enough.intrinsic_worth,cat_self_worth.feeling_enough.intrinsic_worth.v4.02,1,direct,identity,My worth exists before performance,It doesn't begin when someone recognizes it
self_worth,self_worth.feeling_enough,self_worth.feeling_enough.intrinsic_worth,cat_self_worth.feeling_enough.intrinsic_worth.v4.04,2,soft,reframe,A bad day doesn't reduce my dignity,My worth doesn't rise and fall with each result
self_worth,self_worth.feeling_enough,self_worth.feeling_enough.intrinsic_worth,cat_self_worth.feeling_enough.intrinsic_worth.v4.extra.01,3,powerful,identity,My worth doesn't need proof,"It exists even when I don't produce, impress, or please"
self_worth,self_worth.feeling_enough,self_worth.feeling_enough.intrinsic_worth,cat_self_worth.feeling_enough.intrinsic_worth.v4.extra.02,4,powerful,identity,I don't have to earn the right to exist,My worth doesn't begin after I prove something
self_worth,self_worth.feeling_enough,self_worth.feeling_enough.enough_without_perfection,cat_self_worth.feeling_enough.enough_without_perfection.v4.01,12,powerful,reframe,I can be enough and imperfect,Those ideas are not opposites
self_worth,self_worth.feeling_enough,self_worth.feeling_enough.enough_without_perfection,cat_self_worth.feeling_enough.enough_without_perfection.v4.03,14,powerful,trust,My worth survives mistakes,It doesn't disappear when something goes wrong
self_worth,self_worth.feeling_enough,self_worth.feeling_enough.enough_without_perfection,cat_self_worth.feeling_enough.enough_without_perfection.v4.04,15,direct,identity,I treat myself like a whole person,Not a defective project waiting to be finished
self_worth,self_worth.feeling_enough,self_worth.feeling_enough.enough_without_perfection,cat_self_worth.feeling_enough.enough_without_perfection.001,16,soft,perspective,Making a mistake doesn't define me,"I learn, correct, and keep going"
self_worth,self_worth.feeling_enough,self_worth.feeling_enough.worth_beyond_productivity,cat_self_worth.feeling_enough.worth_beyond_productivity.v4.01,24,powerful,reframe,My worth is bigger than my productivity,I am not a list of completed tasks
self_worth,self_worth.feeling_enough,self_worth.feeling_enough.worth_beyond_productivity,cat_self_worth.feeling_enough.worth_beyond_productivity.v4.02,25,direct,self_worth,I have worth when I rest too,My dignity doesn't depend on producing
self_worth,self_worth.feeling_enough,self_worth.feeling_enough.worth_beyond_productivity,cat_self_worth.feeling_enough.worth_beyond_productivity.v4.03,26,soft,acceptance,A slow day doesn't diminish me,My humanity remains intact
self_worth,self_worth.feeling_enough,self_worth.feeling_enough.worth_beyond_productivity,cat_self_worth.feeling_enough.worth_beyond_productivity.v4.04,27,powerful,values,"I work because it matters, not to earn existence",Performance doesn't buy my worth
self_worth,self_worth.recognize_my_value,self_worth.recognize_my_value.see_my_strengths,cat_self_worth.recognize_my_value.see_my_strengths.v4.01,37,powerful,self_validation,I see my strengths,I don't wait for someone else to name them first
self_worth,self_worth.recognize_my_value,self_worth.recognize_my_value.see_my_strengths,cat_self_worth.recognize_my_value.see_my_strengths.v4.02,38,direct,awareness,I recognize what I do well,My attention doesn't have to search only for flaws
self_worth,self_worth.recognize_my_value,self_worth.recognize_my_value.see_my_strengths,cat_self_worth.recognize_my_value.see_my_strengths.v4.03,39,soft,reframe,I have real abilities,I can name them without feeling arrogant
self_worth,self_worth.recognize_my_value,self_worth.recognize_my_value.see_my_strengths,cat_self_worth.recognize_my_value.see_my_strengths.v4.04,40,direct,action,I use my strengths intentionally,What I know about myself becomes a resource
self_worth,self_worth.recognize_my_value,self_worth.recognize_my_value.recognize_my_contribution,cat_self_worth.recognize_my_value.recognize_my_contribution.v4.01,48,powerful,self_validation,My contribution counts,I don't need to be the main character to create value
self_worth,self_worth.recognize_my_value,self_worth.recognize_my_value.recognize_my_contribution,cat_self_worth.recognize_my_value.recognize_my_contribution.v4.02,49,direct,evidence,I notice what changes when I participate,My presence has an effect too
self_worth,self_worth.recognize_my_value,self_worth.recognize_my_value.recognize_my_contribution,cat_self_worth.recognize_my_value.recognize_my_contribution.v4.03,50,direct,reframe,I don't minimize small contributions,Consistency often matters more than a dramatic gesture
self_worth,self_worth.recognize_my_value,self_worth.recognize_my_value.recognize_my_contribution,cat_self_worth.recognize_my_value.recognize_my_contribution.v4.04,51,soft,identity,I contribute from what I know and who I am,I don't need to copy someone else's way
self_worth,self_worth.recognize_my_value,self_worth.recognize_my_value.inner_validation,cat_self_worth.recognize_my_value.inner_validation.v4.01,61,powerful,self_validation,My approval counts too,Recognition doesn't all have to come from outside
self_worth,self_worth.recognize_my_value,self_worth.recognize_my_value.inner_validation,cat_self_worth.recognize_my_value.inner_validation.v4.02,62,direct,agency,I ask what I think about this,My judgment deserves a place in the evaluation
self_worth,self_worth.recognize_my_value,self_worth.recognize_my_value.inner_validation,cat_self_worth.recognize_my_value.inner_validation.v4.03,63,soft,permission,I don't wait for permission to recognize myself,I can feel satisfied without an audience
self_worth,self_worth.recognize_my_value,self_worth.recognize_my_value.inner_validation,cat_self_worth.recognize_my_value.inner_validation.v4.04,64,powerful,boundary,I build an inner reference point,Other people's opinions inform me; they don't rule me
self_worth,self_worth.inner_dialogue,self_worth.inner_dialogue.reduce_self_criticism,cat_self_worth.inner_dialogue.reduce_self_criticism.v4.01,72,direct,self_compassion,I turn down the volume of criticism,I don't need to attack myself to improve
self_worth,self_worth.inner_dialogue,self_worth.inner_dialogue.reduce_self_criticism,cat_self_worth.inner_dialogue.reduce_self_criticism.v4.02,73,powerful,reframe,I correct myself without humiliation,Clarity works better than contempt
self_worth,self_worth.inner_dialogue,self_worth.inner_dialogue.reduce_self_criticism,cat_self_worth.inner_dialogue.reduce_self_criticism.v4.03,74,direct,perspective,I don't turn every mistake into identity,I keep the problem at its actual size
self_worth,self_worth.inner_dialogue,self_worth.inner_dialogue.reduce_self_criticism,cat_self_worth.inner_dialogue.reduce_self_criticism.v4.extra.01,75,direct,self_compassion,My inner voice can help me,I can correct without using cruelty as a tool
self_worth,self_worth.inner_dialogue,self_worth.inner_dialogue.after_mistakes,cat_self_worth.inner_dialogue.after_mistakes.v4.01,85,powerful,self_compassion,I stay with myself after mistakes,I don't abandon myself when I need support most
self_worth,self_worth.inner_dialogue,self_worth.inner_dialogue.after_mistakes,cat_self_worth.inner_dialogue.after_mistakes.v4.02,86,direct,action,I repair before I punish myself,I look for what I can do better now
self_worth,self_worth.inner_dialogue,self_worth.inner_dialogue.after_mistakes,cat_self_worth.inner_dialogue.after_mistakes.v4.03,87,powerful,reframe,"A mistake deserves analysis, not condemnation",I can learn without becoming my own enemy
self_worth,self_worth.inner_dialogue,self_worth.inner_dialogue.after_mistakes,cat_self_worth.inner_dialogue.after_mistakes.v4.04,88,soft,acceptance,I give shame time to settle,The emotion doesn't get to decide my identity
self_worth,self_worth.inner_dialogue,self_worth.inner_dialogue.on_my_own_side,cat_self_worth.inner_dialogue.on_my_own_side.v4.03,98,soft,self_compassion,I speak to myself like someone I care about,Respect and high standards can coexist
self_worth,self_worth.inner_dialogue,self_worth.inner_dialogue.on_my_own_side,cat_self_worth.inner_dialogue.on_my_own_side.v4.04,99,powerful,reframe,My inner voice can be a refuge,Not only a courtroom
self_worth,self_worth.inner_dialogue,self_worth.inner_dialogue.on_my_own_side,cat_self_worth.inner_dialogue.on_my_own_side.006,102,soft,perspective,I stay with myself,I don't withdraw support right when something hurts
self_worth,self_worth.inner_dialogue,self_worth.inner_dialogue.on_my_own_side,cat_self_worth.inner_dialogue.on_my_own_side.004,106,soft,self_compassion,I support myself when it's hard,My inner support matters most on difficult days
self_worth,self_worth.comparison,self_worth.comparison.return_to_my_path,cat_self_worth.comparison.return_to_my_path.v4.01,108,powerful,agency,I return to my path,Someone else's life doesn't change my next step
self_worth,self_worth.comparison,self_worth.comparison.return_to_my_path,cat_self_worth.comparison.return_to_my_path.v4.02,109,direct,reframe,Comparison doesn't build my life,I use that energy on what I can influence
self_worth,self_worth.comparison,self_worth.comparison.return_to_my_path,cat_self_worth.comparison.return_to_my_path.v4.03,110,direct,perspective,I measure my progress against myself,My context isn't interchangeable with anyone else's
self_worth,self_worth.comparison,self_worth.comparison.return_to_my_path,cat_self_worth.comparison.return_to_my_path.v4.04,111,soft,values,I remember what I want,Comparison can make me forget my direction
self_worth,self_worth.comparison,self_worth.comparison.admire_without_shrinking,cat_self_worth.comparison.admire_without_shrinking.v4.01,120,powerful,reframe,I can admire without shrinking,Someone else's talent doesn't take my place
self_worth,self_worth.comparison,self_worth.comparison.admire_without_shrinking,cat_self_worth.comparison.admire_without_shrinking.v4.02,121,direct,perspective,Someone else's excellence can inspire me,It doesn't need to become evidence against me
self_worth,self_worth.comparison,self_worth.comparison.admire_without_shrinking,cat_self_worth.comparison.admire_without_shrinking.v4.03,122,soft,self_worth,I celebrate others without disappearing,My worth stays intact when I recognize theirs
self_worth,self_worth.comparison,self_worth.comparison.admire_without_shrinking,cat_self_worth.comparison.admire_without_shrinking.v4.04,123,direct,growth,I learn from people I admire,I turn comparison into useful information
self_worth,self_worth.comparison,self_worth.comparison.stop_ranking_my_worth,cat_self_worth.comparison.stop_ranking_my_worth.v4.01,132,powerful,self_worth,My worth has no ranking,I don't need to be above anyone to matter
self_worth,self_worth.comparison,self_worth.comparison.stop_ranking_my_worth,cat_self_worth.comparison.stop_ranking_my_worth.v4.02,133,direct,reframe,I stop turning differences into hierarchies,Being different doesn't mean being less
self_worth,self_worth.comparison,self_worth.comparison.stop_ranking_my_worth,cat_self_worth.comparison.stop_ranking_my_worth.v4.03,134,powerful,perspective,I don't compete for dignity,There is room for more than one valuable person
self_worth,self_worth.comparison,self_worth.comparison.stop_ranking_my_worth,cat_self_worth.comparison.stop_ranking_my_worth.004,143,direct,perspective,Someone will always be different,Comparison can't give me a stable measure of my worth
self_worth,self_worth.self_forgiveness,self_worth.self_forgiveness.not_my_worst_mistake,cat_self_worth.self_forgiveness.not_my_worst_mistake.v4.01,144,powerful,reframe,I am not my worst mistake,My identity contains much more than that moment
self_worth,self_worth.self_forgiveness,self_worth.self_forgiveness.not_my_worst_mistake,cat_self_worth.self_forgiveness.not_my_worst_mistake.v4.03,146,soft,perspective,One episode doesn't summarize my story,Better decisions can come after it
self_worth,self_worth.self_forgiveness,self_worth.self_forgiveness.not_my_worst_mistake,cat_self_worth.self_forgiveness.not_my_worst_mistake.v4.04,147,powerful,agency,I can respond differently today,My present isn't condemned to repeat that mistake
self_worth,self_worth.self_forgiveness,self_worth.self_forgiveness.learn_without_punishment,cat_self_worth.self_forgiveness.learn_without_punishment.v4.01,156,powerful,reframe,I learn without punishing myself,Extra pain doesn't improve the lesson
self_worth,self_worth.self_forgiveness,self_worth.self_forgiveness.learn_without_punishment,cat_self_worth.self_forgiveness.learn_without_punishment.v4.02,157,direct,action,I repair what I can,Then I stop charging myself emotional interest
self_worth,self_worth.self_forgiveness,self_worth.self_forgiveness.learn_without_punishment,cat_self_worth.self_forgiveness.learn_without_punishment.v4.04,159,direct,evidence,I don't need suffering to prove regret,Change shows through new behavior
self_worth,self_worth.self_forgiveness,self_worth.self_forgiveness.release_guilt_shame,cat_self_worth.self_forgiveness.release_guilt_shame.v4.01,168,direct,release,I release guilt that has done its job,I don't need to carry it forever
self_worth,self_worth.self_forgiveness,self_worth.self_forgiveness.release_guilt_shame,cat_self_worth.self_forgiveness.release_guilt_shame.v4.02,169,powerful,reframe,Shame is not my identity,I can face what happened without hiding from myself
self_worth,self_worth.self_forgiveness,self_worth.self_forgiveness.release_guilt_shame,cat_self_worth.self_forgiveness.release_guilt_shame.v4.04,171,powerful,self_compassion,I keep the lesson and drop the whip,I can grow without continuing to attack myself
self_worth,self_worth.self_forgiveness,self_worth.self_forgiveness.second_chance,cat_self_worth.self_forgiveness.second_chance.v4.01,180,powerful,hope,I deserve a second chance,Change needs room to prove itself
self_worth,self_worth.self_forgiveness,self_worth.self_forgiveness.second_chance,cat_self_worth.self_forgiveness.second_chance.v4.02,181,soft,agency,I can begin differently today,I don't need to rewrite the past to change direction
self_worth,self_worth.self_forgiveness,self_worth.self_forgiveness.second_chance,cat_self_worth.self_forgiveness.second_chance.v4.04,183,powerful,reframe,My story allows revisions,One difficult chapter doesn't force the same ending
self_worth,self_worth.achievement_recognition,self_worth.achievement_recognition.stop_minimizing,cat_self_worth.achievement_recognition.stop_minimizing.v4.01,192,powerful,self_validation,I don't minimize what I've achieved,Doing something well doesn't make it insignificant
self_worth,self_worth.achievement_recognition,self_worth.achievement_recognition.stop_minimizing,cat_self_worth.achievement_recognition.stop_minimizing.v4.02,193,direct,evidence,I recognize the effort behind it,The result didn't appear out of nowhere
self_worth,self_worth.achievement_recognition,self_worth.achievement_recognition.stop_minimizing,cat_self_worth.achievement_recognition.stop_minimizing.v4.03,194,soft,receiving,I can accept credit,I don't need to answer with “it was nothing”
self_worth,self_worth.achievement_recognition,self_worth.achievement_recognition.stop_minimizing,cat_self_worth.achievement_recognition.stop_minimizing.v4.04,195,powerful,reframe,My achievements deserve their real size,I don't shrink them to feel more comfortable
self_worth,self_worth.achievement_recognition,self_worth.achievement_recognition.give_myself_credit,cat_self_worth.achievement_recognition.give_myself_credit.v4.02,204,direct,evidence,I don't credit everything to luck,"There were choices, practice, and effort too"
self_worth,self_worth.achievement_recognition,self_worth.achievement_recognition.give_myself_credit,cat_self_worth.achievement_recognition.give_myself_credit.v4.03,205,soft,reframe,I appreciate help without erasing myself,Receiving support doesn't remove my contribution
self_worth,self_worth.achievement_recognition,self_worth.achievement_recognition.give_myself_credit,cat_self_worth.achievement_recognition.give_myself_credit.v4.04,206,direct,appreciation,I celebrate what I did well,I don't need a huge achievement to recognize myself
self_worth,self_worth.achievement_recognition,self_worth.achievement_recognition.give_myself_credit,cat_self_worth.achievement_recognition.give_myself_credit.v4.extra.02,208,soft,appreciation,I remember what I did well,My memory deserves to keep my wins too
self_worth,self_worth.achievement_recognition,self_worth.achievement_recognition.proud_of_who_im_becoming,cat_self_worth.achievement_recognition.proud_of_who_im_becoming.v4.01,216,powerful,identity,I'm proud of who I'm becoming,Not only of what I achieve
self_worth,self_worth.achievement_recognition,self_worth.achievement_recognition.proud_of_who_im_becoming,cat_self_worth.achievement_recognition.proud_of_who_im_becoming.v4.02,217,direct,evidence,I recognize changes no one sees,My inner decisions are progress too
self_worth,self_worth.achievement_recognition,self_worth.achievement_recognition.proud_of_who_im_becoming,cat_self_worth.achievement_recognition.proud_of_who_im_becoming.v4.03,218,soft,growth,I like the direction I'm taking,I don't need to have arrived to appreciate it
self_worth,self_worth.achievement_recognition,self_worth.achievement_recognition.proud_of_who_im_becoming,cat_self_worth.achievement_recognition.proud_of_who_im_becoming.v4.04,219,soft,reframe,My pride can be quiet,It doesn't need comparison or proof
work_money_growth,work_money_growth.career_growth,work_money_growth.career_growth.building_experience,cat_work_money_growth.career_growth.building_experience.v4.01,0,powerful,growth,I'm building experience,Every stage leaves skills I can carry forward
work_money_growth,work_money_growth.career_growth,work_money_growth.career_growth.building_experience,cat_work_money_growth.career_growth.building_experience.v4.02,1,direct,reframe,I don't need to be at my final destination,This job can still teach me something useful
work_money_growth,work_money_growth.career_growth,work_money_growth.career_growth.building_experience,cat_work_money_growth.career_growth.building_experience.v4.03,2,direct,perspective,My career grows through accumulation,What I practice today expands future options
work_money_growth,work_money_growth.career_growth,work_money_growth.career_growth.building_experience,cat_work_money_growth.career_growth.building_experience.v4.04,3,soft,growth,I learn as I move,I don't wait to feel completely prepared before I grow
work_money_growth,work_money_growth.career_growth,work_money_growth.career_growth.allow_bigger_ambition,cat_work_money_growth.career_growth.allow_bigger_ambition.v4.02,13,direct,growth,My goals can grow with me,I don't have to keep dreams I've outgrown
work_money_growth,work_money_growth.career_growth,work_money_growth.career_growth.allow_bigger_ambition,cat_work_money_growth.career_growth.allow_bigger_ambition.v4.04,14,soft,perspective,I can aim high and move in stages,A big vision can hold small steps
work_money_growth,work_money_growth.career_growth,work_money_growth.career_growth.allow_bigger_ambition,cat_work_money_growth.career_growth.allow_bigger_ambition.003,15,powerful,permission,I can aim for bigger challenges,I have the right to want growth
work_money_growth,work_money_growth.career_growth,work_money_growth.career_growth.allow_bigger_ambition,cat_work_money_growth.career_growth.allow_bigger_ambition.012,18,soft,permission,I imagine a career with more possibilities,"I can want more learning, impact, and growth"
work_money_growth,work_money_growth.career_growth,work_money_growth.career_growth.allow_bigger_ambition,cat_work_money_growth.career_growth.allow_bigger_ambition.013,19,soft,permission,I see myself [leading a team],My next role starts being built today
work_money_growth,work_money_growth.career_growth,work_money_growth.career_growth.design_my_career,cat_work_money_growth.career_growth.design_my_career.v4.01,24,powerful,agency,I design my career intentionally,I don't leave every decision to chance
work_money_growth,work_money_growth.career_growth,work_money_growth.career_growth.design_my_career,cat_work_money_growth.career_growth.design_my_career.v4.02,25,direct,action,I choose which skills to develop,My professional future also depends on what I practice
work_money_growth,work_money_growth.career_growth,work_money_growth.career_growth.design_my_career,cat_work_money_growth.career_growth.design_my_career.v4.03,26, direct,discernment,I check whether my work moves me forward,Not every opportunity fits my direction
work_money_growth,work_money_growth.career_growth,work_money_growth.career_growth.design_my_career,cat_work_money_growth.career_growth.design_my_career.v4.04,27,soft,reframe,My career can change shape,I don't have to stay on a path just because I started it
work_money_growth,work_money_growth.money_relationship,work_money_growth.money_relationship.money_as_tool,cat_work_money_growth.money_relationship.money_as_tool.v4.01,36,powerful,perspective,Money is a tool,It can expand my options without defining my worth
work_money_growth,work_money_growth.money_relationship,work_money_growth.money_relationship.money_as_tool,cat_work_money_growth.money_relationship.money_as_tool.v4.02,37,direct,agency,I use money intentionally,"I connect it to security, freedom, and projects"
work_money_growth,work_money_growth.money_relationship,work_money_growth.money_relationship.money_as_tool,cat_work_money_growth.money_relationship.money_as_tool.v4.03,38,soft,identity,I want a practical relationship with money,"Less fear, more conscious decisions"
work_money_growth,work_money_growth.money_relationship,work_money_growth.money_relationship.money_as_tool,cat_work_money_growth.money_relationship.money_as_tool.v4.04,39,powerful,values,Money serves my life,I don't want my life to serve only money
work_money_growth,work_money_growth.money_relationship,work_money_growth.money_relationship.receive_without_guilt,cat_work_money_growth.money_relationship.receive_without_guilt.v4.01,49,soft,receiving,I can receive money without guilt,Getting paid doesn't make me a bad person
work_money_growth,work_money_growth.money_relationship,work_money_growth.money_relationship.receive_without_guilt,cat_work_money_growth.money_relationship.receive_without_guilt.v4.02,50,powerful,self_worth,"I generate [10,000 USD a month]",I don't need to apologize for creating value
work_money_growth,work_money_growth.money_relationship,work_money_growth.money_relationship.receive_without_guilt,cat_work_money_growth.money_relationship.receive_without_guilt.v4.03,51,direct,reframe,Receiving is part of the exchange too,Income doesn't always require extreme sacrifice
work_money_growth,work_money_growth.money_relationship,work_money_growth.money_relationship.receive_without_guilt,cat_work_money_growth.money_relationship.receive_without_guilt.v4.04,52,powerful,permission,I allow myself to be financially better off,Other people's well-being doesn't require my scarcity
work_money_growth,work_money_growth.money_relationship,work_money_growth.money_relationship.rewrite_money_beliefs,cat_work_money_growth.money_relationship.rewrite_money_beliefs.v4.01,60,direct,awareness,I revisit what I learned about money,Not every inherited belief is still useful
work_money_growth,work_money_growth.money_relationship,work_money_growth.money_relationship.rewrite_money_beliefs,cat_work_money_growth.money_relationship.rewrite_money_beliefs.v4.02,61,powerful,growth,I can build a different relationship with money,My financial history doesn't decide my whole future
work_money_growth,work_money_growth.money_relationship,work_money_growth.money_relationship.rewrite_money_beliefs,cat_work_money_growth.money_relationship.rewrite_money_beliefs.v4.03,62,direct,reframe,Money isn't moral by itself,What matters is how I earn it and use it
work_money_growth,work_money_growth.money_relationship,work_money_growth.money_relationship.rewrite_money_beliefs,cat_work_money_growth.money_relationship.rewrite_money_beliefs.v4.04,63,soft,agency,I choose beliefs that improve my decisions,Not beliefs that only repeat fear
work_money_growth,work_money_growth.work_value_compensation,work_money_growth.work_value_compensation.work_has_economic_value,cat_work_money_growth.work_value_compensation.work_has_economic_value.v4.01,73,powerful,self_validation,My work has economic value,Impact can translate into compensation too
work_money_growth,work_money_growth.work_value_compensation,work_money_growth.work_value_compensation.work_has_economic_value,cat_work_money_growth.work_value_compensation.work_has_economic_value.v4.02,74,direct,reframe,Getting paid for my work is normal,I don't need to lower my price to feel humble
work_money_growth,work_money_growth.work_value_compensation,work_money_growth.work_value_compensation.work_has_economic_value,cat_work_money_growth.work_value_compensation.work_has_economic_value.v4.03,75,direct,evidence,I recognize skills people pay for,My experience solves real problems
work_money_growth,work_money_growth.work_value_compensation,work_money_growth.work_value_compensation.work_has_economic_value,cat_work_money_growth.work_value_compensation.work_has_economic_value.v4.04,76,soft,communication,I can talk about money professionally,Value and compensation are part of the conversation
work_money_growth,work_money_growth.work_value_compensation,work_money_growth.work_value_compensation.ask_for_fair_compensation,cat_work_money_growth.work_value_compensation.ask_for_fair_compensation.v4.01,84,direct,action,I ask for fair compensation,I don't wait for others to guess my expectations
work_money_growth,work_money_growth.work_value_compensation,work_money_growth.work_value_compensation.ask_for_fair_compensation,cat_work_money_growth.work_value_compensation.ask_for_fair_compensation.v4.02,85,powerful,reframe,Negotiating doesn't make me difficult,It's a conversation about conditions and value
work_money_growth,work_money_growth.work_value_compensation,work_money_growth.work_value_compensation.ask_for_fair_compensation,cat_work_money_growth.work_value_compensation.ask_for_fair_compensation.v4.03,86,direct,evidence,I come prepared with information,Data and results support my request better
work_money_growth,work_money_growth.work_value_compensation,work_money_growth.work_value_compensation.ask_for_fair_compensation,cat_work_money_growth.work_value_compensation.ask_for_fair_compensation.v4.04,87,soft,self_worth,I can hear no without shrinking,A negotiation doesn't decide my worth
work_money_growth,work_money_growth.work_value_compensation,work_money_growth.work_value_compensation.receive_well_without_guilt,cat_work_money_growth.work_value_compensation.receive_well_without_guilt.v4.01,97,powerful,receiving,I receive what I've earned well,I don't need to minimize good compensation
work_money_growth,work_money_growth.work_value_compensation,work_money_growth.work_value_compensation.receive_well_without_guilt,cat_work_money_growth.work_value_compensation.receive_well_without_guilt.v4.02,98,soft,permission,I can enjoy financial progress,I don't have to feel guilty for doing better
work_money_growth,work_money_growth.work_value_compensation,work_money_growth.work_value_compensation.receive_well_without_guilt,cat_work_money_growth.work_value_compensation.receive_well_without_guilt.v4.03,99,direct,identity,Earning more doesn't change my values,I can grow without losing who I am
work_money_growth,work_money_growth.work_value_compensation,work_money_growth.work_value_compensation.receive_well_without_guilt,cat_work_money_growth.work_value_compensation.receive_well_without_guilt.v4.04,100,powerful,perspective,I use abundance intentionally,More resources can create more possibilities too
work_money_growth,work_money_growth.entrepreneurship,work_money_growth.entrepreneurship.start_before_ready,cat_work_money_growth.entrepreneurship.start_before_ready.v4.01,108,powerful,action,I start before I feel ready,Reality teaches things preparation can't
work_money_growth,work_money_growth.entrepreneurship,work_money_growth.entrepreneurship.start_before_ready,cat_work_money_growth.entrepreneurship.start_before_ready.v4.02,109, direct,reframe,I don't need everything figured out,I can validate one part and learn from there
work_money_growth,work_money_growth.entrepreneurship,work_money_growth.entrepreneurship.start_before_ready,cat_work_money_growth.entrepreneurship.start_before_ready.v4.03,110,powerful,growth,I launch an imperfect version,Real feedback is worth more than another internal fantasy
work_money_growth,work_money_growth.entrepreneurship,work_money_growth.entrepreneurship.start_before_ready,cat_work_money_growth.entrepreneurship.start_before_ready.009,112,direct,perspective,A good question beats a perfect plan,I can move by finding the next useful answer
work_money_growth,work_money_growth.entrepreneurship,work_money_growth.entrepreneurship.show_and_sell,cat_work_money_growth.entrepreneurship.show_and_sell.v4.01,120,powerful,action,I show what I do,Value needs to be visible to reach the people it serves
work_money_growth,work_money_growth.entrepreneurship,work_money_growth.entrepreneurship.show_and_sell,cat_work_money_growth.entrepreneurship.show_and_sell.v4.02,121,direct,reframe,Selling doesn't make me manipulative,I can offer clearly and let people choose
work_money_growth,work_money_growth.entrepreneurship,work_money_growth.entrepreneurship.show_and_sell,cat_work_money_growth.entrepreneurship.show_and_sell.v4.03,122,direct,perspective,I explain the problem I solve,Communication is part of the product too
work_money_growth,work_money_growth.entrepreneurship,work_money_growth.entrepreneurship.show_and_sell,cat_work_money_growth.entrepreneurship.show_and_sell.v4.04,123,soft,self_worth,A business no isn't a personal no,"The offer may not fit, and I still have worth"
work_money_growth,work_money_growth.entrepreneurship,work_money_growth.entrepreneurship.trust_in_uncertainty,cat_work_money_growth.entrepreneurship.trust_in_uncertainty.v4.01,132,soft,uncertainty_tolerance,I can build without knowing the outcome,Entrepreneurship includes variables I don't control
work_money_growth,work_money_growth.entrepreneurship,work_money_growth.entrepreneurship.trust_in_uncertainty,cat_work_money_growth.entrepreneurship.trust_in_uncertainty.v4.03,133,direct,growth,I use uncertainty as information,"I test, observe, and decide again"
work_money_growth,work_money_growth.entrepreneurship,work_money_growth.entrepreneurship.trust_in_uncertainty,cat_work_money_growth.entrepreneurship.trust_in_uncertainty.v4.04,134,direct,discernment,I don't confuse risk with impossibility,"I evaluate, limit, and move when it makes sense"
work_money_growth,work_money_growth.entrepreneurship,work_money_growth.entrepreneurship.trust_in_uncertainty,cat_work_money_growth.entrepreneurship.trust_in_uncertainty.008,135,direct,perspective,Some attempts may not work,That doesn't turn the whole project into a personal failure
