group,theme,collection,id,sortOrder,tone,semanticAngle,title,subtitle
body_energy_wellbeing,body_energy_wellbeing.body_acceptance,body_energy_wellbeing.body_acceptance.respect_my_body_today,cat_body_energy_wellbeing.body_acceptance.respect_my_body_today.v4.02,1,powerful,reframe,Dejo de pelearme conmigo,El rechazo constante no mejora mi relación corporal
body_energy_wellbeing,body_energy_wellbeing.body_acceptance,body_energy_wellbeing.body_acceptance.respect_my_body_today,cat_body_energy_wellbeing.body_acceptance.respect_my_body_today.v4.03,2,direct,action,Me trato con dignidad,Cuido mi cuerpo incluso en días de inseguridad
body_energy_wellbeing,body_energy_wellbeing.body_acceptance,body_energy_wellbeing.body_acceptance.respect_my_body_today,cat_body_energy_wellbeing.body_acceptance.respect_my_body_today.v4.04,3,powerful,agency,Mi apariencia no manda,Puedo verme sin convertir cada detalle en juicio
body_energy_wellbeing,body_energy_wellbeing.body_acceptance,body_energy_wellbeing.body_acceptance.respect_my_body_today,cat_body_energy_wellbeing.body_acceptance.respect_my_body_today.v4.06,5,direct,commitment,El respeto empieza hoy,No necesito sentir amor perfecto para cuidarme
body_energy_wellbeing,body_energy_wellbeing.body_acceptance,body_energy_wellbeing.body_acceptance.stop_waiting_for_different_body,cat_body_energy_wellbeing.body_acceptance.stop_waiting_for_different_body.v4.03,14,direct,reframe,Cambio sin rechazarme,Puedo mejorar algo sin odiar mi punto de partida
body_energy_wellbeing,body_energy_wellbeing.body_acceptance,body_energy_wellbeing.body_acceptance.stop_waiting_for_different_body,cat_body_energy_wellbeing.body_acceptance.stop_waiting_for_different_body.v4.04,15,powerful,agency,No espero otro cuerpo,Uso el que tengo para vivir lo que importa
body_energy_wellbeing,body_energy_wellbeing.body_acceptance,body_energy_wellbeing.body_acceptance.stop_waiting_for_different_body,cat_body_energy_wellbeing.body_acceptance.stop_waiting_for_different_body.v4.05,16,direct,action,Me visto para hoy,No necesito esperar otra versión para expresarme
body_energy_wellbeing,body_energy_wellbeing.body_acceptance,body_energy_wellbeing.body_acceptance.stop_waiting_for_different_body,cat_body_energy_wellbeing.body_acceptance.stop_waiting_for_different_body.v4.06,17,powerful,commitment,Mi vida no está en pausa,Participo ahora en lugar de esperar sentirme listo
body_energy_wellbeing,body_energy_wellbeing.body_acceptance,body_energy_wellbeing.body_acceptance.kind_body_relationship,cat_body_energy_wellbeing.body_acceptance.kind_body_relationship.v4.01,25,soft,identity,Estoy de mi lado,Mi cuerpo no necesita una evaluación permanente
body_energy_wellbeing,body_energy_wellbeing.body_acceptance,body_energy_wellbeing.body_acceptance.kind_body_relationship,cat_body_energy_wellbeing.body_acceptance.kind_body_relationship.v4.03,27,direct,commitment,Cuido mi relación con mi cuerpo,La forma en que me hablo también deja huella
body_energy_wellbeing,body_energy_wellbeing.body_acceptance,body_energy_wellbeing.body_acceptance.kind_body_relationship,cat_body_energy_wellbeing.body_acceptance.kind_body_relationship.v4.05,29,direct,action,Le hablo con respeto,Cambio crítica automática por una mirada más justa
body_energy_wellbeing,body_energy_wellbeing.body_acceptance,body_energy_wellbeing.body_acceptance.kind_body_relationship,cat_body_energy_wellbeing.body_acceptance.kind_body_relationship.v4.06,30,powerful,growth,Construyo confianza corporal,Cada cuidado repetido fortalece mi relación con mi cuerpo
body_energy_wellbeing,body_energy_wellbeing.body_confidence,body_energy_wellbeing.body_confidence.take_physical_space,cat_body_energy_wellbeing.body_confidence.take_physical_space.v4.01,36,powerful,identity,Ocupo mi lugar,No reduzco mi cuerpo para incomodar menos
body_energy_wellbeing,body_energy_wellbeing.body_confidence,body_energy_wellbeing.body_confidence.take_physical_space,cat_body_energy_wellbeing.body_confidence.take_physical_space.v4.02,37,direct,permission,Tengo derecho a ocupar espacio,Puedo estar visible sin pedir disculpas por existir
body_energy_wellbeing,body_energy_wellbeing.body_confidence,body_energy_wellbeing.body_confidence.take_physical_space,cat_body_energy_wellbeing.body_confidence.take_physical_space.v4.03,38,powerful,action,Camino con espacio,Dejo de encogerme para sentirme aceptado
body_energy_wellbeing,body_energy_wellbeing.body_confidence,body_energy_wellbeing.body_confidence.take_physical_space,cat_body_energy_wellbeing.body_confidence.take_physical_space.v4.04,39,direct,reframe,No necesito desaparecer,Mi tamaño no determina cuánto lugar merezco
body_energy_wellbeing,body_energy_wellbeing.body_confidence,body_energy_wellbeing.body_confidence.comfortable_being_seen,cat_body_energy_wellbeing.body_confidence.comfortable_being_seen.v4.01,48,soft,reframe,Puedo ser visible,Ser observado no significa estar siendo juzgado
body_energy_wellbeing,body_energy_wellbeing.body_confidence,body_energy_wellbeing.body_confidence.comfortable_being_seen,cat_body_energy_wellbeing.body_confidence.comfortable_being_seen.v4.02,49,direct,agency,Me dejo ver,No necesito controlar cada impresión que genero
body_energy_wellbeing,body_energy_wellbeing.body_confidence,body_energy_wellbeing.body_confidence.comfortable_being_seen,cat_body_energy_wellbeing.body_confidence.comfortable_being_seen.v4.03,50,powerful,perspective,Mi cuerpo no es un examen,La mirada ajena no define mi valor
body_energy_wellbeing,body_energy_wellbeing.body_confidence,body_energy_wellbeing.body_confidence.comfortable_being_seen,cat_body_energy_wellbeing.body_confidence.comfortable_being_seen.v4.05,52,direct,action,No actúo para esconderme,Elijo participar aunque no me sienta perfecto
body_energy_wellbeing,body_energy_wellbeing.body_confidence,body_energy_wellbeing.body_confidence.embodied_confidence,cat_body_energy_wellbeing.body_confidence.embodied_confidence.v4.01,61,powerful,embodiment,La confianza vive en mi cuerpo,"La practico también con postura, voz y movimiento"
body_energy_wellbeing,body_energy_wellbeing.body_confidence,body_energy_wellbeing.body_confidence.embodied_confidence,cat_body_energy_wellbeing.body_confidence.embodied_confidence.v4.03,63,powerful,identity,Camino como alguien que pertenece,No necesito sentir certeza para ocupar mi espacio
body_energy_wellbeing,body_energy_wellbeing.body_confidence,body_energy_wellbeing.body_confidence.embodied_confidence,cat_body_energy_wellbeing.body_confidence.embodied_confidence.v4.05,65,soft,perspective,Confío desde adentro,"Busco sentir mi cuerpo, no solo evaluarlo"
body_energy_wellbeing,body_energy_wellbeing.body_confidence,body_energy_wellbeing.body_confidence.embodied_confidence,cat_body_energy_wellbeing.body_confidence.embodied_confidence.v4.06,66,direct,action,Me muevo con intención,Cada gesto puede recordarme que estoy presente
body_energy_wellbeing,body_energy_wellbeing.energy,body_energy_wellbeing.energy.protect_my_energy,cat_body_energy_wellbeing.energy.protect_my_energy.v4.01,72,powerful,boundary,Mi energía tiene valor,No la entrego automáticamente a cada demanda
body_energy_wellbeing,body_energy_wellbeing.energy,body_energy_wellbeing.energy.protect_my_energy,cat_body_energy_wellbeing.energy.protect_my_energy.v4.02,73,direct,agency,Elijo dónde me gasto,Mis prioridades merecen recursos reales
body_energy_wellbeing,body_energy_wellbeing.energy,body_energy_wellbeing.energy.protect_my_energy,cat_body_energy_wellbeing.energy.protect_my_energy.v4.03,74,powerful,discernment,No todo merece respuesta,Reservarme también protege lo que me importa
body_energy_wellbeing,body_energy_wellbeing.energy,body_energy_wellbeing.energy.protect_my_energy,cat_body_energy_wellbeing.energy.protect_my_energy.v4.06,77,direct,perspective,Mi atención también es energía,La dirijo hacia personas y proyectos importantes
body_energy_wellbeing,body_energy_wellbeing.energy,body_energy_wellbeing.energy.sustainable_pace,cat_body_energy_wellbeing.energy.sustainable_pace.v4.02,84,soft,discernment,No corro todas las etapas,Cada momento admite una intensidad diferente
body_energy_wellbeing,body_energy_wellbeing.energy,body_energy_wellbeing.energy.sustainable_pace,cat_body_energy_wellbeing.energy.sustainable_pace.v4.03,85,direct,reframe,La constancia necesita aire,Dejar margen me ayuda a seguir mañana
body_energy_wellbeing,body_energy_wellbeing.energy,body_energy_wellbeing.energy.sustainable_pace,cat_body_energy_wellbeing.energy.sustainable_pace.v4.04,86,powerful,perspective,Ambición y descanso conviven,Puedo querer mucho sin destruirme para conseguirlo
body_energy_wellbeing,body_energy_wellbeing.energy,body_energy_wellbeing.energy.sustainable_pace,cat_body_energy_wellbeing.energy.sustainable_pace.v4.05,87,direct,action,Regulo antes de colapsar,Escucho señales pequeñas en lugar de esperar el límite
body_energy_wellbeing,body_energy_wellbeing.energy,body_energy_wellbeing.energy.life_that_recharges_me,cat_body_energy_wellbeing.energy.life_that_recharges_me.v4.01,97,powerful,design,Construyo una vida que me recarga,No todo en mi agenda tiene que consumir energía
body_energy_wellbeing,body_energy_wellbeing.energy,body_energy_wellbeing.energy.life_that_recharges_me,cat_body_energy_wellbeing.energy.life_that_recharges_me.v4.03,99,direct,discernment,Elijo un descanso que me nutre,"Busco recuperar energía, no solo llenar tiempo"
body_energy_wellbeing,body_energy_wellbeing.energy,body_energy_wellbeing.energy.life_that_recharges_me,cat_body_energy_wellbeing.energy.life_that_recharges_me.v4.04,100,soft,boundary,Protejo espacios sin demanda,No necesito llenar cada momento disponible
body_energy_wellbeing,body_energy_wellbeing.energy,body_energy_wellbeing.energy.life_that_recharges_me,cat_body_energy_wellbeing.energy.life_that_recharges_me.v4.05,101,direct,reframe,La alegría también sostiene,Lo agradable puede ser parte de una vida seria
body_energy_wellbeing,body_energy_wellbeing.physical_capability,body_energy_wellbeing.physical_capability.recognize_what_my_body_can_do,cat_body_energy_wellbeing.physical_capability.recognize_what_my_body_can_do.v4.01,108,powerful,appreciation,Reconozco lo que mi cuerpo hace,Su valor excede ampliamente cómo se ve
body_energy_wellbeing,body_energy_wellbeing.physical_capability,body_energy_wellbeing.physical_capability.recognize_what_my_body_can_do,cat_body_energy_wellbeing.physical_capability.recognize_what_my_body_can_do.v4.02,109,direct,perspective,Mi cuerpo me lleva,"Camina, aprende y se adapta conmigo"
body_energy_wellbeing,body_energy_wellbeing.physical_capability,body_energy_wellbeing.physical_capability.recognize_what_my_body_can_do,cat_body_energy_wellbeing.physical_capability.recognize_what_my_body_can_do.v4.04,111,powerful,reframe,Soy más que mi apariencia,"Fuerza, coordinación y resistencia también cuentan"
body_energy_wellbeing,body_energy_wellbeing.physical_capability,body_energy_wellbeing.physical_capability.recognize_what_my_body_can_do,cat_body_energy_wellbeing.physical_capability.recognize_what_my_body_can_do.v4.05,112,direct,evidence,Observo mi progreso físico,Lo que hoy puedo hacer también merece reconocimiento
body_energy_wellbeing,body_energy_wellbeing.physical_capability,body_energy_wellbeing.physical_capability.enjoy_getting_stronger,cat_body_energy_wellbeing.physical_capability.enjoy_getting_stronger.v4.01,121,powerful,growth,Disfruto volverme más fuerte,Cada mejora amplía lo que puedo hacer
body_energy_wellbeing,body_energy_wellbeing.physical_capability,body_energy_wellbeing.physical_capability.enjoy_getting_stronger,cat_body_energy_wellbeing.physical_capability.enjoy_getting_stronger.v4.02,122,direct,appreciation,La fuerza me entusiasma,"Celebro capacidades, no solo resultados visuales"
body_energy_wellbeing,body_energy_wellbeing.physical_capability,body_energy_wellbeing.physical_capability.enjoy_getting_stronger,cat_body_energy_wellbeing.physical_capability.enjoy_getting_stronger.v4.05,125,direct,consistency,Construyo fuerza con paciencia,No necesito apurar adaptaciones que llevan tiempo
body_energy_wellbeing,body_energy_wellbeing.physical_capability,body_energy_wellbeing.physical_capability.enjoy_getting_stronger,cat_body_energy_wellbeing.physical_capability.enjoy_getting_stronger.v4.06,126,powerful,identity,Soy alguien que se fortalece,La práctica física forma parte de mi identidad
body_energy_wellbeing,body_energy_wellbeing.physical_capability,body_energy_wellbeing.physical_capability.trust_physical_capability,cat_body_energy_wellbeing.physical_capability.trust_physical_capability.v4.01,133,powerful,trust,Confío en mi capacidad física,Mi cuerpo sabe más de lo que mi duda supone
body_energy_wellbeing,body_energy_wellbeing.physical_capability,body_energy_wellbeing.physical_capability.trust_physical_capability,cat_body_energy_wellbeing.physical_capability.trust_physical_capability.v4.04,136,powerful,evidence,No subestimo mi fuerza,Miro evidencia en lugar de asumir incapacidad
body_energy_wellbeing,body_energy_wellbeing.physical_capability,body_energy_wellbeing.physical_capability.trust_physical_capability,cat_body_energy_wellbeing.physical_capability.trust_physical_capability.v4.05,137,direct,discernment,Avanzo con técnica y paciencia,Confianza no significa ignorar mis límites
body_energy_wellbeing,body_energy_wellbeing.physical_capability,body_energy_wellbeing.physical_capability.trust_physical_capability,cat_body_energy_wellbeing.physical_capability.trust_physical_capability.v4.06,138,direct,growth,Cada intento enseña,Mi coordinación mejora cuando sigo practicando
body_energy_wellbeing,body_energy_wellbeing.enjoy_movement,body_energy_wellbeing.enjoy_movement.move_because_it_feels_good,cat_body_energy_wellbeing.enjoy_movement.move_because_it_feels_good.v4.01,144,powerful,motivation,Me muevo porque me hace bien,El placer también es una razón válida para entrenar
body_energy_wellbeing,body_energy_wellbeing.enjoy_movement,body_energy_wellbeing.enjoy_movement.move_because_it_feels_good,cat_body_energy_wellbeing.enjoy_movement.move_because_it_feels_good.v4.02,145,direct,reframe,Disfruto usar mi cuerpo,Movimiento no tiene que significar castigo
body_energy_wellbeing,body_energy_wellbeing.enjoy_movement,body_energy_wellbeing.enjoy_movement.move_because_it_feels_good,cat_body_energy_wellbeing.enjoy_movement.move_because_it_feels_good.v4.04,147,powerful,perspective,Entreno para sentirme vivo,No todo resultado necesita verse en un espejo
body_energy_wellbeing,body_energy_wellbeing.enjoy_movement,body_energy_wellbeing.enjoy_movement.move_because_it_feels_good,cat_body_energy_wellbeing.enjoy_movement.move_because_it_feels_good.v4.05,148,soft,permission,El movimiento puede ser juego,Dejo lugar a curiosidad además de disciplina
body_energy_wellbeing,body_energy_wellbeing.enjoy_movement,body_energy_wellbeing.enjoy_movement.reconnect_with_movement_pleasure,cat_body_energy_wellbeing.enjoy_movement.reconnect_with_movement_pleasure.v4.02,157,powerful,reframe,No necesito sufrir para entrenar,La dificultad puede convivir con disfrute
body_energy_wellbeing,body_energy_wellbeing.enjoy_movement,body_energy_wellbeing.enjoy_movement.reconnect_with_movement_pleasure,cat_body_energy_wellbeing.enjoy_movement.reconnect_with_movement_pleasure.v4.04,159,direct,presence,Vuelvo a sentir el movimiento,"Presto atención a ritmo, respiración y energía"
body_energy_wellbeing,body_energy_wellbeing.enjoy_movement,body_energy_wellbeing.enjoy_movement.reconnect_with_movement_pleasure,cat_body_energy_wellbeing.enjoy_movement.reconnect_with_movement_pleasure.v4.05,160,direct,discernment,Elijo algo que quiero repetir,El disfrute vuelve más sostenible la constancia
body_energy_wellbeing,body_energy_wellbeing.enjoy_movement,body_energy_wellbeing.enjoy_movement.reconnect_with_movement_pleasure,cat_body_energy_wellbeing.enjoy_movement.reconnect_with_movement_pleasure.v4.06,161,powerful,identity,Moverme vuelve a ser mío,Dejo de hacerlo solo por aprobación externa
body_energy_wellbeing,body_energy_wellbeing.enjoy_movement,body_energy_wellbeing.enjoy_movement.stop_using_exercise_as_punishment,cat_body_energy_wellbeing.enjoy_movement.stop_using_exercise_as_punishment.v4.01,168,powerful,reframe,No entreno para castigarme,El movimiento no paga culpas por comer o descansar
body_energy_wellbeing,body_energy_wellbeing.enjoy_movement,body_energy_wellbeing.enjoy_movement.stop_using_exercise_as_punishment,cat_body_energy_wellbeing.enjoy_movement.stop_using_exercise_as_punishment.v4.02,169,powerful,identity,Mi cuerpo no me debe nada,No necesito agotarlo para merecer sentirme bien
body_energy_wellbeing,body_energy_wellbeing.enjoy_movement,body_energy_wellbeing.enjoy_movement.stop_using_exercise_as_punishment,cat_body_energy_wellbeing.enjoy_movement.stop_using_exercise_as_punishment.v4.03,170,direct,action,Entreno desde el cuidado,"Busco estímulo, recuperación y progreso sostenible"
body_energy_wellbeing,body_energy_wellbeing.enjoy_movement,body_energy_wellbeing.enjoy_movement.stop_using_exercise_as_punishment,cat_body_energy_wellbeing.enjoy_movement.stop_using_exercise_as_punishment.v4.06,173,direct,boundary,Escucho cuándo parar,Respetar límites también forma parte del entrenamiento
body_energy_wellbeing,body_energy_wellbeing.body_care,body_energy_wellbeing.body_care.listen_to_what_i_need,cat_body_energy_wellbeing.body_care.listen_to_what_i_need.v4.01,180,direct,awareness,Escucho las señales,Mi cuerpo comunica necesidades antes de agotarse
body_energy_wellbeing,body_energy_wellbeing.body_care,body_energy_wellbeing.body_care.listen_to_what_i_need,cat_body_energy_wellbeing.body_care.listen_to_what_i_need.v4.03,182,direct,action,Respondo a tiempo,Atenderme temprano evita llegar siempre al límite
body_energy_wellbeing,body_energy_wellbeing.body_care,body_energy_wellbeing.body_care.listen_to_what_i_need,cat_body_energy_wellbeing.body_care.listen_to_what_i_need.v4.04,183,powerful,identity,Mis necesidades importan,"Hambre, descanso y movimiento merecen ser escuchados"
body_energy_wellbeing,body_energy_wellbeing.body_care,body_energy_wellbeing.body_care.listen_to_what_i_need,cat_body_energy_wellbeing.body_care.listen_to_what_i_need.v4.06,185,soft,growth,Aprendo mi propio ritmo,Observarme me enseña qué me hace bien
body_energy_wellbeing,body_energy_wellbeing.body_care,body_energy_wellbeing.body_care.rest_is_part_of_it,cat_body_energy_wellbeing.body_care.rest_is_part_of_it.v4.01,192,direct,reframe,Descansar también construye,La recuperación sostiene lo que quiero hacer mañana
body_energy_wellbeing,body_energy_wellbeing.body_care,body_energy_wellbeing.body_care.rest_is_part_of_it,cat_body_energy_wellbeing.body_care.rest_is_part_of_it.v4.02,193,soft,acceptance,Mi cuerpo necesita pausas,Escucharlas es parte de cuidarlo bien
body_energy_wellbeing,body_energy_wellbeing.body_care,body_energy_wellbeing.body_care.rest_is_part_of_it,cat_body_energy_wellbeing.body_care.rest_is_part_of_it.v4.03,194,direct,perspective,Recuperarme es productivo,"El descanso devuelve energía, atención y fuerza"
body_energy_wellbeing,body_energy_wellbeing.body_care,body_energy_wellbeing.body_care.rest_is_part_of_it,cat_body_energy_wellbeing.body_care.rest_is_part_of_it.v4.05,196,direct,commitment,Protejo mi recuperación,Dormir y parar forman parte del proceso
body_energy_wellbeing,body_energy_wellbeing.body_care,body_energy_wellbeing.body_care.wellbeing_without_fighting_body,cat_body_energy_wellbeing.body_care.wellbeing_without_fighting_body.v4.01,205,direct,reframe,Me cuido sin castigarme,El bienestar no necesita nacer del rechazo
body_energy_wellbeing,body_energy_wellbeing.body_care,body_energy_wellbeing.body_care.wellbeing_without_fighting_body,cat_body_energy_wellbeing.body_care.wellbeing_without_fighting_body.v4.02,206,powerful,identity,"Busco salud, no guerra",Mis decisiones pueden ayudarme sin convertirme en enemigo
body_energy_wellbeing,body_energy_wellbeing.body_care,body_energy_wellbeing.body_care.wellbeing_without_fighting_body,cat_body_energy_wellbeing.body_care.wellbeing_without_fighting_body.v4.05,209,direct,perspective,Mi bienestar es alianza,Cuerpo y mente no tienen que competir
body_energy_wellbeing,body_energy_wellbeing.body_care,body_energy_wellbeing.body_care.wellbeing_without_fighting_body,cat_body_energy_wellbeing.body_care.wellbeing_without_fighting_body.v4.06,210,powerful,growth,Mejoro desde el respeto,El cambio sostenible no requiere despreciar el presente
calm_peace,calm_peace.find_calm,calm_peace.find_calm.return_to_myself,cat_calm_peace.find_calm.return_to_myself.v4.02,1,direct,boundary,Bajo el ruido interno,No todo pensamiento necesita mi atención ahora
calm_peace,calm_peace.find_calm,calm_peace.find_calm.return_to_myself,cat_calm_peace.find_calm.return_to_myself.v4.03,2,soft,action,Respiro y regreso,Mi cuerpo puede recordarme dónde estoy
calm_peace,calm_peace.find_calm,calm_peace.find_calm.return_to_myself,cat_calm_peace.find_calm.return_to_myself.v4.04,3,powerful,trust,Mi calma sigue disponible,Puedo volver aunque el día haya sido intenso
calm_peace,calm_peace.find_calm,calm_peace.find_calm.return_to_myself,cat_calm_peace.find_calm.return_to_myself.v4.05,4,direct,reframe,No tengo que resolver todo,Este momento puede existir sin una respuesta inmediata
calm_peace,calm_peace.find_calm,calm_peace.find_calm.calm_during_busy_days,cat_calm_peace.find_calm.calm_during_busy_days.v4.01,12,powerful,agency,La prisa no dirige mi día,Puedo tener mucho que hacer sin acelerarme por dentro
calm_peace,calm_peace.find_calm,calm_peace.find_calm.calm_during_busy_days,cat_calm_peace.find_calm.calm_during_busy_days.v4.03,14,powerful,boundary,Mi ritmo interno es mío,La agenda no decide la velocidad de mi mente
calm_peace,calm_peace.find_calm,calm_peace.find_calm.calm_during_busy_days,cat_calm_peace.find_calm.calm_during_busy_days.v4.04,15,direct,presence,Respiro antes de responder,No toda demanda necesita una reacción inmediata
calm_peace,calm_peace.find_calm,calm_peace.find_calm.calm_during_busy_days,cat_calm_peace.find_calm.calm_during_busy_days.v4.06,17,direct,commitment,Protejo pequeños momentos de quietud,Un minuto consciente también cambia el tono del día
calm_peace,calm_peace.find_calm,calm_peace.find_calm.inner_safety,cat_calm_peace.find_calm.inner_safety.v4.01,24,soft,identity,Estoy a salvo conmigo,Puedo ser mi propio lugar de regreso
calm_peace,calm_peace.find_calm,calm_peace.find_calm.inner_safety,cat_calm_peace.find_calm.inner_safety.v4.03,26,direct,action,Creo seguridad desde adentro,"Respiración, límites y presencia me ayudan a sostenerme"
calm_peace,calm_peace.find_calm,calm_peace.find_calm.inner_safety,cat_calm_peace.find_calm.inner_safety.v4.04,27,direct,reframe,No todo es una amenaza,Mi mente puede aprender a distinguir peligro de incomodidad
calm_peace,calm_peace.find_calm,calm_peace.find_calm.inner_safety,cat_calm_peace.find_calm.inner_safety.v4.05,28,powerful,trust,Confío en mi capacidad de responder,No necesito anticipar cada problema para estar preparado
calm_peace,calm_peace.release_tension,calm_peace.release_tension.allow_myself_to_relax,cat_calm_peace.release_tension.allow_myself_to_relax.v4.03,38,direct,reframe,Descansar no me vuelve vulnerable,Puedo bajar la tensión sin perder capacidad de respuesta
calm_peace,calm_peace.release_tension,calm_peace.release_tension.allow_myself_to_relax,cat_calm_peace.release_tension.allow_myself_to_relax.v4.04,39,soft,perspective,No necesito vivir en tensión,La seguridad también puede sentirse suave
calm_peace,calm_peace.release_tension,calm_peace.release_tension.allow_myself_to_relax,cat_calm_peace.release_tension.allow_myself_to_relax.v4.05,40,direct,growth,Relajarme también es práctica,Cada pausa enseña a mi cuerpo otra respuesta
calm_peace,calm_peace.release_tension,calm_peace.release_tension.allow_myself_to_relax,cat_calm_peace.release_tension.allow_myself_to_relax.v4.06,41,powerful,agency,Elijo menos tensión,No necesito cargar físicamente cada preocupación
calm_peace,calm_peace.release_tension,calm_peace.release_tension.stop_carrying_everything,cat_calm_peace.release_tension.stop_carrying_everything.v4.01,48,powerful,boundary,No cargo con todo,Distingo responsabilidad de peso innecesario
calm_peace,calm_peace.release_tension,calm_peace.release_tension.stop_carrying_everything,cat_calm_peace.release_tension.stop_carrying_everything.v4.02,49,direct,agency,Devuelvo lo que no es mío,No toda preocupación me corresponde resolverla
calm_peace,calm_peace.release_tension,calm_peace.release_tension.stop_carrying_everything,cat_calm_peace.release_tension.stop_carrying_everything.v4.03,50,soft,action,Pido ayuda cuando hace falta,Compartir una carga no reduce mi capacidad
calm_peace,calm_peace.release_tension,calm_peace.release_tension.stop_carrying_everything,cat_calm_peace.release_tension.stop_carrying_everything.v4.06,53,powerful,permission,Puedo dejar algo pendiente,No todo necesita cerrarse antes de descansar
calm_peace,calm_peace.release_tension,calm_peace.release_tension.calm_way_of_being,cat_calm_peace.release_tension.calm_way_of_being.v4.01,61,powerful,identity,La calma es una forma de vivir,No solo un estado que aparece cuando todo sale bien
calm_peace,calm_peace.release_tension,calm_peace.release_tension.calm_way_of_being,cat_calm_peace.release_tension.calm_way_of_being.v4.02,62,direct,agency,Respondo con menos urgencia,Me doy tiempo para elegir antes de reaccionar
calm_peace,calm_peace.release_tension,calm_peace.release_tension.calm_way_of_being,cat_calm_peace.release_tension.calm_way_of_being.v4.03,63,direct,boundary,No alimento cada alarma,Mi atención puede descansar en lo importante
calm_peace,calm_peace.release_tension,calm_peace.release_tension.calm_way_of_being,cat_calm_peace.release_tension.calm_way_of_being.v4.06,66,powerful,trust,Mi serenidad no depende de perfección,Puedo conservarla incluso cuando algo sale distinto
calm_peace,calm_peace.overwhelmed,calm_peace.overwhelmed.only_now,cat_calm_peace.overwhelmed.only_now.v4.01,72,direct,presence,Solo necesito este momento,No cargo con toda la semana a la vez
calm_peace,calm_peace.overwhelmed,calm_peace.overwhelmed.only_now,cat_calm_peace.overwhelmed.only_now.v4.03,74,direct,action,Reduzco el horizonte,Lo inmenso se vuelve manejable cuando vuelvo a ahora
calm_peace,calm_peace.overwhelmed,calm_peace.overwhelmed.only_now,cat_calm_peace.overwhelmed.only_now.v4.04,75,powerful,discernment,No resuelvo todo de golpe,Una cosa concreta es suficiente para empezar
calm_peace,calm_peace.overwhelmed,calm_peace.overwhelmed.only_now,cat_calm_peace.overwhelmed.only_now.v4.06,77,direct,boundary,Me quedo con lo inmediato,Mi atención funciona mejor cuando no intenta abarcarlo todo
calm_peace,calm_peace.overwhelmed,calm_peace.overwhelmed.one_thing_at_a_time,cat_calm_peace.overwhelmed.one_thing_at_a_time.v4.01,84,direct,presence,Una cosa a la vez,Termino de estar aquí antes de ir a lo siguiente
calm_peace,calm_peace.overwhelmed,calm_peace.overwhelmed.one_thing_at_a_time,cat_calm_peace.overwhelmed.one_thing_at_a_time.v4.03,86,powerful,discernment,No todo es prioridad,Elegir una tarea también es dejar otras para después
calm_peace,calm_peace.overwhelmed,calm_peace.overwhelmed.one_thing_at_a_time,cat_calm_peace.overwhelmed.one_thing_at_a_time.v4.04,87,direct,action,Empiezo por lo más claro,Un paso concreto baja el ruido mental
calm_peace,calm_peace.overwhelmed,calm_peace.overwhelmed.one_thing_at_a_time,cat_calm_peace.overwhelmed.one_thing_at_a_time.v4.06,89,powerful,reframe,Avanzo sin abarcarlo todo,El progreso no requiere simultaneidad
calm_peace,calm_peace.overwhelmed,calm_peace.overwhelmed.stay_grounded_in_chaos,cat_calm_peace.overwhelmed.stay_grounded_in_chaos.v4.01,96,powerful,resilience,Puedo sostenerme en el caos,No necesito que todo alrededor se ordene primero
calm_peace,calm_peace.overwhelmed,calm_peace.overwhelmed.stay_grounded_in_chaos,cat_calm_peace.overwhelmed.stay_grounded_in_chaos.v4.02,97,direct,grounding,Vuelvo a lo concreto,"Pies, respiración y entorno me devuelven al presente"
calm_peace,calm_peace.overwhelmed,calm_peace.overwhelmed.stay_grounded_in_chaos,cat_calm_peace.overwhelmed.stay_grounded_in_chaos.v4.03,98,direct,reframe,El caos no me define,Una situación intensa no decide quién soy
calm_peace,calm_peace.overwhelmed,calm_peace.overwhelmed.stay_grounded_in_chaos,cat_calm_peace.overwhelmed.stay_grounded_in_chaos.v4.05,100,direct,agency,Regulo antes de reaccionar,Un segundo de pausa puede cambiar mi respuesta
calm_peace,calm_peace.rest_without_guilt,calm_peace.rest_without_guilt.permission_to_stop,cat_calm_peace.rest_without_guilt.permission_to_stop.v4.02,109,direct,agency,Parar también es una decisión,Puedo elegir descanso antes de llegar al límite
calm_peace,calm_peace.rest_without_guilt,calm_peace.rest_without_guilt.permission_to_stop,cat_calm_peace.rest_without_guilt.permission_to_stop.v4.03,110,powerful,reframe,No necesito ganarme cada pausa,Ser humano ya incluye necesitar recuperación
calm_peace,calm_peace.rest_without_guilt,calm_peace.rest_without_guilt.permission_to_stop,cat_calm_peace.rest_without_guilt.permission_to_stop.v4.05,112,direct,acceptance,Cierro el día sin culpa,Siempre habrá algo más que podría hacer
calm_peace,calm_peace.rest_without_guilt,calm_peace.rest_without_guilt.permission_to_stop,cat_calm_peace.rest_without_guilt.permission_to_stop.v4.06,113,direct,commitment,Mi descanso merece espacio,Lo protejo como protejo otras prioridades
calm_peace,calm_peace.rest_without_guilt,calm_peace.rest_without_guilt.not_always_available,cat_calm_peace.rest_without_guilt.not_always_available.v4.01,120,powerful,boundary,No estoy disponible siempre,Mi tiempo personal también merece protección
calm_peace,calm_peace.rest_without_guilt,calm_peace.rest_without_guilt.not_always_available,cat_calm_peace.rest_without_guilt.not_always_available.v4.02,121,direct,reframe,Responder después también está bien,No toda notificación es una emergencia
calm_peace,calm_peace.rest_without_guilt,calm_peace.rest_without_guilt.not_always_available,cat_calm_peace.rest_without_guilt.not_always_available.v4.04,123,direct,commitment,Protejo momentos sin demandas,Mi mente necesita espacios donde nadie espere nada
calm_peace,calm_peace.rest_without_guilt,calm_peace.rest_without_guilt.not_always_available,cat_calm_peace.rest_without_guilt.not_always_available.v4.06,125,powerful,permission,No debo justificar cada pausa,Estar offline también es parte de mi vida
calm_peace,calm_peace.rest_without_guilt,calm_peace.rest_without_guilt.healthy_relationship_with_rest,cat_calm_peace.rest_without_guilt.healthy_relationship_with_rest.v4.01,132,powerful,discernment,Descanso antes de romperme,No necesito agotamiento para validar una pausa
calm_peace,calm_peace.rest_without_guilt,calm_peace.rest_without_guilt.healthy_relationship_with_rest,cat_calm_peace.rest_without_guilt.healthy_relationship_with_rest.v4.03,134,direct,growth,Aprendo a parar a tiempo,La recuperación funciona mejor antes del colapso
calm_peace,calm_peace.rest_without_guilt,calm_peace.rest_without_guilt.healthy_relationship_with_rest,cat_calm_peace.rest_without_guilt.healthy_relationship_with_rest.v4.05,136,direct,balance,Alterno esfuerzo y recuperación,Mi energía mejora cuando ambas partes tienen lugar
calm_peace,calm_peace.rest_without_guilt,calm_peace.rest_without_guilt.healthy_relationship_with_rest,cat_calm_peace.rest_without_guilt.healthy_relationship_with_rest.v4.06,137,powerful,trust,Confío en que puedo volver,Parar hoy no destruye mi capacidad de continuar
change_loss_new_beginnings,change_loss_new_beginnings.difficult_period,change_loss_new_beginnings.difficult_period.only_today,cat_change_loss_new_beginnings.difficult_period.only_today.v4.01,0,direct,presence,Hoy solo atravieso hoy,No necesito resolver toda mi vida esta noche
change_loss_new_beginnings,change_loss_new_beginnings.difficult_period,change_loss_new_beginnings.difficult_period.only_today,cat_change_loss_new_beginnings.difficult_period.only_today.v4.02,1,powerful,action,Acorto el horizonte,"Me ocupo del próximo paso, no de todos"
change_loss_new_beginnings,change_loss_new_beginnings.difficult_period,change_loss_new_beginnings.difficult_period.only_today,cat_change_loss_new_beginnings.difficult_period.only_today.v4.03,2,powerful,reframe,Una mala etapa no es mi vida completa,Este capítulo tiene límites aunque hoy no los vea
change_loss_new_beginnings,change_loss_new_beginnings.difficult_period,change_loss_new_beginnings.difficult_period.only_today,cat_change_loss_new_beginnings.difficult_period.only_today.v4.04,3,soft,permission,Puedo hacer menos por ahora,Sobrevivir una etapa difícil también consume energía
change_loss_new_beginnings,change_loss_new_beginnings.difficult_period,change_loss_new_beginnings.difficult_period.keep_going_when_hard,cat_change_loss_new_beginnings.difficult_period.keep_going_when_hard.v4.01,12,powerful,resilience,Sigo aunque hoy cueste,La dificultad no decide toda mi dirección
change_loss_new_beginnings,change_loss_new_beginnings.difficult_period,change_loss_new_beginnings.difficult_period.keep_going_when_hard,cat_change_loss_new_beginnings.difficult_period.keep_going_when_hard.v4.02,13,direct,discernment,"Ajusto el ritmo, no abandono",Persistir también puede verse más lento
change_loss_new_beginnings,change_loss_new_beginnings.difficult_period,change_loss_new_beginnings.difficult_period.keep_going_when_hard,cat_change_loss_new_beginnings.difficult_period.keep_going_when_hard.v4.04,15,direct,action,Busco el siguiente apoyo,No necesito tener fuerza infinita para continuar
change_loss_new_beginnings,change_loss_new_beginnings.difficult_period,change_loss_new_beginnings.difficult_period.keep_going_when_hard,cat_change_loss_new_beginnings.difficult_period.keep_going_when_hard.v4.05,16,powerful,evidence,He atravesado días difíciles antes,Mi historia contiene evidencia de resistencia
change_loss_new_beginnings,change_loss_new_beginnings.difficult_period,change_loss_new_beginnings.difficult_period.remember_who_i_am,cat_change_loss_new_beginnings.difficult_period.remember_who_i_am.v4.01,24,powerful,identity,Esta etapa no borra quién soy,"Sigo teniendo valores, historia y capacidades"
change_loss_new_beginnings,change_loss_new_beginnings.difficult_period,change_loss_new_beginnings.difficult_period.remember_who_i_am,cat_change_loss_new_beginnings.difficult_period.remember_who_i_am.v4.02,25,soft,evidence,Recuerdo versiones mías más fuertes,"No para exigirme, sino para reconocer recursos"
change_loss_new_beginnings,change_loss_new_beginnings.difficult_period,change_loss_new_beginnings.difficult_period.remember_who_i_am,cat_change_loss_new_beginnings.difficult_period.remember_who_i_am.v4.03,26,powerful,reframe,No soy solo lo que me pasa,Mi identidad es más amplia que esta dificultad
change_loss_new_beginnings,change_loss_new_beginnings.difficult_period,change_loss_new_beginnings.difficult_period.remember_who_i_am,cat_change_loss_new_beginnings.difficult_period.remember_who_i_am.v4.04,27,direct,values,Vuelvo a lo que me importa,Mis valores pueden orientarme incluso con poca energía
change_loss_new_beginnings,change_loss_new_beginnings.adapt_to_change,change_loss_new_beginnings.adapt_to_change.learn_new_reality,cat_change_loss_new_beginnings.adapt_to_change.learn_new_reality.v4.02,37,direct,acceptance,Me doy tiempo para entender,Lo nuevo se vuelve familiar mediante experiencia repetida
change_loss_new_beginnings,change_loss_new_beginnings.adapt_to_change,change_loss_new_beginnings.adapt_to_change.learn_new_reality,cat_change_loss_new_beginnings.adapt_to_change.learn_new_reality.v4.03,38,direct,action,Pregunto lo que todavía no sé,"Aprender requiere curiosidad, no apariencia de certeza"
change_loss_new_beginnings,change_loss_new_beginnings.adapt_to_change,change_loss_new_beginnings.adapt_to_change.learn_new_reality,cat_change_loss_new_beginnings.adapt_to_change.learn_new_reality.v4.04,39,powerful,reframe,La desorientación es temporal,No define mi capacidad para adaptarme
change_loss_new_beginnings,change_loss_new_beginnings.adapt_to_change,change_loss_new_beginnings.adapt_to_change.learn_new_reality,cat_change_loss_new_beginnings.adapt_to_change.learn_new_reality.v4.05,40,direct,awareness,Observo cómo funciona ahora,Primero comprendo la realidad antes de exigir fluidez
change_loss_new_beginnings,change_loss_new_beginnings.adapt_to_change,change_loss_new_beginnings.adapt_to_change.time_to_adapt,cat_change_loss_new_beginnings.adapt_to_change.time_to_adapt.v4.01,48,soft,permission,Adaptarme lleva tiempo,No me exijo sentirme cómodo inmediatamente
change_loss_new_beginnings,change_loss_new_beginnings.adapt_to_change,change_loss_new_beginnings.adapt_to_change.time_to_adapt,cat_change_loss_new_beginnings.adapt_to_change.time_to_adapt.v4.02,49,direct,consistency,Las nuevas rutinas se construyen,Cada repetición vuelve esta etapa más habitable
change_loss_new_beginnings,change_loss_new_beginnings.adapt_to_change,change_loss_new_beginnings.adapt_to_change.time_to_adapt,cat_change_loss_new_beginnings.adapt_to_change.time_to_adapt.v4.04,51,direct,discernment,No apuro mi proceso,Mi mente necesita experiencia para actualizarse
change_loss_new_beginnings,change_loss_new_beginnings.adapt_to_change,change_loss_new_beginnings.adapt_to_change.time_to_adapt,cat_change_loss_new_beginnings.adapt_to_change.time_to_adapt.v4.05,52,powerful,reframe,La incomodidad inicial no predice el final,Puedo esperar antes de juzgar esta etapa
change_loss_new_beginnings,change_loss_new_beginnings.adapt_to_change,change_loss_new_beginnings.adapt_to_change.change_into_growth,cat_change_loss_new_beginnings.adapt_to_change.change_into_growth.v4.01,60,powerful,growth,Esta transición también me forma,Puedo descubrir capacidades que antes no necesitaba
change_loss_new_beginnings,change_loss_new_beginnings.adapt_to_change,change_loss_new_beginnings.adapt_to_change.change_into_growth,cat_change_loss_new_beginnings.adapt_to_change.change_into_growth.v4.04,63,powerful,identity,Mi identidad puede expandirse,No tengo que seguir siendo exactamente quien era
change_loss_new_beginnings,change_loss_new_beginnings.adapt_to_change,change_loss_new_beginnings.adapt_to_change.change_into_growth,cat_change_loss_new_beginnings.adapt_to_change.change_into_growth.v4.05,64,direct,perspective,Busco qué está creciendo aquí,La transición puede enseñarme nuevas maneras de vivir
change_loss_new_beginnings,change_loss_new_beginnings.adapt_to_change,change_loss_new_beginnings.adapt_to_change.change_into_growth,cat_change_loss_new_beginnings.adapt_to_change.change_into_growth.v4.06,65,direct,agency,Elijo qué llevar conmigo,Cambio sin abandonar todo lo valioso del pasado
change_loss_new_beginnings,change_loss_new_beginnings.grief,change_loss_new_beginnings.grief.feel_what_i_feel,cat_change_loss_new_beginnings.grief.feel_what_i_feel.v4.03,74,powerful,self_compassion,Mi dolor merece respeto,No tengo que justificar cuánto me afecta
change_loss_new_beginnings,change_loss_new_beginnings.grief,change_loss_new_beginnings.grief.feel_what_i_feel,cat_change_loss_new_beginnings.grief.feel_what_i_feel.v4.04,75,soft,perspective,Puedo tener días distintos,El duelo cambia de forma y ritmo
change_loss_new_beginnings,change_loss_new_beginnings.grief,change_loss_new_beginnings.grief.feel_what_i_feel,cat_change_loss_new_beginnings.grief.feel_what_i_feel.v4.05,76,direct,permission,No necesito estar fuerte siempre,También puedo dejarme acompañar
change_loss_new_beginnings,change_loss_new_beginnings.grief,change_loss_new_beginnings.grief.feel_what_i_feel,cat_change_loss_new_beginnings.grief.feel_what_i_feel.v4.06,77,soft,awareness,Escucho lo que esta pérdida mueve,Nombrarlo me ayuda a atravesarlo
change_loss_new_beginnings,change_loss_new_beginnings.grief,change_loss_new_beginnings.grief.remember_without_stopping,cat_change_loss_new_beginnings.grief.remember_without_stopping.v4.01,84,powerful,integration,Recuerdo y sigo viviendo,La memoria no exige detener mi presente
change_loss_new_beginnings,change_loss_new_beginnings.grief,change_loss_new_beginnings.grief.remember_without_stopping,cat_change_loss_new_beginnings.grief.remember_without_stopping.v4.02,85,soft,acceptance,Puedo extrañar y avanzar,Ambas cosas pueden ser verdaderas al mismo tiempo
change_loss_new_beginnings,change_loss_new_beginnings.grief,change_loss_new_beginnings.grief.remember_without_stopping,cat_change_loss_new_beginnings.grief.remember_without_stopping.v4.04,87,powerful,reframe,Honro sin congelarme,Seguir adelante no traiciona lo que amé
change_loss_new_beginnings,change_loss_new_beginnings.grief,change_loss_new_beginnings.grief.remember_without_stopping,cat_change_loss_new_beginnings.grief.remember_without_stopping.v4.06,89,direct,presence,Vuelvo al presente después de recordar,Mi vida continúa alrededor de la ausencia
change_loss_new_beginnings,change_loss_new_beginnings.grief,change_loss_new_beginnings.grief.carry_love_and_live,cat_change_loss_new_beginnings.grief.carry_love_and_live.v4.02,97,powerful,reframe,Vivir no borra lo amado,Mi alegría futura no cancela mi historia
change_loss_new_beginnings,change_loss_new_beginnings.grief,change_loss_new_beginnings.grief.carry_love_and_live,cat_change_loss_new_beginnings.grief.carry_love_and_live.v4.03,98,soft,appreciation,Llevo conmigo lo valioso,"Gestos, aprendizajes y recuerdos siguen teniendo lugar"
change_loss_new_beginnings,change_loss_new_beginnings.grief,change_loss_new_beginnings.grief.carry_love_and_live,cat_change_loss_new_beginnings.grief.carry_love_and_live.v4.05,100,powerful,openness,Puedo amar y abrirme a lo nuevo,Mi corazón no tiene un cupo único
change_loss_new_beginnings,change_loss_new_beginnings.grief,change_loss_new_beginnings.grief.carry_love_and_live,cat_change_loss_new_beginnings.grief.carry_love_and_live.v4.06,101,direct,commitment,Mi vida también merece continuar,Honro la pérdida cuidando lo que todavía está
change_loss_new_beginnings,change_loss_new_beginnings.closure,change_loss_new_beginnings.closure.recognize_it_ended,cat_change_loss_new_beginnings.closure.recognize_it_ended.v4.01,108,powerful,acceptance,Reconozco que terminó,Aceptar el final me permite dejar de negociar con él
change_loss_new_beginnings,change_loss_new_beginnings.closure,change_loss_new_beginnings.closure.recognize_it_ended,cat_change_loss_new_beginnings.closure.recognize_it_ended.v4.02,109,direct,reframe,No necesito otra señal,Lo que ya terminó no requiere una explicación perfecta
change_loss_new_beginnings,change_loss_new_beginnings.closure,change_loss_new_beginnings.closure.recognize_it_ended,cat_change_loss_new_beginnings.closure.recognize_it_ended.v4.03,110,direct,awareness,Miro el final de frente,La claridad duele menos que una espera indefinida
change_loss_new_beginnings,change_loss_new_beginnings.closure,change_loss_new_beginnings.closure.recognize_it_ended,cat_change_loss_new_beginnings.closure.recognize_it_ended.v4.04,111,powerful,action,Dejo de sostener lo cerrado,Mi energía puede volver a lo que sigue
change_loss_new_beginnings,change_loss_new_beginnings.closure,change_loss_new_beginnings.closure.stop_searching_closed_door,cat_change_loss_new_beginnings.closure.stop_searching_closed_door.v4.01,120,powerful,reframe,Dejo de buscar otra entrada,Una puerta cerrada también puede ser información
change_loss_new_beginnings,change_loss_new_beginnings.closure,change_loss_new_beginnings.closure.stop_searching_closed_door,cat_change_loss_new_beginnings.closure.stop_searching_closed_door.v4.02,121,direct,boundary,No persigo una respuesta imposible,Mi paz vale más que otra vuelta al mismo lugar
change_loss_new_beginnings,change_loss_new_beginnings.closure,change_loss_new_beginnings.closure.stop_searching_closed_door,cat_change_loss_new_beginnings.closure.stop_searching_closed_door.v4.03,122,powerful,agency,Retiro mi energía de lo cerrado,La vuelvo disponible para mi vida presente
change_loss_new_beginnings,change_loss_new_beginnings.closure,change_loss_new_beginnings.closure.stop_searching_closed_door,cat_change_loss_new_beginnings.closure.stop_searching_closed_door.v4.04,123,direct,acceptance,No necesito convencer a nadie,Un final no cambia porque lo explique mejor
change_loss_new_beginnings,change_loss_new_beginnings.closure,change_loss_new_beginnings.closure.honor_without_belonging,cat_change_loss_new_beginnings.closure.honor_without_belonging.v4.01,132,soft,acceptance,Honro sin volver,Puedo valorar una etapa sin necesitar pertenecerle
change_loss_new_beginnings,change_loss_new_beginnings.closure,change_loss_new_beginnings.closure.honor_without_belonging,cat_change_loss_new_beginnings.closure.honor_without_belonging.v4.02,133,direct,perspective,El pasado conserva su valor,No tiene que convertirse otra vez en presente
change_loss_new_beginnings,change_loss_new_beginnings.closure,change_loss_new_beginnings.closure.honor_without_belonging,cat_change_loss_new_beginnings.closure.honor_without_belonging.v4.04,135,powerful,identity,Ya no soy de ahí,Reconocerlo no borra quién fui en ese lugar
change_loss_new_beginnings,change_loss_new_beginnings.closure,change_loss_new_beginnings.closure.honor_without_belonging,cat_change_loss_new_beginnings.closure.honor_without_belonging.v4.06,137,soft,reframe,Despedirme también es amor,Soltar puede respetar lo que una vez importó
change_loss_new_beginnings,change_loss_new_beginnings.rebuild,change_loss_new_beginnings.rebuild.start_with_whats_left,cat_change_loss_new_beginnings.rebuild.start_with_whats_left.v4.01,144,powerful,action,Empiezo con lo que quedó,No necesito recuperar todo para reconstruir
change_loss_new_beginnings,change_loss_new_beginnings.rebuild,change_loss_new_beginnings.rebuild.start_with_whats_left,cat_change_loss_new_beginnings.rebuild.start_with_whats_left.v4.02,145, direct,agency,Todavía tengo recursos,Miro lo disponible antes de mirar lo perdido
change_loss_new_beginnings,change_loss_new_beginnings.rebuild,change_loss_new_beginnings.rebuild.start_with_whats_left,cat_change_loss_new_beginnings.rebuild.start_with_whats_left.v4.03,146,soft,reframe,Una base pequeña alcanza,Puedo construir desde algo imperfecto pero real
change_loss_new_beginnings,change_loss_new_beginnings.rebuild,change_loss_new_beginnings.rebuild.start_with_whats_left,cat_change_loss_new_beginnings.rebuild.start_with_whats_left.v4.04,147,powerful,acceptance,No espero sentirme completo,La reconstrucción ocurre mientras sigo viviendo
change_loss_new_beginnings,change_loss_new_beginnings.rebuild,change_loss_new_beginnings.rebuild.rediscover_who_i_am,cat_change_loss_new_beginnings.rebuild.rediscover_who_i_am.v4.02,157,powerful,identity,No tengo que volver a ser quien era,Puedo descubrir quién soy después de esto
change_loss_new_beginnings,change_loss_new_beginnings.rebuild,change_loss_new_beginnings.rebuild.rediscover_who_i_am,cat_change_loss_new_beginnings.rebuild.rediscover_who_i_am.v4.03,158,soft,awareness,Escucho qué sigue vivo en mí,"Intereses, valores y deseos pueden reaparecer"
change_loss_new_beginnings,change_loss_new_beginnings.rebuild,change_loss_new_beginnings.rebuild.rediscover_who_i_am,cat_change_loss_new_beginnings.rebuild.rediscover_who_i_am.v4.05,160,soft,permission,Me doy permiso para cambiar,Sobrevivir algo también puede transformarme
change_loss_new_beginnings,change_loss_new_beginnings.rebuild,change_loss_new_beginnings.rebuild.rediscover_who_i_am,cat_change_loss_new_beginnings.rebuild.rediscover_who_i_am.v4.06,161,powerful,growth,Mi identidad se vuelve a construir,Cada elección aporta una pieza nueva
change_loss_new_beginnings,change_loss_new_beginnings.rebuild,change_loss_new_beginnings.rebuild.build_new_from_lived,cat_change_loss_new_beginnings.rebuild.build_new_from_lived.v4.01,168,powerful,integration,Construyo con lo vivido,No necesito fingir que nada pasó
change_loss_new_beginnings,change_loss_new_beginnings.rebuild,change_loss_new_beginnings.rebuild.build_new_from_lived,cat_change_loss_new_beginnings.rebuild.build_new_from_lived.v4.02,169, direct,reframe,El pasado se vuelve material,Uso experiencia en lugar de quedar atrapado en ella
change_loss_new_beginnings,change_loss_new_beginnings.rebuild,change_loss_new_beginnings.rebuild.build_new_from_lived,cat_change_loss_new_beginnings.rebuild.build_new_from_lived.v4.03,170,powerful,agency,Hago algo nuevo con lo aprendido,La misma historia puede producir otra dirección
change_loss_new_beginnings,change_loss_new_beginnings.rebuild,change_loss_new_beginnings.rebuild.build_new_from_lived,cat_change_loss_new_beginnings.rebuild.build_new_from_lived.v4.04,171,soft,perspective,No desperdicio mi experiencia,"Dolor, errores y logros también pueden enseñar"
change_loss_new_beginnings,change_loss_new_beginnings.new_beginning,change_loss_new_beginnings.new_beginning.not_too_late,cat_change_loss_new_beginnings.new_beginning.not_too_late.v4.01,180,powerful,hope,Todavía puedo empezar,Mi edad no convierte el futuro en territorio cerrado
change_loss_new_beginnings,change_loss_new_beginnings.new_beginning,change_loss_new_beginnings.new_beginning.not_too_late,cat_change_loss_new_beginnings.new_beginning.not_too_late.v4.02,181,direct,reframe,No existe una única hora correcta,Los comienzos también ocurren después de lo esperado
change_loss_new_beginnings,change_loss_new_beginnings.new_beginning,change_loss_new_beginnings.new_beginning.not_too_late,cat_change_loss_new_beginnings.new_beginning.not_too_late.v4.03,182,powerful,action,Empiezo desde donde estoy,No necesito recuperar un tiempo imaginario
change_loss_new_beginnings,change_loss_new_beginnings.new_beginning,change_loss_new_beginnings.new_beginning.not_too_late,cat_change_loss_new_beginnings.new_beginning.not_too_late.v4.06,185, direct,perspective,No compito con mi pasado,Uso lo vivido como punto de partida
change_loss_new_beginnings,change_loss_new_beginnings.new_beginning,change_loss_new_beginnings.new_beginning.learning_comes_with_me,cat_change_loss_new_beginnings.new_beginning.learning_comes_with_me.v4.01,192,powerful,evidence,No empiezo desde cero,"Traigo experiencia, criterio y aprendizajes conmigo"
change_loss_new_beginnings,change_loss_new_beginnings.new_beginning,change_loss_new_beginnings.new_beginning.learning_comes_with_me,cat_change_loss_new_beginnings.new_beginning.learning_comes_with_me.v4.02,193, direct,perspective,Mi historia también es recurso,Lo vivido puede ayudarme a elegir mejor
change_loss_new_beginnings,change_loss_new_beginnings.new_beginning,change_loss_new_beginnings.new_beginning.learning_comes_with_me,cat_change_loss_new_beginnings.new_beginning.learning_comes_with_me.v4.03,194,powerful,integration,Conservo lo que aprendí,Cambiar de camino no borra habilidades adquiridas
change_loss_new_beginnings,change_loss_new_beginnings.new_beginning,change_loss_new_beginnings.new_beginning.learning_comes_with_me,cat_change_loss_new_beginnings.new_beginning.learning_comes_with_me.v4.06,197,powerful,trust,Tengo más herramientas que antes,Puedo usarlas para construir una etapa diferente
change_loss_new_beginnings,change_loss_new_beginnings.new_beginning,change_loss_new_beginnings.new_beginning.allow_different_story,cat_change_loss_new_beginnings.new_beginning.allow_different_story.v4.01,204,powerful,possibility,Mi historia puede cambiar de forma,No tengo que repetir el mismo argumento
change_loss_new_beginnings,change_loss_new_beginnings.new_beginning,change_loss_new_beginnings.new_beginning.allow_different_story,cat_change_loss_new_beginnings.new_beginning.allow_different_story.v4.03,206,soft,uncertainty_tolerance,No sé exactamente cómo sigue,Eso también deja espacio para algo nuevo
change_loss_new_beginnings,change_loss_new_beginnings.new_beginning,change_loss_new_beginnings.new_beginning.allow_different_story,cat_change_loss_new_beginnings.new_beginning.allow_different_story.v4.04,207, direct,agency,Elijo nuevas respuestas,Una historia distinta empieza con decisiones distintas
change_loss_new_beginnings,change_loss_new_beginnings.new_beginning,change_loss_new_beginnings.new_beginning.allow_different_story,cat_change_loss_new_beginnings.new_beginning.allow_different_story.v4.05,208,powerful,reframe,No necesito repetir lo conocido,Familiar no siempre significa adecuado
confidence_courage,confidence_courage.believe_in_my_abilities,confidence_courage.believe_in_my_abilities.remember_my_capability,cat_confidence_courage.believe_in_my_abilities.remember_my_capability.v4.01,0,direct,evidence,Recuerdo lo que ya resolví,Mi historia contiene evidencia de capacidad
confidence_courage,confidence_courage.believe_in_my_abilities,confidence_courage.believe_in_my_abilities.remember_my_capability,cat_confidence_courage.believe_in_my_abilities.remember_my_capability.v4.02,1,powerful,reframe,Sé más de lo que siento,La duda no borra habilidades ya construidas
confidence_courage,confidence_courage.believe_in_my_abilities,confidence_courage.believe_in_my_abilities.remember_my_capability,cat_confidence_courage.believe_in_my_abilities.remember_my_capability.v4.03,2,soft,trust,Confío en mis recursos,Puedo aprender lo que todavía me falta
confidence_courage,confidence_courage.believe_in_my_abilities,confidence_courage.believe_in_my_abilities.remember_my_capability,cat_confidence_courage.believe_in_my_abilities.remember_my_capability.v4.04,3,powerful,identity,Mi capacidad sigue conmigo,Un momento de inseguridad no la elimina
confidence_courage,confidence_courage.believe_in_my_abilities,confidence_courage.believe_in_my_abilities.trust_while_learning,cat_confidence_courage.believe_in_my_abilities.trust_while_learning.v4.01,12,soft,growth,Puedo aprender sin saber todo,La confianza también se practica en proceso
confidence_courage,confidence_courage.believe_in_my_abilities,confidence_courage.believe_in_my_abilities.trust_while_learning,cat_confidence_courage.believe_in_my_abilities.trust_while_learning.v4.03,14,powerful,trust,Confío mientras practico,La experiencia convierte torpeza en habilidad
confidence_courage,confidence_courage.believe_in_my_abilities,confidence_courage.believe_in_my_abilities.trust_while_learning,cat_confidence_courage.believe_in_my_abilities.trust_while_learning.v4.04,15,direct,perspective,Preguntar también es competencia,Reconocer lo que no sé me ayuda a crecer
confidence_courage,confidence_courage.believe_in_my_abilities,confidence_courage.believe_in_my_abilities.trust_while_learning,cat_confidence_courage.believe_in_my_abilities.trust_while_learning.006,16,direct,perspective,Aprender también es avanzar,Toda persona competente alguna vez estuvo aprendiendo
confidence_courage,confidence_courage.believe_in_my_abilities,confidence_courage.believe_in_my_abilities.see_myself_as_capable,cat_confidence_courage.believe_in_my_abilities.see_myself_as_capable.v4.01,25,powerful,identity,Me veo como alguien capaz,No necesito esperar aprobación para reconocerlo
confidence_courage,confidence_courage.believe_in_my_abilities,confidence_courage.believe_in_my_abilities.see_myself_as_capable,cat_confidence_courage.believe_in_my_abilities.see_myself_as_capable.v4.02,26,direct,evidence,Dejo de subestimarme,Miro evidencia en vez de alimentar dudas automáticas
confidence_courage,confidence_courage.believe_in_my_abilities,confidence_courage.believe_in_my_abilities.see_myself_as_capable,cat_confidence_courage.believe_in_my_abilities.see_myself_as_capable.v4.03,27,powerful,trust,Confío en que puedo resolver,No todo tiene que salir perfecto para demostrar capacidad
confidence_courage,confidence_courage.believe_in_my_abilities,confidence_courage.believe_in_my_abilities.see_myself_as_capable,cat_confidence_courage.believe_in_my_abilities.see_myself_as_capable.v4.04,28,direct,appreciation,Mi capacidad merece crédito,Reconozco lo que hago bien sin minimizarlo
confidence_courage,confidence_courage.move_with_fear,confidence_courage.move_with_fear.next_step,cat_confidence_courage.move_with_fear.next_step.v4.01,37,powerful,action,Doy el siguiente paso,No necesito sentirme valiente durante todo el camino
confidence_courage,confidence_courage.move_with_fear,confidence_courage.move_with_fear.next_step,cat_confidence_courage.move_with_fear.next_step.v4.02,38,direct,agency,El miedo puede venir conmigo,No le entrego la decisión
confidence_courage,confidence_courage.move_with_fear,confidence_courage.move_with_fear.next_step,cat_confidence_courage.move_with_fear.next_step.v4.03,39,soft,action,Hago pequeño el movimiento,Una acción concreta rompe la parálisis
confidence_courage,confidence_courage.move_with_fear,confidence_courage.move_with_fear.next_step,cat_confidence_courage.move_with_fear.next_step.v4.04,40,powerful,reframe,Avanzo con suficiente coraje,No espero ausencia total de miedo
confidence_courage,confidence_courage.move_with_fear,confidence_courage.move_with_fear.fear_without_obedience,cat_confidence_courage.move_with_fear.fear_without_obedience.personal.ac8bc553,48,direct,acceptance,La incomodidad no es peligro,Puedo sostener sensaciones difíciles mientras crezco
confidence_courage,confidence_courage.move_with_fear,confidence_courage.move_with_fear.fear_without_obedience,cat_confidence_courage.move_with_fear.fear_without_obedience.v4.01,50,powerful,agency,Escucho el miedo sin obedecerlo,Puede informar sin tomar el control
confidence_courage,confidence_courage.move_with_fear,confidence_courage.move_with_fear.fear_without_obedience,cat_confidence_courage.move_with_fear.fear_without_obedience.v4.02,51,direct,values,Sentir miedo no decide,Mis valores tienen voz en la elección
confidence_courage,confidence_courage.move_with_fear,confidence_courage.move_with_fear.fear_without_obedience,cat_confidence_courage.move_with_fear.fear_without_obedience.v4.03,52,soft,reframe,Puedo estar asustado y actuar,La valentía ocurre en presencia del miedo
confidence_courage,confidence_courage.move_with_fear,confidence_courage.move_with_fear.courageous_identity,cat_confidence_courage.move_with_fear.courageous_identity.v4.01,61,powerful,identity,Soy alguien que se atreve,Mi identidad crece cada vez que actúo con miedo
confidence_courage,confidence_courage.move_with_fear,confidence_courage.move_with_fear.courageous_identity,cat_confidence_courage.move_with_fear.courageous_identity.v4.02,62,direct,consistency,Practico valentía,Las decisiones pequeñas también cuentan
confidence_courage,confidence_courage.move_with_fear,confidence_courage.move_with_fear.courageous_identity,cat_confidence_courage.move_with_fear.courageous_identity.v4.03,63,powerful,evidence,Me demuestro coraje con acciones,No necesito sentirme invencible
confidence_courage,confidence_courage.move_with_fear,confidence_courage.move_with_fear.courageous_identity,cat_confidence_courage.move_with_fear.courageous_identity.v4.04,64,direct,commitment,Elijo una vida más grande que mi miedo,No dejo que la comodidad decida todo
confidence_courage,confidence_courage.failure,confidence_courage.failure.failure_is_not_the_end,cat_confidence_courage.failure.failure_is_not_the_end.v4.01,73,powerful,resilience,Un fracaso no termina mi historia,"Todavía puedo responder, aprender y volver"
confidence_courage,confidence_courage.failure,confidence_courage.failure.failure_is_not_the_end,cat_confidence_courage.failure.failure_is_not_the_end.v4.02,74,direct,reframe,"Esto salió mal, no yo",Separo el resultado de mi identidad
confidence_courage,confidence_courage.failure,confidence_courage.failure.failure_is_not_the_end,cat_confidence_courage.failure.failure_is_not_the_end.v4.03,75,soft,recovery,Puedo volver a intentar,La experiencia cambia mi próximo movimiento
confidence_courage,confidence_courage.failure,confidence_courage.failure.failure_is_not_the_end,cat_confidence_courage.failure.failure_is_not_the_end.v4.04,76,powerful,possibility,Un resultado no decide mi futuro,Todavía quedan caminos y decisiones abiertas
confidence_courage,confidence_courage.failure,confidence_courage.failure.learn_from_failure,cat_confidence_courage.failure.learn_from_failure.v4.01,84,direct,growth,Busco la información del error,No necesito convertirlo en ataque personal
confidence_courage,confidence_courage.failure,confidence_courage.failure.learn_from_failure,cat_confidence_courage.failure.learn_from_failure.v4.02,85,soft,learning,Cada error puede enseñarme algo,Observo qué ajustar para el próximo intento
confidence_courage,confidence_courage.failure,confidence_courage.failure.learn_from_failure,cat_confidence_courage.failure.learn_from_failure.v4.03,86,direct,self_compassion,Corrijo sin humillarme,Aprender funciona mejor cuando puedo mirar con claridad
confidence_courage,confidence_courage.failure,confidence_courage.failure.learn_from_failure,cat_confidence_courage.failure.learn_from_failure.v4.04,87,powerful,reframe,El fracaso puede volverse experiencia,Lo uso para diseñar una respuesta mejor
confidence_courage,confidence_courage.failure,confidence_courage.failure.risk_without_self_worth,cat_confidence_courage.failure.risk_without_self_worth.v4.01,98,powerful,self_worth,Mi valor no entra en juego,Un riesgo puede salir mal sin disminuirme
confidence_courage,confidence_courage.failure,confidence_courage.failure.risk_without_self_worth,cat_confidence_courage.failure.risk_without_self_worth.v4.02,99,direct,reframe,Me atrevo sin apostarme entero,"El resultado evalúa una acción, no mi dignidad"
confidence_courage,confidence_courage.failure,confidence_courage.failure.risk_without_self_worth,cat_confidence_courage.failure.risk_without_self_worth.v4.03,100,soft,identity,Puedo probar y seguir siendo yo,Éxito o rechazo no deciden cuánto valgo
confidence_courage,confidence_courage.failure,confidence_courage.failure.risk_without_self_worth,cat_confidence_courage.failure.risk_without_self_worth.v4.04,101,direct,discernment,Tomo riesgos con perspectiva,No convierto cada intento en un juicio personal
confidence_courage,confidence_courage.impostor,confidence_courage.impostor.i_belong_here,cat_confidence_courage.impostor.i_belong_here.v4.01,108,powerful,belonging,Tengo derecho a estar aquí,No necesito saberlo todo para pertenecer
confidence_courage,confidence_courage.impostor,confidence_courage.impostor.i_belong_here,cat_confidence_courage.impostor.i_belong_here.v4.03,110,soft,acceptance,La inseguridad no me expulsa,Puedo sentirla y seguir participando
confidence_courage,confidence_courage.impostor,confidence_courage.impostor.i_belong_here,cat_confidence_courage.impostor.i_belong_here.v4.04,111,powerful,identity,Ocupo mi lugar sin disculparme,Aprender dentro del espacio también es pertenecer
confidence_courage,confidence_courage.impostor,confidence_courage.impostor.i_belong_here,cat_confidence_courage.impostor.i_belong_here.v4.extra.01,112,powerful,evidence,No llegué por accidente,Mi recorrido explica por qué tengo un lugar aquí
confidence_courage,confidence_courage.impostor,confidence_courage.impostor.recognize_my_path,cat_confidence_courage.impostor.recognize_my_path.v4.01,120,direct,evidence,Reconozco mi recorrido,Llegué hasta aquí mediante decisiones y esfuerzo reales
confidence_courage,confidence_courage.impostor,confidence_courage.impostor.recognize_my_path,cat_confidence_courage.impostor.recognize_my_path.v4.02,121,powerful,reframe,No minimizo mi participación,La ayuda recibida no borra lo que hice
confidence_courage,confidence_courage.impostor,confidence_courage.impostor.recognize_my_path,cat_confidence_courage.impostor.recognize_my_path.v4.03,122,soft,appreciation,Mi historia tiene mérito,Veo también las horas que nadie vio
confidence_courage,confidence_courage.impostor,confidence_courage.impostor.recognize_my_path,cat_confidence_courage.impostor.recognize_my_path.v4.04,123,powerful,self_validation,Me doy crédito por llegar,No necesito explicarlo como suerte
confidence_courage,confidence_courage.impostor,confidence_courage.impostor.belong_without_mastery,cat_confidence_courage.impostor.belong_without_mastery.v4.01,132,soft,belonging,Puedo pertenecer mientras aprendo,La maestría no es requisito de entrada
confidence_courage,confidence_courage.impostor,confidence_courage.impostor.belong_without_mastery,cat_confidence_courage.impostor.belong_without_mastery.v4.02,133,direct,reframe,No compito con años ajenos,Mi etapa merece existir junto a la experiencia de otros
confidence_courage,confidence_courage.impostor,confidence_courage.impostor.belong_without_mastery,cat_confidence_courage.impostor.belong_without_mastery.v4.03,134,powerful,identity,Aprender aquí confirma que pertenezco,No demuestra que llegué por error
confidence_courage,confidence_courage.impostor,confidence_courage.impostor.belong_without_mastery,cat_confidence_courage.impostor.belong_without_mastery.v4.04,135,direct,action,Hago preguntas sin achicarme,No saber algo no elimina mi aporte
confidence_courage,confidence_courage.decisions,confidence_courage.decisions.choose_with_what_i_know,cat_confidence_courage.decisions.choose_with_what_i_know.v4.01,144,direct,agency,Decido con lo que sé hoy,No necesito información infinita para avanzar
confidence_courage,confidence_courage.decisions,confidence_courage.decisions.choose_with_what_i_know,cat_confidence_courage.decisions.choose_with_what_i_know.v4.02,145,powerful,uncertainty_tolerance,La claridad suficiente alcanza,Una decisión razonable no exige certeza total
confidence_courage,confidence_courage.decisions,confidence_courage.decisions.choose_with_what_i_know,cat_confidence_courage.decisions.choose_with_what_i_know.v4.03,146,soft,reframe,Puedo corregir después,Elegir ahora no me encierra para siempre
confidence_courage,confidence_courage.decisions,confidence_courage.decisions.choose_with_what_i_know,cat_confidence_courage.decisions.choose_with_what_i_know.v4.04,147,direct,trust,Confío en mi criterio actual,"Uso datos, valores y experiencia disponibles"
confidence_courage,confidence_courage.decisions,confidence_courage.decisions.stop_rechecking,cat_confidence_courage.decisions.stop_rechecking.v4.01,156,powerful,reframe,Dejo de revisar lo decidido,Más vueltas no siempre producen más claridad
confidence_courage,confidence_courage.decisions,confidence_courage.decisions.stop_rechecking,cat_confidence_courage.decisions.stop_rechecking.v4.02,157,direct,action,Cierro la decisión,Guardo energía para hacer funcionar el camino elegido
confidence_courage,confidence_courage.decisions,confidence_courage.decisions.stop_rechecking,cat_confidence_courage.decisions.stop_rechecking.v4.03,158,soft,acceptance,No necesito certeza retroactiva,Una elección puede ser válida sin sentirse perfecta
confidence_courage,confidence_courage.decisions,confidence_courage.decisions.stop_rechecking,cat_confidence_courage.decisions.stop_rechecking.v4.04,159,powerful,commitment,Confío después de elegir,Mi atención vuelve a lo que puedo construir ahora
confidence_courage,confidence_courage.decisions,confidence_courage.decisions.own_my_choices,cat_confidence_courage.decisions.own_my_choices.v4.01,168,powerful,ownership,Mis decisiones son mías,Puedo asumirlas sin castigarme por cada resultado
confidence_courage,confidence_courage.decisions,confidence_courage.decisions.own_my_choices,cat_confidence_courage.decisions.own_my_choices.v4.02,169,direct,reframe,Me hago cargo de mi dirección,Responsabilidad no significa culpa permanente
confidence_courage,confidence_courage.decisions,confidence_courage.decisions.own_my_choices,cat_confidence_courage.decisions.own_my_choices.v4.03,170,soft,growth,Aprendo de lo que elijo,"Si algo falla, uso información para ajustar"
confidence_courage,confidence_courage.decisions,confidence_courage.decisions.own_my_choices,cat_confidence_courage.decisions.own_my_choices.v4.04,171,direct,agency,No delego mi vida,Escucho consejos sin entregar mi criterio
confidence_courage,confidence_courage.take_space,confidence_courage.take_space.my_voice_matters,cat_confidence_courage.take_space.my_voice_matters.v4.01,180,powerful,identity,Mi voz importa,No necesito decirlo perfecto para participar
confidence_courage,confidence_courage.take_space,confidence_courage.take_space.my_voice_matters,cat_confidence_courage.take_space.my_voice_matters.v4.02,181,direct,self_validation,Tengo algo para aportar,Mi perspectiva merece entrar en la conversación
confidence_courage,confidence_courage.take_space,confidence_courage.take_space.my_voice_matters,cat_confidence_courage.take_space.my_voice_matters.v4.03,182,powerful,action,No me borro antes de hablar,Dejo que otros decidan qué hacen con mi opinión
confidence_courage,confidence_courage.take_space,confidence_courage.take_space.my_voice_matters,cat_confidence_courage.take_space.my_voice_matters.v4.04,183,soft,permission,Puedo ser escuchado,No tengo que ser la voz más fuerte
confidence_courage,confidence_courage.take_space,confidence_courage.take_space.speak_clearly,cat_confidence_courage.take_space.speak_clearly.v4.01,192,direct,action,Digo lo que pienso con claridad,No escondo mi mensaje detrás de disculpas innecesarias
confidence_courage,confidence_courage.take_space,confidence_courage.take_space.speak_clearly,cat_confidence_courage.take_space.speak_clearly.v4.02,193,powerful,boundary,Mi mensaje puede ser simple,No necesito sobreexplicarme para merecer atención
confidence_courage,confidence_courage.take_space,confidence_courage.take_space.speak_clearly,cat_confidence_courage.take_space.speak_clearly.v4.03,194,direct,balance,Hablo con respeto y firmeza,Ambas cosas pueden coexistir
confidence_courage,confidence_courage.take_space,confidence_courage.take_space.speak_clearly,cat_confidence_courage.take_space.speak_clearly.v4.04,195,soft,trust,Confío en mis palabras,Puedo corregir si algo necesita más precisión
confidence_courage,confidence_courage.take_space,confidence_courage.take_space.stop_shrinking,cat_confidence_courage.take_space.stop_shrinking.v4.01,206,powerful,identity,Dejo de hacerme pequeño,No sacrifico presencia para resultar más cómodo
confidence_courage,confidence_courage.take_space,confidence_courage.take_space.stop_shrinking,cat_confidence_courage.take_space.stop_shrinking.v4.02,207,direct,permission,Ocupo el espacio que necesito,Mi existencia no requiere permiso permanente
confidence_courage,confidence_courage.take_space,confidence_courage.take_space.stop_shrinking,cat_confidence_courage.take_space.stop_shrinking.v4.03,208,powerful,boundary,No bajo mi valor para encajar,Puedo conectar sin disminuirme
confidence_courage,confidence_courage.take_space,confidence_courage.take_space.stop_shrinking,cat_confidence_courage.take_space.stop_shrinking.v4.04,209,soft,growth,Me muestro con más libertad,Cada vez necesito menos esconder partes de mí
connection_belonging,connection_belonging.loneliness,connection_belonging.loneliness.lonely_not_destined,cat_connection_belonging.loneliness.lonely_not_destined.v4.01,0,powerful,hope,La soledad de hoy no es destino,Mi vida social todavía puede cambiar
connection_belonging,connection_belonging.loneliness,connection_belonging.loneliness.lonely_not_destined,cat_connection_belonging.loneliness.lonely_not_destined.v4.03,2,direct,reframe,Necesitar conexión es humano,No convierto esa necesidad en vergüenza
connection_belonging,connection_belonging.loneliness,connection_belonging.loneliness.lonely_not_destined,cat_connection_belonging.loneliness.lonely_not_destined.v4.05,4,powerful,identity,Mi valor no depende de compañía constante,Sigo siendo valioso también en etapas solitarias
connection_belonging,connection_belonging.loneliness,connection_belonging.loneliness.lonely_not_destined,cat_connection_belonging.loneliness.lonely_not_destined.v4.06,5,direct,agency,"Busco movimiento, no sentencia",Una acción social pequeña cambia posibilidades
connection_belonging,connection_belonging.loneliness,connection_belonging.loneliness.small_contacts,cat_connection_belonging.loneliness.small_contacts.v4.02,13,direct,action,"Saludo, pregunto, escucho",La conexión cotidiana se construye con gestos simples
connection_belonging,connection_belonging.loneliness,connection_belonging.loneliness.small_contacts,cat_connection_belonging.loneliness.small_contacts.v4.03,14,direct,reframe,No desprecio lo casual,No toda conexión necesita convertirse en amistad profunda
connection_belonging,connection_belonging.loneliness,connection_belonging.loneliness.small_contacts,cat_connection_belonging.loneliness.small_contacts.v4.05,16,direct,consistency,Frecuento lugares compartidos,La repetición crea oportunidades naturales de vínculo
connection_belonging,connection_belonging.loneliness,connection_belonging.loneliness.small_contacts,cat_connection_belonging.loneliness.small_contacts.v4.06,17,powerful,growth,Mi mundo social puede crecer despacio,Lo pequeño sostenido también transforma
connection_belonging,connection_belonging.loneliness,connection_belonging.loneliness.loneliness_not_identity,cat_connection_belonging.loneliness.loneliness_not_identity.v4.01,24,powerful,reframe,"Siento soledad, no soy soledad",Una emoción no define toda mi identidad
connection_belonging,connection_belonging.loneliness,connection_belonging.loneliness.loneliness_not_identity,cat_connection_belonging.loneliness.loneliness_not_identity.v4.02,25, direct,perspective,Esta etapa no me describe completo,Mi vida contiene más que mi situación social
connection_belonging,connection_belonging.loneliness,connection_belonging.loneliness.loneliness_not_identity,cat_connection_belonging.loneliness.loneliness_not_identity.v4.05,28,powerful,identity,Mi identidad sigue siendo amplia,"Intereses, valores y capacidades permanecen"
connection_belonging,connection_belonging.loneliness,connection_belonging.loneliness.loneliness_not_identity,cat_connection_belonging.loneliness.loneliness_not_identity.v4.06,29,direct,agency,Respondo a la necesidad sin etiquetarme,Busco contacto en lugar de fabricar una condena
connection_belonging,connection_belonging.belonging,connection_belonging.belonging.right_to_belong,cat_connection_belonging.belonging.right_to_belong.v4.01,36,powerful,belonging,Tengo derecho a pertenecer,No necesito ganarme humanidad básica
connection_belonging,connection_belonging.belonging,connection_belonging.belonging.right_to_belong,cat_connection_belonging.belonging.right_to_belong.v4.02,37,direct,identity,Mi presencia suma,No soy un invitado accidental en cada espacio
connection_belonging,connection_belonging.belonging,connection_belonging.belonging.right_to_belong,cat_connection_belonging.belonging.right_to_belong.v4.04,39,powerful,reframe,No debo justificar mi existencia,Pertenecer no exige rendimiento constante
connection_belonging,connection_belonging.belonging,connection_belonging.belonging.right_to_belong,cat_connection_belonging.belonging.right_to_belong.v4.05,40,direct,boundary,Busco espacios que también me reciban,La pertenencia no debería depender solo de mi esfuerzo
connection_belonging,connection_belonging.belonging,connection_belonging.belonging.belong_without_same,cat_connection_belonging.belonging.belong_without_same.v4.01,48,powerful,reframe,Puedo pertenecer siendo diferente,La similitud total no es requisito para conectar
connection_belonging,connection_belonging.belonging,connection_belonging.belonging.belong_without_same,cat_connection_belonging.belonging.belong_without_same.v4.02,49,direct,identity,Conservo mis particularidades,No cambio todo de mí para encajar
connection_belonging,connection_belonging.belonging,connection_belonging.belonging.belong_without_same,cat_connection_belonging.belonging.belong_without_same.v4.04,51,direct,acceptance,No necesito coincidir en todo,El respeto sostiene vínculos entre personas distintas
connection_belonging,connection_belonging.belonging,connection_belonging.belonging.belong_without_same,cat_connection_belonging.belonging.belong_without_same.v4.06,53,powerful,boundary,Mi individualidad también pertenece,No tengo que diluirme para formar parte
connection_belonging,connection_belonging.belonging,connection_belonging.belonging.belong_without_losing_self,cat_connection_belonging.belonging.belong_without_losing_self.v4.01,60,powerful,boundary,No me pierdo para pertenecer,Un vínculo sano deja espacio para mi identidad
connection_belonging,connection_belonging.belonging,connection_belonging.belonging.belong_without_losing_self,cat_connection_belonging.belonging.belong_without_losing_self.v4.02,61,direct,identity,Pertenecer no exige traicionarme,Mis valores siguen siendo míos dentro del grupo
connection_belonging,connection_belonging.belonging,connection_belonging.belonging.belong_without_losing_self,cat_connection_belonging.belonging.belong_without_losing_self.v4.04,63,direct,agency,Mantengo mi voz,Estar acompañado no significa abandonar criterio propio
connection_belonging,connection_belonging.belonging,connection_belonging.belonging.belong_without_losing_self,cat_connection_belonging.belonging.belong_without_losing_self.v4.06,65,powerful,reframe,No toda pertenencia me conviene,Dejo lugares donde solo encajo si me reduzco
connection_belonging,connection_belonging.find_my_people,connection_belonging.find_my_people.people_i_can_connect_with,cat_connection_belonging.find_my_people.people_i_can_connect_with.v4.01,73,powerful,hope,Hay personas con las que puedo conectar,Todavía no conozco a toda mi gente
connection_belonging,connection_belonging.find_my_people,connection_belonging.find_my_people.people_i_can_connect_with,cat_connection_belonging.find_my_people.people_i_can_connect_with.v4.02,74,direct,reframe,No necesito gustarle a todos,"Busco compatibilidad, no aprobación universal"
connection_belonging,connection_belonging.find_my_people,connection_belonging.find_my_people.people_i_can_connect_with,cat_connection_belonging.find_my_people.people_i_can_connect_with.v4.04,76,direct,agency,Me acerco a espacios afines,La conexión también depende de dónde participo
connection_belonging,connection_belonging.find_my_people,connection_belonging.find_my_people.people_i_can_connect_with,cat_connection_belonging.find_my_people.people_i_can_connect_with.v4.06,78,powerful,perspective,No interpreto cada desconexión como destino,Una mala combinación no define mis posibilidades
connection_belonging,connection_belonging.find_my_people,connection_belonging.find_my_people.give_new_connections_chance,cat_connection_belonging.find_my_people.give_new_connections_chance.v4.02,85,direct,discernment,No decido demasiado rápido,Algunos vínculos necesitan repetición para sentirse naturales
connection_belonging,connection_belonging.find_my_people,connection_belonging.find_my_people.give_new_connections_chance,cat_connection_belonging.find_my_people.give_new_connections_chance.v4.03,86,soft,acceptance,Acepto un poco de incomodidad social,Lo nuevo rara vez se siente familiar de inmediato
connection_belonging,connection_belonging.find_my_people,connection_belonging.find_my_people.give_new_connections_chance,cat_connection_belonging.find_my_people.give_new_connections_chance.v4.04,87,direct,consistency,Vuelvo a aparecer,La conexión crece cuando compartimos más de un momento
connection_belonging,connection_belonging.find_my_people,connection_belonging.find_my_people.give_new_connections_chance,cat_connection_belonging.find_my_people.give_new_connections_chance.v4.06,89,powerful,reframe,No exijo química instantánea,Le doy tiempo a la relación para mostrar qué puede ser
connection_belonging,connection_belonging.find_my_people,connection_belonging.find_my_people.build_my_community,cat_connection_belonging.find_my_people.build_my_community.v4.01,96,powerful,agency,Construyo comunidad activamente,No espero que todos los vínculos lleguen solos
connection_belonging,connection_belonging.find_my_people,connection_belonging.find_my_people.build_my_community,cat_connection_belonging.find_my_people.build_my_community.v4.02,97, direct,action,Invito y propongo,Una iniciativa pequeña puede reunir personas
connection_belonging,connection_belonging.find_my_people,connection_belonging.find_my_people.build_my_community,cat_connection_belonging.find_my_people.build_my_community.v4.05,100,soft,consistency,La comunidad se construye despacio,Confianza y familiaridad necesitan repetición
connection_belonging,connection_belonging.find_my_people,connection_belonging.find_my_people.build_my_community,cat_connection_belonging.find_my_people.build_my_community.v4.06,101,powerful,identity,Puedo ser parte de lo que busco,Aporto la clase de vínculo que quiero encontrar
connection_belonging,connection_belonging.friendships,connection_belonging.friendships.friendship_starts_small,cat_connection_belonging.friendships.friendship_starts_small.v4.03,110,direct,consistency,Repito pequeños contactos,La familiaridad convierte desconocidos en personas conocidas
connection_belonging,connection_belonging.friendships,connection_belonging.friendships.friendship_starts_small,cat_connection_belonging.friendships.friendship_starts_small.v4.04,111,soft,action,Me intereso de verdad,Preguntar y escuchar también construye amistad
connection_belonging,connection_belonging.friendships,connection_belonging.friendships.friendship_starts_small,cat_connection_belonging.friendships.friendship_starts_small.v4.05,112,direct,acceptance,Dejo que el vínculo madure,No apuro una cercanía que necesita tiempo
connection_belonging,connection_belonging.friendships,connection_belonging.friendships.friendship_starts_small,cat_connection_belonging.friendships.friendship_starts_small.v4.06,113,powerful,hope,Cada encuentro puede sumar,No subestimo conexiones breves pero genuinas
connection_belonging,connection_belonging.friendships,connection_belonging.friendships.take_initiative,cat_connection_belonging.friendships.take_initiative.v4.01,120,powerful,action,Tomo la iniciativa,No espero siempre que otro dé el primer paso
connection_belonging,connection_belonging.friendships,connection_belonging.friendships.take_initiative,cat_connection_belonging.friendships.take_initiative.v4.03,122,powerful,reframe,Mostrar interés no me hace necesitado,La reciprocidad empieza con alguien moviéndose
connection_belonging,connection_belonging.friendships,connection_belonging.friendships.take_initiative,cat_connection_belonging.friendships.take_initiative.v4.04,123,soft,agency,Puedo proponer sin controlar la respuesta,Mi valor no depende de que siempre acepten
connection_belonging,connection_belonging.friendships,connection_belonging.friendships.take_initiative,cat_connection_belonging.friendships.take_initiative.v4.05,124,direct,commitment,Creo oportunidades de encuentro,No dejo toda mi vida social al azar
connection_belonging,connection_belonging.friendships,connection_belonging.friendships.care_for_valuable_friendships,cat_connection_belonging.friendships.care_for_valuable_friendships.v4.01,132,powerful,commitment,Cuido las amistades que valen,La cercanía también necesita atención repetida
connection_belonging,connection_belonging.friendships,connection_belonging.friendships.care_for_valuable_friendships,cat_connection_belonging.friendships.care_for_valuable_friendships.v4.02,133,direct,action,Pregunto cómo están,El interés se vuelve real cuando se expresa
connection_belonging,connection_belonging.friendships,connection_belonging.friendships.care_for_valuable_friendships,cat_connection_belonging.friendships.care_for_valuable_friendships.v4.03,134, direct,values,Hago espacio para [mis amigos],Lo importante merece lugar en mi agenda
connection_belonging,connection_belonging.friendships,connection_belonging.friendships.care_for_valuable_friendships,cat_connection_belonging.friendships.care_for_valuable_friendships.v4.05,136,direct,recovery,Reparo cuando hace falta,Una dificultad no tiene que terminar una amistad valiosa
connection_belonging,connection_belonging.authentic_connection,connection_belonging.authentic_connection.no_need_to_act,cat_connection_belonging.authentic_connection.no_need_to_act.v4.01,145,direct,reframe,No necesito interpretar un personaje,La conexión real empieza cuando dejo de actuar
connection_belonging,connection_belonging.authentic_connection,connection_belonging.authentic_connection.no_need_to_act,cat_connection_belonging.authentic_connection.no_need_to_act.v4.02,146,powerful,identity,Hablo desde quien soy,No necesito volverme más interesante para conectar
connection_belonging,connection_belonging.authentic_connection,connection_belonging.authentic_connection.no_need_to_act,cat_connection_belonging.authentic_connection.no_need_to_act.v4.04,148,direct,acceptance,Mi autenticidad alcanza,Algunas personas conectarán y otras no
connection_belonging,connection_belonging.authentic_connection,connection_belonging.authentic_connection.no_need_to_act,cat_connection_belonging.authentic_connection.no_need_to_act.v4.05,149,powerful,boundary,No persigo aprobación universal,Busco vínculos donde pueda relajarme
connection_belonging,connection_belonging.authentic_connection,connection_belonging.authentic_connection.show_more_of_me,cat_connection_belonging.authentic_connection.show_more_of_me.v4.02,158,direct,vulnerability,Comparto lo que me importa,Dejo que alguien conozca partes reales de mí
connection_belonging,connection_belonging.authentic_connection,connection_belonging.authentic_connection.show_more_of_me,cat_connection_belonging.authentic_connection.show_more_of_me.v4.03,159,direct,boundary,No tengo que contar todo,Ser genuino no significa perder mis límites
connection_belonging,connection_belonging.authentic_connection,connection_belonging.authentic_connection.show_more_of_me,cat_connection_belonging.authentic_connection.show_more_of_me.v4.04,160,powerful,action,Digo una opinión propia,La conexión necesita algo verdadero para encontrarse
connection_belonging,connection_belonging.authentic_connection,connection_belonging.authentic_connection.show_more_of_me,cat_connection_belonging.authentic_connection.show_more_of_me.v4.06,162,powerful,identity,Mi mundo interno merece lugar,No oculto automáticamente lo que me entusiasma
connection_belonging,connection_belonging.authentic_connection,connection_belonging.authentic_connection.be_truly_known,cat_connection_belonging.authentic_connection.be_truly_known.v4.01,168,powerful,desire,Quiero vínculos donde me conozcan,No solo versiones editadas de mí
connection_belonging,connection_belonging.authentic_connection,connection_belonging.authentic_connection.be_truly_known,cat_connection_belonging.authentic_connection.be_truly_known.v4.04,171,direct,reframe,No escondo cada contradicción,Ser humano incluye tener días y versiones distintas
connection_belonging,connection_belonging.authentic_connection,connection_belonging.authentic_connection.be_truly_known,cat_connection_belonging.authentic_connection.be_truly_known.v4.05,172,powerful,discernment,Elijo personas confiables,No toda vulnerabilidad merece el mismo acceso
connection_belonging,connection_belonging.authentic_connection,connection_belonging.authentic_connection.be_truly_known,cat_connection_belonging.authentic_connection.be_truly_known.v4.extra.01,174,direct,vulnerability,Comparto también lo imperfecto,No necesito mostrar solo mi versión más ordenada
connection_belonging,connection_belonging.own_company,connection_belonging.own_company.alone_without_missing_something,cat_connection_belonging.own_company.alone_without_missing_something.v4.01,180,powerful,reframe,Estar solo no significa que falte algo,Mi vida puede estar completa sin compañía constante
connection_belonging,connection_belonging.own_company,connection_belonging.own_company.alone_without_missing_something,cat_connection_belonging.own_company.alone_without_missing_something.v4.02,181,soft,presence,Disfruto momentos conmigo,No todo espacio vacío necesita llenarse
connection_belonging,connection_belonging.own_company,connection_belonging.own_company.alone_without_missing_something,cat_connection_belonging.own_company.alone_without_missing_something.v4.03,182, direct,identity,Mi propia compañía cuenta,También puedo ser alguien agradable para mí
connection_belonging,connection_belonging.own_company,connection_belonging.own_company.alone_without_missing_something,cat_connection_belonging.own_company.alone_without_missing_something.v4.04,183,soft,perspective,La soledad elegida puede nutrirme,Me da espacio para escucharme y descansar
connection_belonging,connection_belonging.own_company,connection_belonging.own_company.make_alone_time_habitable,cat_connection_belonging.own_company.make_alone_time_habitable.v4.01,192,direct,action,Hago agradable mi tiempo a solas,Creo rutinas que me hacen bien
connection_belonging,connection_belonging.own_company,connection_belonging.own_company.make_alone_time_habitable,cat_connection_belonging.own_company.make_alone_time_habitable.v4.02,193,powerful,agency,No espero compañía para vivir,También hago planes que disfruto por mí mismo
connection_belonging,connection_belonging.own_company,connection_belonging.own_company.make_alone_time_habitable,cat_connection_belonging.own_company.make_alone_time_habitable.v4.04,195,direct,growth,Aprendo qué disfruto solo,La autonomía también se descubre practicándola
connection_belonging,connection_belonging.own_company,connection_belonging.own_company.make_alone_time_habitable,cat_connection_belonging.own_company.make_alone_time_habitable.v4.06,197,powerful,commitment,No abandono el día porque estoy solo,Mi tiempo sigue teniendo valor
connection_belonging,connection_belonging.own_company,connection_belonging.own_company.good_relationship_with_myself,cat_connection_belonging.own_company.good_relationship_with_myself.v4.01,204,soft,desire,Quiero caerme bien,Mi relación conmigo también merece atención
connection_belonging,connection_belonging.own_company,connection_belonging.own_company.good_relationship_with_myself,cat_connection_belonging.own_company.good_relationship_with_myself.v4.03,205,soft,self_compassion,Me hablo como alguien cercano,Firmeza y respeto pueden convivir
connection_belonging,connection_belonging.own_company,connection_belonging.own_company.good_relationship_with_myself,cat_connection_belonging.own_company.good_relationship_with_myself.v4.05,207,direct,commitment,Cumplo planes conmigo,Mi propia compañía merece compromisos reales
connection_belonging,connection_belonging.own_company,connection_belonging.own_company.good_relationship_with_myself,cat_connection_belonging.own_company.good_relationship_with_myself.v4.06,208,powerful,growth,Construyo confianza interna,Cada vez que me cuido refuerzo nuestra relación
expectations_boundaries_freedom,expectations_boundaries_freedom.external_expectations,expectations_boundaries_freedom.external_expectations.not_live_all_expectations,cat_expectations_boundaries_freedom.external_expectations.not_live_all_expectations.v4.01,1,powerful,identity,Mi vida también es mía,No puedo cumplir todos los planes que otros imaginan
expectations_boundaries_freedom,expectations_boundaries_freedom.external_expectations,expectations_boundaries_freedom.external_expectations.not_live_all_expectations,cat_expectations_boundaries_freedom.external_expectations.not_live_all_expectations.v4.03,3,direct,discernment,Elijo qué expectativas acepto,Mis valores participan en la decisión
expectations_boundaries_freedom,expectations_boundaries_freedom.external_expectations,expectations_boundaries_freedom.external_expectations.not_live_all_expectations,cat_expectations_boundaries_freedom.external_expectations.not_live_all_expectations.v4.05,5,powerful,boundary,No negocio toda mi vida por aprobación,El costo de agradar también cuenta
expectations_boundaries_freedom,expectations_boundaries_freedom.external_expectations,expectations_boundaries_freedom.external_expectations.tolerate_disapproval,cat_expectations_boundaries_freedom.external_expectations.tolerate_disapproval.v4.02,13,powerful,reframe,No todos tienen que entenderme,Una decisión puede ser válida sin consenso
expectations_boundaries_freedom,expectations_boundaries_freedom.external_expectations,expectations_boundaries_freedom.external_expectations.tolerate_disapproval,cat_expectations_boundaries_freedom.external_expectations.tolerate_disapproval.v4.04,15,direct,trust,Sostengo mi criterio con calma,Escucho razones sin abandonar mi voz
expectations_boundaries_freedom,expectations_boundaries_freedom.external_expectations,expectations_boundaries_freedom.external_expectations.tolerate_disapproval,cat_expectations_boundaries_freedom.external_expectations.tolerate_disapproval.v4.06,17,powerful,perspective,La incomodidad social pasa,Mi vida continúa después de un desacuerdo
expectations_boundaries_freedom,expectations_boundaries_freedom.external_expectations,expectations_boundaries_freedom.external_expectations.advice_not_command,cat_expectations_boundaries_freedom.external_expectations.advice_not_command.v4.01,24,powerful,reframe,Un consejo no es una orden,Puedo escucharlo sin entregarle mi decisión
expectations_boundaries_freedom,expectations_boundaries_freedom.external_expectations,expectations_boundaries_freedom.external_expectations.advice_not_command,cat_expectations_boundaries_freedom.external_expectations.advice_not_command.v4.03,26,direct,agency,Tomo lo útil y dejo el resto,No necesito aceptar un paquete completo
expectations_boundaries_freedom,expectations_boundaries_freedom.external_expectations,expectations_boundaries_freedom.external_expectations.advice_not_command,cat_expectations_boundaries_freedom.external_expectations.advice_not_command.v4.04,27,powerful,ownership,Mi experiencia también cuenta,Otra persona no vive las consecuencias por mí
expectations_boundaries_freedom,expectations_boundaries_freedom.external_expectations,expectations_boundaries_freedom.external_expectations.stop_negotiating_self_for_approval,cat_expectations_boundaries_freedom.external_expectations.stop_negotiating_self_for_approval.v4.01,37,powerful,boundary,No me negocio por aprobación,La aceptación comprada con autoabandono sale cara
expectations_boundaries_freedom,expectations_boundaries_freedom.external_expectations,expectations_boundaries_freedom.external_expectations.stop_negotiating_self_for_approval,cat_expectations_boundaries_freedom.external_expectations.stop_negotiating_self_for_approval.v4.02,38,powerful,identity,No cambio de forma para gustar,Prefiero vínculos compatibles con quien soy
expectations_boundaries_freedom,expectations_boundaries_freedom.external_expectations,expectations_boundaries_freedom.external_expectations.stop_negotiating_self_for_approval,cat_expectations_boundaries_freedom.external_expectations.stop_negotiating_self_for_approval.v4.05,41,direct,discernment,No doy más de lo que quiero dar,La generosidad pierde sentido cuando nace del miedo
expectations_boundaries_freedom,expectations_boundaries_freedom.self_pressure,expectations_boundaries_freedom.self_pressure.not_everything_needs_maximum,cat_expectations_boundaries_freedom.self_pressure.not_everything_needs_maximum.v4.01,48,powerful,discernment,No todo merece mi máximo,Distribuyo esfuerzo según importancia real
expectations_boundaries_freedom,expectations_boundaries_freedom.self_pressure,expectations_boundaries_freedom.self_pressure.not_everything_needs_maximum,cat_expectations_boundaries_freedom.self_pressure.not_everything_needs_maximum.v4.04,51,direct,acceptance,Mi cien por ciento cambia,La capacidad de hoy no siempre es la de ayer
expectations_boundaries_freedom,expectations_boundaries_freedom.self_pressure,expectations_boundaries_freedom.self_pressure.not_everything_needs_maximum,cat_expectations_boundaries_freedom.self_pressure.not_everything_needs_maximum.v4.05,52,powerful,reframe,No optimizo toda mi vida,También dejo espacio para facilidad y disfrute
expectations_boundaries_freedom,expectations_boundaries_freedom.self_pressure,expectations_boundaries_freedom.self_pressure.not_everything_needs_maximum,cat_expectations_boundaries_freedom.self_pressure.not_everything_needs_maximum.v4.06,53,direct,agency,Elijo dónde ser exigente,La intención vale más que la presión automática
expectations_boundaries_freedom,expectations_boundaries_freedom.self_pressure,expectations_boundaries_freedom.self_pressure.allow_enough,cat_expectations_boundaries_freedom.self_pressure.allow_enough.v4.02,61,powerful,reframe,Suficiente también es una meta,No todo necesita convertirse en extraordinario
expectations_boundaries_freedom,expectations_boundaries_freedom.self_pressure,expectations_boundaries_freedom.self_pressure.allow_enough,cat_expectations_boundaries_freedom.self_pressure.allow_enough.v4.03,62, direct,boundary,Me detengo a tiempo,Cierro antes de que la exigencia consuma todo
expectations_boundaries_freedom,expectations_boundaries_freedom.self_pressure,expectations_boundaries_freedom.self_pressure.allow_enough,cat_expectations_boundaries_freedom.self_pressure.allow_enough.v4.04,63,soft,permission,Puedo estar satisfecho,No necesito encontrar un defecto después de cada logro
expectations_boundaries_freedom,expectations_boundaries_freedom.self_pressure,expectations_boundaries_freedom.self_pressure.allow_enough,cat_expectations_boundaries_freedom.self_pressure.allow_enough.v4.05,64,powerful,commitment,Dejo de mover la meta,Reconozco el punto que antes dije que alcanzaba
expectations_boundaries_freedom,expectations_boundaries_freedom.self_pressure,expectations_boundaries_freedom.self_pressure.ambition_without_harm,cat_expectations_boundaries_freedom.self_pressure.ambition_without_harm.v4.02,73,direct,values,Construyo éxito sostenible,No cambio salud por velocidad innecesaria
expectations_boundaries_freedom,expectations_boundaries_freedom.self_pressure,expectations_boundaries_freedom.self_pressure.ambition_without_harm,cat_expectations_boundaries_freedom.self_pressure.ambition_without_harm.v4.04,75,powerful,discernment,No uso dolor como prueba de compromiso,El progreso puede sentirse exigente sin ser destructivo
expectations_boundaries_freedom,expectations_boundaries_freedom.self_pressure,expectations_boundaries_freedom.self_pressure.ambition_without_harm,cat_expectations_boundaries_freedom.self_pressure.ambition_without_harm.v4.05,76,direct,perspective,Mi futuro también necesita energía,No gasto hoy todo lo que voy a necesitar mañana
expectations_boundaries_freedom,expectations_boundaries_freedom.self_pressure,expectations_boundaries_freedom.self_pressure.ambition_without_harm,cat_expectations_boundaries_freedom.self_pressure.ambition_without_harm.v4.06,77,powerful,commitment,Elijo una ambición que pueda sostener,Quiero llegar sin perderme en el camino
expectations_boundaries_freedom,expectations_boundaries_freedom.perfectionism,expectations_boundaries_freedom.perfectionism.done_better_than_perfect,cat_expectations_boundaries_freedom.perfectionism.done_better_than_perfect.v4.01,84,direct,action,Terminado vence a perfecto,Algo real puede mejorar después
expectations_boundaries_freedom,expectations_boundaries_freedom.perfectionism,expectations_boundaries_freedom.perfectionism.done_better_than_perfect,cat_expectations_boundaries_freedom.perfectionism.done_better_than_perfect.v4.02,85,powerful,discernment,Entrego antes de agotarlo,La perfección no siempre agrega valor
expectations_boundaries_freedom,expectations_boundaries_freedom.perfectionism,expectations_boundaries_freedom.perfectionism.done_better_than_perfect,cat_expectations_boundaries_freedom.perfectionism.done_better_than_perfect.v4.04,86,powerful,growth,Aprendo con algo terminado,La realidad da feedback que pensar no da
expectations_boundaries_freedom,expectations_boundaries_freedom.perfectionism,expectations_boundaries_freedom.perfectionism.done_better_than_perfect,cat_expectations_boundaries_freedom.perfectionism.done_better_than_perfect.v4.06,88,direct,boundary,Cierro cuando cumple su función,No sigo puliendo por miedo a ser juzgado
expectations_boundaries_freedom,expectations_boundaries_freedom.perfectionism,expectations_boundaries_freedom.perfectionism.tolerate_flaws,cat_expectations_boundaries_freedom.perfectionism.tolerate_flaws.v4.01,96,powerful,reframe,Los defectos caben en algo bueno,Imperfección no significa fracaso
expectations_boundaries_freedom,expectations_boundaries_freedom.perfectionism,expectations_boundaries_freedom.perfectionism.tolerate_flaws,cat_expectations_boundaries_freedom.perfectionism.tolerate_flaws.v4.03,98,direct,acceptance,Dejo pequeños errores existir,No todo necesita reparación inmediata
expectations_boundaries_freedom,expectations_boundaries_freedom.perfectionism,expectations_boundaries_freedom.perfectionism.tolerate_flaws,cat_expectations_boundaries_freedom.perfectionism.tolerate_flaws.v4.04,99,powerful,perspective,Lo humano incluye fallas,No me exijo una excepción a esa regla
expectations_boundaries_freedom,expectations_boundaries_freedom.perfectionism,expectations_boundaries_freedom.perfectionism.tolerate_flaws,cat_expectations_boundaries_freedom.perfectionism.tolerate_flaws.v4.05,100,direct,awareness,No amplifico cada detalle,Miro el conjunto antes de juzgar
expectations_boundaries_freedom,expectations_boundaries_freedom.perfectionism,expectations_boundaries_freedom.perfectionism.stop_needing_impeccable,cat_expectations_boundaries_freedom.perfectionism.stop_needing_impeccable.v4.01,108,powerful,reframe,No necesito ser impecable,Ser confiable no exige ausencia total de errores
expectations_boundaries_freedom,expectations_boundaries_freedom.perfectionism,expectations_boundaries_freedom.perfectionism.stop_needing_impeccable,cat_expectations_boundaries_freedom.perfectionism.stop_needing_impeccable.v4.02,109,soft,permission,Me permito margen de error,La excelencia también necesita flexibilidad
expectations_boundaries_freedom,expectations_boundaries_freedom.perfectionism,expectations_boundaries_freedom.perfectionism.stop_needing_impeccable,cat_expectations_boundaries_freedom.perfectionism.stop_needing_impeccable.v4.03,110,powerful,self_worth,No vivo bajo evaluación permanente,Mi valor no se decide en cada acción
expectations_boundaries_freedom,expectations_boundaries_freedom.perfectionism,expectations_boundaries_freedom.perfectionism.stop_needing_impeccable,cat_expectations_boundaries_freedom.perfectionism.stop_needing_impeccable.v4.04,111,direct,action,Corrijo sin dramatizar,Un error puede quedarse en su tamaño real
expectations_boundaries_freedom,expectations_boundaries_freedom.boundaries,expectations_boundaries_freedom.boundaries.saying_no_can_protect_me,cat_expectations_boundaries_freedom.boundaries.saying_no_can_protect_me.v4.01,121,direct,boundary,Decir no también me cuida,Un límite evita compromisos que después pesan
expectations_boundaries_freedom,expectations_boundaries_freedom.boundaries,expectations_boundaries_freedom.boundaries.saying_no_can_protect_me,cat_expectations_boundaries_freedom.boundaries.saying_no_can_protect_me.v4.02,122,powerful,reframe,No necesito aceptar todo,Ser buena persona no exige disponibilidad infinita
expectations_boundaries_freedom,expectations_boundaries_freedom.boundaries,expectations_boundaries_freedom.boundaries.saying_no_can_protect_me,cat_expectations_boundaries_freedom.boundaries.saying_no_can_protect_me.v4.03,123,direct,agency,Protejo mi tiempo,Un no claro deja espacio para mis prioridades
expectations_boundaries_freedom,expectations_boundaries_freedom.boundaries,expectations_boundaries_freedom.boundaries.saying_no_can_protect_me,cat_expectations_boundaries_freedom.boundaries.saying_no_can_protect_me.v4.06,126,direct,action,Digo no antes del resentimiento,La honestidad temprana protege más que ceder
expectations_boundaries_freedom,expectations_boundaries_freedom.boundaries,expectations_boundaries_freedom.boundaries.tolerate_boundary_discomfort,cat_expectations_boundaries_freedom.boundaries.tolerate_boundary_discomfort.v4.01,132,powerful,reframe,Un límite puede incomodar,La incomodidad no demuestra que sea incorrecto
expectations_boundaries_freedom,expectations_boundaries_freedom.boundaries,expectations_boundaries_freedom.boundaries.tolerate_boundary_discomfort,cat_expectations_boundaries_freedom.boundaries.tolerate_boundary_discomfort.v4.04,135,direct,commitment,Repito mi límite con calma,No tengo que inventar una explicación nueva
expectations_boundaries_freedom,expectations_boundaries_freedom.boundaries,expectations_boundaries_freedom.boundaries.tolerate_boundary_discomfort,cat_expectations_boundaries_freedom.boundaries.tolerate_boundary_discomfort.v4.05,136,powerful,agency,No controlo la reacción ajena,Sí puedo elegir respeto y firmeza
expectations_boundaries_freedom,expectations_boundaries_freedom.boundaries,expectations_boundaries_freedom.boundaries.tolerate_boundary_discomfort,cat_expectations_boundaries_freedom.boundaries.tolerate_boundary_discomfort.v4.06,137,direct,growth,Practico soportar el momento incómodo,Cada vez necesito menos traicionarme para aliviarlo
expectations_boundaries_freedom,expectations_boundaries_freedom.boundaries,expectations_boundaries_freedom.boundaries.choose_myself_when_others_unhappy,cat_expectations_boundaries_freedom.boundaries.choose_myself_when_others_unhappy.v4.01,144,powerful,boundary,Puedo elegirme aunque moleste,La reacción ajena no vuelve ilegítima mi necesidad
expectations_boundaries_freedom,expectations_boundaries_freedom.boundaries,expectations_boundaries_freedom.boundaries.choose_myself_when_others_unhappy,cat_expectations_boundaries_freedom.boundaries.choose_myself_when_others_unhappy.v4.02,145,direct,agency,No arreglo cada enojo,Dejo que otros procesen sus propias emociones
expectations_boundaries_freedom,expectations_boundaries_freedom.boundaries,expectations_boundaries_freedom.boundaries.choose_myself_when_others_unhappy,cat_expectations_boundaries_freedom.boundaries.choose_myself_when_others_unhappy.v4.05,148,powerful,commitment,Elijo sin abandonarme,No cambio mis necesidades solo para recuperar armonía
expectations_boundaries_freedom,expectations_boundaries_freedom.boundaries,expectations_boundaries_freedom.boundaries.choose_myself_when_others_unhappy,cat_expectations_boundaries_freedom.boundaries.choose_myself_when_others_unhappy.v4.06,149,direct,perspective,Las relaciones sanas toleran límites,No necesito vínculos que dependan de mi obediencia
expectations_boundaries_freedom,expectations_boundaries_freedom.life_timeline,expectations_boundaries_freedom.life_timeline.no_universal_calendar,cat_expectations_boundaries_freedom.life_timeline.no_universal_calendar.v4.01,156,powerful,reframe,No existe un calendario universal,Cada vida combina tiempos y circunstancias distintas
expectations_boundaries_freedom,expectations_boundaries_freedom.life_timeline,expectations_boundaries_freedom.life_timeline.no_universal_calendar,cat_expectations_boundaries_freedom.life_timeline.no_universal_calendar.v4.04,159,powerful,agency,No corro una carrera imaginaria,Construyo según mis prioridades reales
expectations_boundaries_freedom,expectations_boundaries_freedom.life_timeline,expectations_boundaries_freedom.life_timeline.no_universal_calendar,cat_expectations_boundaries_freedom.life_timeline.no_universal_calendar.v4.05,160, direct,identity,Mi historia tiene otro orden,No necesito copiar la secuencia de nadie
expectations_boundaries_freedom,expectations_boundaries_freedom.life_timeline,expectations_boundaries_freedom.life_timeline.no_universal_calendar,cat_expectations_boundaries_freedom.life_timeline.no_universal_calendar.v4.06,161,direct,discernment,Mido progreso por dirección,No solamente por edad o hitos externos
expectations_boundaries_freedom,expectations_boundaries_freedom.life_timeline,expectations_boundaries_freedom.life_timeline.release_should_ages,cat_expectations_boundaries_freedom.life_timeline.release_should_ages.v4.01,168,powerful,reframe,Suelto los “ya debería”,Una edad no convierte un deseo en obligación
expectations_boundaries_freedom,expectations_boundaries_freedom.life_timeline,expectations_boundaries_freedom.life_timeline.release_should_ages,cat_expectations_boundaries_freedom.life_timeline.release_should_ages.v4.03,170,direct,self_compassion,No uso números para castigarme,Miro mi contexto completo
expectations_boundaries_freedom,expectations_boundaries_freedom.life_timeline,expectations_boundaries_freedom.life_timeline.release_should_ages,cat_expectations_boundaries_freedom.life_timeline.release_should_ages.v4.04,171,direct,values,Elijo metas que todavía quiero,No persigo hitos solo porque “tocan”
expectations_boundaries_freedom,expectations_boundaries_freedom.life_timeline,expectations_boundaries_freedom.life_timeline.release_should_ages,cat_expectations_boundaries_freedom.life_timeline.release_should_ages.v4.05,172,powerful,agency,Puedo redefinir lo esperado,Mi vida no tiene que respetar una cronología prestada
expectations_boundaries_freedom,expectations_boundaries_freedom.life_timeline,expectations_boundaries_freedom.life_timeline.build_my_own_time,cat_expectations_boundaries_freedom.life_timeline.build_my_own_time.v4.01,180,powerful,design,Construyo mi propio ritmo,Organizo mi vida según lo que importa ahora
expectations_boundaries_freedom,expectations_boundaries_freedom.life_timeline,expectations_boundaries_freedom.life_timeline.build_my_own_time,cat_expectations_boundaries_freedom.life_timeline.build_my_own_time.v4.02,181,direct,agency,Decido cuándo es mi momento,No delego el calendario de mis decisiones
expectations_boundaries_freedom,expectations_boundaries_freedom.life_timeline,expectations_boundaries_freedom.life_timeline.build_my_own_time,cat_expectations_boundaries_freedom.life_timeline.build_my_own_time.v4.03,182,soft,reframe,Mi tiempo tiene contexto,Puedo avanzar diferente sin avanzar peor
expectations_boundaries_freedom,expectations_boundaries_freedom.life_timeline,expectations_boundaries_freedom.life_timeline.build_my_own_time,cat_expectations_boundaries_freedom.life_timeline.build_my_own_time.v4.06,185,powerful,identity,Mi vida no llega tarde,Se está construyendo en su propia secuencia
gratitude_hope_possibility,gratitude_hope_possibility.gratitude,gratitude_hope_possibility.gratitude.notice_what_is_here,cat_gratitude_hope_possibility.gratitude.notice_what_is_here.v4.02,3,powerful,perspective,Mi vida ya contiene valor,No necesito esperar un gran cambio para reconocerlo
gratitude_hope_possibility,gratitude_hope_possibility.gratitude,gratitude_hope_possibility.gratitude.notice_what_is_here,cat_gratitude_hope_possibility.gratitude.notice_what_is_here.v4.03,4,soft,appreciation,Agradezco lo cotidiano,Lo habitual también sostiene mi vida
gratitude_hope_possibility,gratitude_hope_possibility.gratitude,gratitude_hope_possibility.gratitude.notice_what_is_here,cat_gratitude_hope_possibility.gratitude.notice_what_is_here.v4.04,5,direct,awareness,Entreno una atención más amplia,Puedo notar dificultad y también lo que funciona
gratitude_hope_possibility,gratitude_hope_possibility.gratitude,gratitude_hope_possibility.gratitude.value_in_simple_things,cat_gratitude_hope_possibility.gratitude.value_in_simple_things.v4.02,14,soft,presence,Disfruto cosas pequeñas,"Una comida, una charla o el sol ya cuentan"
gratitude_hope_possibility,gratitude_hope_possibility.gratitude,gratitude_hope_possibility.gratitude.value_in_simple_things,cat_gratitude_hope_possibility.gratitude.value_in_simple_things.v4.03,15,direct,action,No paso de largo lo bueno,Le doy tiempo suficiente para sentirlo
gratitude_hope_possibility,gratitude_hope_possibility.gratitude,gratitude_hope_possibility.gratitude.value_in_simple_things,cat_gratitude_hope_possibility.gratitude.value_in_simple_things.v4.04,16,powerful,perspective,La vida ocurre en detalles,Aprendo a encontrarlos antes de que pasen
gratitude_hope_possibility,gratitude_hope_possibility.gratitude,gratitude_hope_possibility.gratitude.receive_the_good,cat_gratitude_hope_possibility.gratitude.receive_the_good.v4.02,26,soft,presence,Dejo que una alegría me alcance,No busco inmediatamente qué podría salir mal
gratitude_hope_possibility,gratitude_hope_possibility.gratitude,gratitude_hope_possibility.gratitude.receive_the_good,cat_gratitude_hope_possibility.gratitude.receive_the_good.v4.03,27,powerful,reframe,Puedo aceptar algo bueno,No todo regalo viene con una deuda
gratitude_hope_possibility,gratitude_hope_possibility.gratitude,gratitude_hope_possibility.gratitude.receive_the_good,cat_gratitude_hope_possibility.gratitude.receive_the_good.v4.04,28,direct,appreciation,Me quedo un momento con lo agradable,También merece ocupar espacio en mi atención
gratitude_hope_possibility,gratitude_hope_possibility.gratitude,gratitude_hope_possibility.gratitude.grateful_way_of_seeing,cat_gratitude_hope_possibility.gratitude.grateful_way_of_seeing.v4.01,39,powerful,perspective,La gratitud cambia mi mirada,Me ayuda a ver más que problemas y pendientes
gratitude_hope_possibility,gratitude_hope_possibility.gratitude,gratitude_hope_possibility.gratitude.grateful_way_of_seeing,cat_gratitude_hope_possibility.gratitude.grateful_way_of_seeing.v4.02,40,direct,awareness,Busco algo que sí valoro,"No para negar lo difícil, sino para ampliar la escena"
gratitude_hope_possibility,gratitude_hope_possibility.gratitude,gratitude_hope_possibility.gratitude.grateful_way_of_seeing,cat_gratitude_hope_possibility.gratitude.grateful_way_of_seeing.v4.04,42,soft,reframe,Mi atención también puede apreciar,No está obligada a buscar solo amenazas
gratitude_hope_possibility,gratitude_hope_possibility.hope,gratitude_hope_possibility.hope.this_is_a_chapter,cat_gratitude_hope_possibility.hope.this_is_a_chapter.v4.01,48,powerful,reframe,Esto es un capítulo,No necesito confundirlo con toda mi historia
gratitude_hope_possibility,gratitude_hope_possibility.hope,gratitude_hope_possibility.hope.this_is_a_chapter,cat_gratitude_hope_possibility.hope.this_is_a_chapter.v4.02,49,soft,hope,Mi vida sigue escribiéndose,Todavía hay partes que no conozco
gratitude_hope_possibility,gratitude_hope_possibility.hope,gratitude_hope_possibility.hope.this_is_a_chapter,cat_gratitude_hope_possibility.hope.this_is_a_chapter.v4.03,50,direct,perspective,Esta etapa tiene límites,Aunque desde adentro parezca interminable
gratitude_hope_possibility,gratitude_hope_possibility.hope,gratitude_hope_possibility.hope.this_is_a_chapter,cat_gratitude_hope_possibility.hope.this_is_a_chapter.v4.04,51,powerful,uncertainty_tolerance,No saco conclusiones eternas de un momento,Las circunstancias cambian y yo también
gratitude_hope_possibility,gratitude_hope_possibility.hope,gratitude_hope_possibility.hope.remember_change,cat_gratitude_hope_possibility.hope.remember_change.v4.01,60,soft,evidence,Recuerdo que las cosas cambian,Nada de lo que sentí fue idéntico para siempre
gratitude_hope_possibility,gratitude_hope_possibility.hope,gratitude_hope_possibility.hope.remember_change,cat_gratitude_hope_possibility.hope.remember_change.v4.02,61,powerful,evidence,Ya viví transiciones antes,Mi historia demuestra que no todo queda igual
gratitude_hope_possibility,gratitude_hope_possibility.hope,gratitude_hope_possibility.hope.remember_change,cat_gratitude_hope_possibility.hope.remember_change.v4.03,62,direct,possibility,El presente no controla todo el futuro,Hay variables que todavía no aparecieron
gratitude_hope_possibility,gratitude_hope_possibility.hope,gratitude_hope_possibility.hope.remember_change,cat_gratitude_hope_possibility.hope.remember_change.v4.04,63,soft,hope,Puedo esperar movimiento,La vida ha cambiado muchas veces sin que pudiera preverlo
gratitude_hope_possibility,gratitude_hope_possibility.hope,gratitude_hope_possibility.hope.realistic_hope,cat_gratitude_hope_possibility.hope.realistic_hope.v4.01,72,powerful,balance,Tengo esperanza sin negar la realidad,Puedo ver dificultad y posibilidad al mismo tiempo
gratitude_hope_possibility,gratitude_hope_possibility.hope,gratitude_hope_possibility.hope.realistic_hope,cat_gratitude_hope_possibility.hope.realistic_hope.v4.02,73,direct,evidence,Busco razones concretas para esperar,La esperanza también puede apoyarse en evidencia
gratitude_hope_possibility,gratitude_hope_possibility.hope,gratitude_hope_possibility.hope.realistic_hope,cat_gratitude_hope_possibility.hope.realistic_hope.v4.03,74,soft,uncertainty_tolerance,No necesito certeza para tener esperanza,Solo espacio suficiente para que algo cambie
gratitude_hope_possibility,gratitude_hope_possibility.hope,gratitude_hope_possibility.hope.realistic_hope,cat_gratitude_hope_possibility.hope.realistic_hope.v4.04,75,direct,agency,Hago mi parte y dejo margen,Acción y esperanza pueden trabajar juntas
gratitude_hope_possibility,gratitude_hope_possibility.possibilities,gratitude_hope_possibility.possibilities.unknown_good,cat_gratitude_hope_possibility.possibilities.unknown_good.v4.01,85,powerful,possibility,Hay cosas buenas que aún no conozco,El futuro contiene experiencias fuera de mi imaginación
gratitude_hope_possibility,gratitude_hope_possibility.possibilities,gratitude_hope_possibility.possibilities.unknown_good,cat_gratitude_hope_possibility.possibilities.unknown_good.v4.02,86,soft,reframe,No puedo prever todo lo bueno,Mi mente no tiene un catálogo completo del futuro
gratitude_hope_possibility,gratitude_hope_possibility.possibilities,gratitude_hope_possibility.possibilities.unknown_good,cat_gratitude_hope_possibility.possibilities.unknown_good.v4.03,87,soft,openness,Dejo una puerta abierta,No necesito saber qué viene para permitir sorpresa
gratitude_hope_possibility,gratitude_hope_possibility.possibilities,gratitude_hope_possibility.possibilities.unknown_good,cat_gratitude_hope_possibility.possibilities.unknown_good.v4.04,88,powerful,evidence,Mi historia puede sorprenderme,Ya ocurrieron cosas valiosas que antes no veía venir
gratitude_hope_possibility,gratitude_hope_possibility.possibilities,gratitude_hope_possibility.possibilities.recognize_opportunities,cat_gratitude_hope_possibility.possibilities.recognize_opportunities.v4.01,98,direct,awareness,Reconozco oportunidades cuando aparecen,Presto atención a puertas pequeñas y concretas
gratitude_hope_possibility,gratitude_hope_possibility.possibilities,gratitude_hope_possibility.possibilities.recognize_opportunities,cat_gratitude_hope_possibility.possibilities.recognize_opportunities.v4.02,99,powerful,action,Me muevo hacia lo que encaja,Una oportunidad necesita acción para volverse camino
gratitude_hope_possibility,gratitude_hope_possibility.possibilities,gratitude_hope_possibility.possibilities.recognize_opportunities,cat_gratitude_hope_possibility.possibilities.recognize_opportunities.v4.03,100,soft,openness,No descarto demasiado rápido,Algo pequeño puede abrir posibilidades mayores
gratitude_hope_possibility,gratitude_hope_possibility.possibilities,gratitude_hope_possibility.possibilities.recognize_opportunities,cat_gratitude_hope_possibility.possibilities.recognize_opportunities.v4.04,101,direct,trust,Confío en mi capacidad de aprovechar,No necesito saber de antemano adónde lleva todo
gratitude_hope_possibility,gratitude_hope_possibility.possibilities,gratitude_hope_possibility.possibilities.expand_what_feels_possible,cat_gratitude_hope_possibility.possibilities.expand_what_feels_possible.v4.01,108,powerful,reframe,Amplío lo que considero posible,Mi experiencia pasada no define el techo del futuro
gratitude_hope_possibility,gratitude_hope_possibility.possibilities,gratitude_hope_possibility.possibilities.expand_what_feels_possible,cat_gratitude_hope_possibility.possibilities.expand_what_feels_possible.v4.03,110,direct,perspective,Busco ejemplos que expandan mi mapa,Lo que otros lograron puede mostrar nuevas rutas
gratitude_hope_possibility,gratitude_hope_possibility.possibilities,gratitude_hope_possibility.possibilities.expand_what_feels_possible,cat_gratitude_hope_possibility.possibilities.expand_what_feels_possible.v4.04,111,powerful,agency,No decido mi límite demasiado pronto,Primero exploro qué puedo construir
gratitude_hope_possibility,gratitude_hope_possibility.possibilities,gratitude_hope_possibility.possibilities.expand_what_feels_possible,cat_gratitude_hope_possibility.possibilities.expand_what_feels_possible.004,112,direct,perspective,Existen caminos que todavía no considero,Explorar amplía las opciones que puedo incluir en mis planes
love_desire_romantic_relationships,love_desire_romantic_relationships.receive_love,love_desire_romantic_relationships.receive_love.allow_affection,cat_love_desire_romantic_relationships.receive_love.allow_affection.v4.01,0,soft,receiving,Dejo entrar el cariño,No necesito discutir cada gesto bueno
love_desire_romantic_relationships,love_desire_romantic_relationships.receive_love,love_desire_romantic_relationships.receive_love.allow_affection,cat_love_desire_romantic_relationships.receive_love.allow_affection.v4.02,1,direct,reframe,Recibo sin deber inmediatamente,El afecto no siempre crea una deuda
love_desire_romantic_relationships,love_desire_romantic_relationships.receive_love,love_desire_romantic_relationships.receive_love.allow_affection,cat_love_desire_romantic_relationships.receive_love.allow_affection.v4.03,2,soft,permission,Puedo disfrutar que me cuiden,No tengo que ser siempre quien sostiene
love_desire_romantic_relationships,love_desire_romantic_relationships.receive_love,love_desire_romantic_relationships.receive_love.allow_affection,cat_love_desire_romantic_relationships.receive_love.allow_affection.v4.04,3,powerful,trust,El cariño puede sentirse seguro,Aprendo a reconocer gestos consistentes
love_desire_romantic_relationships,love_desire_romantic_relationships.receive_love,love_desire_romantic_relationships.receive_love.not_earn_love,cat_love_desire_romantic_relationships.receive_love.not_earn_love.v4.01,13,powerful,self_worth,No tengo que ganarme el amor,Mi valor no depende de rendimiento afectivo
love_desire_romantic_relationships,love_desire_romantic_relationships.receive_love,love_desire_romantic_relationships.receive_love.not_earn_love,cat_love_desire_romantic_relationships.receive_love.not_earn_love.v4.02,14,direct,reframe,No trabajo para merecer cariño,Una relación no debería sentirse como examen
love_desire_romantic_relationships,love_desire_romantic_relationships.receive_love,love_desire_romantic_relationships.receive_love.not_earn_love,cat_love_desire_romantic_relationships.receive_love.not_earn_love.v4.03,15,soft,acceptance,Puedo ser querido también cansado,No necesito ofrecer mi mejor versión siempre
love_desire_romantic_relationships,love_desire_romantic_relationships.receive_love,love_desire_romantic_relationships.receive_love.not_earn_love,cat_love_desire_romantic_relationships.receive_love.not_earn_love.v4.04,16,powerful,perspective,El amor sano no exige perfección,Deja espacio para humanidad y límites
love_desire_romantic_relationships,love_desire_romantic_relationships.receive_love,love_desire_romantic_relationships.receive_love.safe_love,cat_love_desire_romantic_relationships.receive_love.safe_love.v4.01,25,soft,reframe,El amor puede sentirse tranquilo,La intensidad no es la única señal de conexión
love_desire_romantic_relationships,love_desire_romantic_relationships.receive_love,love_desire_romantic_relationships.receive_love.safe_love,cat_love_desire_romantic_relationships.receive_love.safe_love.v4.02,26,powerful,perspective,La seguridad también es atractiva,Confianza y deseo pueden convivir
love_desire_romantic_relationships,love_desire_romantic_relationships.receive_love,love_desire_romantic_relationships.receive_love.safe_love,cat_love_desire_romantic_relationships.receive_love.safe_love.v4.03,27,direct,reframe,No necesito incertidumbre para sentir química,La calma no vuelve aburrido un vínculo
love_desire_romantic_relationships,love_desire_romantic_relationships.receive_love,love_desire_romantic_relationships.receive_love.safe_love,cat_love_desire_romantic_relationships.receive_love.safe_love.v4.04,28,soft,discernment,Elijo amor donde puedo respirar,Mi cuerpo también reconoce cuándo hay seguridad
love_desire_romantic_relationships,love_desire_romantic_relationships.desire_attraction,love_desire_romantic_relationships.desire_attraction.feel_attractive_today,cat_love_desire_romantic_relationships.desire_attraction.feel_attractive_today.v4.01,36,powerful,identity,Puedo sentirme atractivo hoy,No necesito esperar una versión perfecta de mí
love_desire_romantic_relationships,love_desire_romantic_relationships.desire_attraction,love_desire_romantic_relationships.desire_attraction.feel_attractive_today,cat_love_desire_romantic_relationships.desire_attraction.feel_attractive_today.v4.02,37,soft,embodiment,Habito mi atractivo,Lo siento desde adentro antes de buscar confirmación
love_desire_romantic_relationships,love_desire_romantic_relationships.desire_attraction,love_desire_romantic_relationships.desire_attraction.feel_attractive_today,cat_love_desire_romantic_relationships.desire_attraction.feel_attractive_today.v4.03,38,direct,action,Me visto para gustarme,Mi mirada también participa en cómo me siento
love_desire_romantic_relationships,love_desire_romantic_relationships.desire_attraction,love_desire_romantic_relationships.desire_attraction.feel_attractive_today,cat_love_desire_romantic_relationships.desire_attraction.feel_attractive_today.v4.04,39,powerful,reframe,Mi atractivo no es un examen,No depende de cumplir cada estándar
love_desire_romantic_relationships,love_desire_romantic_relationships.desire_attraction,love_desire_romantic_relationships.desire_attraction.desirable_without_everyone,cat_love_desire_romantic_relationships.desire_attraction.desirable_without_everyone.v4.02,48,direct,perspective,Ser rechazado por alguien no me vuelve indeseable,Una opinión no representa a todas
love_desire_romantic_relationships,love_desire_romantic_relationships.desire_attraction,love_desire_romantic_relationships.desire_attraction.desirable_without_everyone,cat_love_desire_romantic_relationships.desire_attraction.desirable_without_everyone.v4.03,49,powerful,boundary,Mi atractivo no necesita unanimidad,"Busco reciprocidad, no aprobación universal"
love_desire_romantic_relationships,love_desire_romantic_relationships.desire_attraction,love_desire_romantic_relationships.desire_attraction.desirable_without_everyone,cat_love_desire_romantic_relationships.desire_attraction.desirable_without_everyone.v4.extra.02,51,direct,reframe,No soy un gusto universal,"La atracción depende de preferencias, no de un veredicto sobre mí"
love_desire_romantic_relationships,love_desire_romantic_relationships.desire_attraction,love_desire_romantic_relationships.desire_attraction.desirable_without_everyone,cat_love_desire_romantic_relationships.desire_attraction.desirable_without_everyone.007,59,direct,reframe,No me rediseño para gustar,Mi atractivo no nace de perseguir aprobación masiva
love_desire_romantic_relationships,love_desire_romantic_relationships.desire_attraction,love_desire_romantic_relationships.desire_attraction.inhabit_desire_safely,cat_love_desire_romantic_relationships.desire_attraction.inhabit_desire_safely.personal.720de3f2,60,powerful,identity,Vivo mi sexualidad con libertad,"Disfruto de mi deseo con confianza, respeto y autenticidad"
love_desire_romantic_relationships,love_desire_romantic_relationships.desire_attraction,love_desire_romantic_relationships.desire_attraction.inhabit_desire_safely,cat_love_desire_romantic_relationships.desire_attraction.inhabit_desire_safely.v4.01,61,soft,balance,Puedo sentir deseo con seguridad,No necesito perder mis límites para vivirlo
love_desire_romantic_relationships,love_desire_romantic_relationships.desire_attraction,love_desire_romantic_relationships.desire_attraction.inhabit_desire_safely,cat_love_desire_romantic_relationships.desire_attraction.inhabit_desire_safely.v4.03,63,powerful,values,Mi deseo merece respeto,Consentimiento y cuidado no le quitan intensidad
love_desire_romantic_relationships,love_desire_romantic_relationships.desire_attraction,love_desire_romantic_relationships.desire_attraction.inhabit_desire_safely,cat_love_desire_romantic_relationships.desire_attraction.inhabit_desire_safely.v4.04,64,soft,permission,Me permito explorar a mi ritmo,No tengo que demostrar nada
love_desire_romantic_relationships,love_desire_romantic_relationships.secure_relationship,love_desire_romantic_relationships.secure_relationship.love_and_calm_can_coexist,cat_love_desire_romantic_relationships.secure_relationship.love_and_calm_can_coexist.v4.01,72,powerful,reframe,Amor y calma pueden coexistir,No necesito drama para sentir profundidad
love_desire_romantic_relationships,love_desire_romantic_relationships.secure_relationship,love_desire_romantic_relationships.secure_relationship.love_and_calm_can_coexist,cat_love_desire_romantic_relationships.secure_relationship.love_and_calm_can_coexist.v4.02,73,direct,perspective,La estabilidad no mata el deseo,La seguridad puede darle espacio para crecer
love_desire_romantic_relationships,love_desire_romantic_relationships.secure_relationship,love_desire_romantic_relationships.secure_relationship.love_and_calm_can_coexist,cat_love_desire_romantic_relationships.secure_relationship.love_and_calm_can_coexist.v4.04,75,powerful,discernment,"Elijo vínculos que regulan, no desordenan",Mi cuerpo merece sentirse seguro
love_desire_romantic_relationships,love_desire_romantic_relationships.secure_relationship,love_desire_romantic_relationships.secure_relationship.love_and_calm_can_coexist,cat_love_desire_romantic_relationships.secure_relationship.love_and_calm_can_coexist.v4.extra.02,77,powerful,identity,No necesito drama para sentir,La conexión puede ser intensa sin volverme inestable
love_desire_romantic_relationships,love_desire_romantic_relationships.secure_relationship,love_desire_romantic_relationships.secure_relationship.express_what_i_need,cat_love_desire_romantic_relationships.secure_relationship.express_what_i_need.v4.01,84,direct,communication,Digo lo que necesito,No espero que alguien adivine todo
love_desire_romantic_relationships,love_desire_romantic_relationships.secure_relationship,love_desire_romantic_relationships.secure_relationship.express_what_i_need,cat_love_desire_romantic_relationships.secure_relationship.express_what_i_need.v4.02,85,powerful,reframe,Mis necesidades pueden tener voz,Expresarlas no me vuelve difícil
love_desire_romantic_relationships,love_desire_romantic_relationships.secure_relationship,love_desire_romantic_relationships.secure_relationship.express_what_i_need,cat_love_desire_romantic_relationships.secure_relationship.express_what_i_need.v4.03,86,soft,balance,Pido con claridad sin exigir control,La otra persona también puede responder honestamente
love_desire_romantic_relationships,love_desire_romantic_relationships.secure_relationship,love_desire_romantic_relationships.secure_relationship.express_what_i_need,cat_love_desire_romantic_relationships.secure_relationship.express_what_i_need.v4.04,87,direct,action,No acumulo hasta explotar,Hablo antes de convertir necesidad en resentimiento
love_desire_romantic_relationships,love_desire_romantic_relationships.secure_relationship,love_desire_romantic_relationships.secure_relationship.choose_relationships_where_i_can_be_me,cat_love_desire_romantic_relationships.secure_relationship.choose_relationships_where_i_can_be_me.v4.01,96,powerful,values,Elijo relaciones donde puedo ser yo,No quiero amor que dependa de actuar
love_desire_romantic_relationships,love_desire_romantic_relationships.secure_relationship,love_desire_romantic_relationships.secure_relationship.choose_relationships_where_i_can_be_me,cat_love_desire_romantic_relationships.secure_relationship.choose_relationships_where_i_can_be_me.v4.02,97,direct,boundary,Sigo siendo yo dentro del vínculo,No dejo mi identidad afuera para sostener una relación
love_desire_romantic_relationships,love_desire_romantic_relationships.secure_relationship,love_desire_romantic_relationships.secure_relationship.choose_relationships_where_i_can_be_me,cat_love_desire_romantic_relationships.secure_relationship.choose_relationships_where_i_can_be_me.v4.03,98,soft,desire,Quiero sentirme libre dentro del amor,Cercanía y autenticidad pueden coexistir
love_desire_romantic_relationships,love_desire_romantic_relationships.secure_relationship,love_desire_romantic_relationships.secure_relationship.choose_relationships_where_i_can_be_me,cat_love_desire_romantic_relationships.secure_relationship.choose_relationships_where_i_can_be_me.v4.04,99,powerful,reframe,No llamo compatibilidad a desaparecer,Busco relaciones que admitan mi voz
love_desire_romantic_relationships,love_desire_romantic_relationships.intimacy,love_desire_romantic_relationships.intimacy.approach_at_my_pace,cat_love_desire_romantic_relationships.intimacy.approach_at_my_pace.v4.01,108,soft,trust,La intimidad puede crecer despacio,No necesito apurar confianza para que sea real
love_desire_romantic_relationships,love_desire_romantic_relationships.intimacy,love_desire_romantic_relationships.intimacy.approach_at_my_pace,cat_love_desire_romantic_relationships.intimacy.approach_at_my_pace.v4.02,109,direct,boundary,Marco mi propio ritmo,Acercarme no significa ignorar mis señales
love_desire_romantic_relationships,love_desire_romantic_relationships.intimacy,love_desire_romantic_relationships.intimacy.approach_at_my_pace,cat_love_desire_romantic_relationships.intimacy.approach_at_my_pace.v4.03,110,powerful,permission,Puedo decir todavía no,Un vínculo sano tolera tiempos diferentes
love_desire_romantic_relationships,love_desire_romantic_relationships.intimacy,love_desire_romantic_relationships.intimacy.approach_at_my_pace,cat_love_desire_romantic_relationships.intimacy.approach_at_my_pace.v4.04,111,soft,discernment,Me acerco cuando hay seguridad,La conexión no necesita imponerse sobre mi cuerpo
love_desire_romantic_relationships,love_desire_romantic_relationships.intimacy,love_desire_romantic_relationships.intimacy.vulnerable_without_disappearing,cat_love_desire_romantic_relationships.intimacy.vulnerable_without_disappearing.v4.01,120,powerful,boundary,Me abro sin desaparecer,Intimidad no significa abandonar mis necesidades
love_desire_romantic_relationships,love_desire_romantic_relationships.intimacy,love_desire_romantic_relationships.intimacy.vulnerable_without_disappearing,cat_love_desire_romantic_relationships.intimacy.vulnerable_without_disappearing.v4.02,121,soft,identity,Puedo mostrarme y seguir siendo mío,La cercanía convive con autonomía
love_desire_romantic_relationships,love_desire_romantic_relationships.intimacy,love_desire_romantic_relationships.intimacy.vulnerable_without_disappearing,cat_love_desire_romantic_relationships.intimacy.vulnerable_without_disappearing.v4.03,122,direct,agency,Comparto sin sobreexponerme,"Yo decido qué, cuándo y con quién"
love_desire_romantic_relationships,love_desire_romantic_relationships.intimacy,love_desire_romantic_relationships.intimacy.vulnerable_without_disappearing,cat_love_desire_romantic_relationships.intimacy.vulnerable_without_disappearing.v4.04,123,powerful,reframe,No entrego mi centro para conectar,Un vínculo sano no exige autoabandono
love_desire_romantic_relationships,love_desire_romantic_relationships.intimacy,love_desire_romantic_relationships.intimacy.allow_deeply_known,cat_love_desire_romantic_relationships.intimacy.allow_deeply_known.v4.01,132,direct,vulnerability,Dejo que alguien me conozca de verdad,No solo mi versión más cómoda
love_desire_romantic_relationships,love_desire_romantic_relationships.intimacy,love_desire_romantic_relationships.intimacy.allow_deeply_known,cat_love_desire_romantic_relationships.intimacy.allow_deeply_known.v4.02,133,soft,acceptance,Puedo ser visto y querido,No necesito ocultar cada parte difícil
love_desire_romantic_relationships,love_desire_romantic_relationships.intimacy,love_desire_romantic_relationships.intimacy.allow_deeply_known,cat_love_desire_romantic_relationships.intimacy.allow_deeply_known.v4.03,134,powerful,trust,La intimidad necesita verdad,Me muestro gradualmente donde existe confianza
love_desire_romantic_relationships,love_desire_romantic_relationships.intimacy,love_desire_romantic_relationships.intimacy.allow_deeply_known,cat_love_desire_romantic_relationships.intimacy.allow_deeply_known.v4.04,135,direct,reframe,Ser conocido no me quita libertad,Puedo mantener identidad dentro de la cercanía
love_desire_romantic_relationships,love_desire_romantic_relationships.rejection,love_desire_romantic_relationships.rejection.rejection_not_worth,cat_love_desire_romantic_relationships.rejection.rejection_not_worth.v4.01,144,powerful,reframe,El rechazo no decide mi valor,Solo dice algo sobre esa combinación
love_desire_romantic_relationships,love_desire_romantic_relationships.rejection,love_desire_romantic_relationships.rejection.rejection_not_worth,cat_love_desire_romantic_relationships.rejection.rejection_not_worth.v4.02,145,powerful,self_worth,Sigo siendo valioso después de un no,Mi dignidad no estaba en negociación
love_desire_romantic_relationships,love_desire_romantic_relationships.rejection,love_desire_romantic_relationships.rejection.rejection_not_worth,cat_love_desire_romantic_relationships.rejection.rejection_not_worth.v4.03,146,direct,self_compassion,Puedo sentir dolor sin atacarme,No convierto decepción en veredicto
love_desire_romantic_relationships,love_desire_romantic_relationships.rejection,love_desire_romantic_relationships.rejection.rejection_not_worth,cat_love_desire_romantic_relationships.rejection.rejection_not_worth.v4.04,147,soft,perspective,Una persona no representa a todas,Mi posibilidad de conectar sigue abierta
love_desire_romantic_relationships,love_desire_romantic_relationships.rejection,love_desire_romantic_relationships.rejection.stop_looking_for_whats_wrong,cat_love_desire_romantic_relationships.rejection.stop_looking_for_whats_wrong.v4.02,157,powerful,boundary,No me disecciono después de un rechazo,Mi humanidad no necesita explicación perfecta
love_desire_romantic_relationships,love_desire_romantic_relationships.rejection,love_desire_romantic_relationships.rejection.stop_looking_for_whats_wrong,cat_love_desire_romantic_relationships.rejection.stop_looking_for_whats_wrong.v4.03,158,soft,discernment,Puedo aprender sin culparme,Reviso lo útil y suelto el resto
love_desire_romantic_relationships,love_desire_romantic_relationships.rejection,love_desire_romantic_relationships.rejection.stop_looking_for_whats_wrong,cat_love_desire_romantic_relationships.rejection.stop_looking_for_whats_wrong.v4.04,159,direct,perspective,No todo rechazo contiene una lección personal,A veces simplemente no hubo compatibilidad
love_desire_romantic_relationships,love_desire_romantic_relationships.rejection,love_desire_romantic_relationships.rejection.stop_looking_for_whats_wrong,cat_love_desire_romantic_relationships.rejection.stop_looking_for_whats_wrong.005,161,soft,growth,Dejo de buscar qué había de malo,Puedo aprender algo sin convertirme en un proyecto de reparación
love_desire_romantic_relationships,love_desire_romantic_relationships.rejection,love_desire_romantic_relationships.rejection.show_again_after_rejection,cat_love_desire_romantic_relationships.rejection.show_again_after_rejection.v4.01,168,powerful,resilience,Me animo a mostrarme otra vez,Una experiencia no cierra todas las puertas
love_desire_romantic_relationships,love_desire_romantic_relationships.rejection,love_desire_romantic_relationships.rejection.show_again_after_rejection,cat_love_desire_romantic_relationships.rejection.show_again_after_rejection.v4.02,169,soft,recovery,Vuelvo sin demostrar nada,Solo necesito dar otra oportunidad a la conexión
love_desire_romantic_relationships,love_desire_romantic_relationships.rejection,love_desire_romantic_relationships.rejection.show_again_after_rejection,cat_love_desire_romantic_relationships.rejection.show_again_after_rejection.v4.03,170,direct,reframe,No escondo mi deseo por miedo,La protección total también bloquea posibilidades
love_desire_romantic_relationships,love_desire_romantic_relationships.rejection,love_desire_romantic_relationships.rejection.show_again_after_rejection,cat_love_desire_romantic_relationships.rejection.show_again_after_rejection.v4.04,171,soft,growth,Puedo acercarme con más criterio,La experiencia me ayuda a elegir mejor
love_desire_romantic_relationships,love_desire_romantic_relationships.breakup_recovery,love_desire_romantic_relationships.breakup_recovery.miss_and_move_forward,cat_love_desire_romantic_relationships.breakup_recovery.miss_and_move_forward.v4.02,180,direct,perspective,Lo que extraño no es todo,También recuerdo por qué terminó
love_desire_romantic_relationships,love_desire_romantic_relationships.breakup_recovery,love_desire_romantic_relationships.breakup_recovery.miss_and_move_forward,cat_love_desire_romantic_relationships.breakup_recovery.miss_and_move_forward.v4.03,181,powerful,agency,Mi corazón puede mirar atrás sin quedarse,El recuerdo no decide mi próxima dirección
love_desire_romantic_relationships,love_desire_romantic_relationships.breakup_recovery,love_desire_romantic_relationships.breakup_recovery.miss_and_move_forward,cat_love_desire_romantic_relationships.breakup_recovery.miss_and_move_forward.v4.04,182,soft,reframe,Seguir adelante no borra el amor,Honra que mi vida todavía continúa
love_desire_romantic_relationships,love_desire_romantic_relationships.breakup_recovery,love_desire_romantic_relationships.breakup_recovery.miss_and_move_forward,cat_love_desire_romantic_relationships.breakup_recovery.miss_and_move_forward.v4.extra.03,185,powerful,integration,Guardo lo vivido y avanzo,No necesito borrar una historia para continuar la mía
love_desire_romantic_relationships,love_desire_romantic_relationships.breakup_recovery,love_desire_romantic_relationships.breakup_recovery.let_go_what_ended,cat_love_desire_romantic_relationships.breakup_recovery.let_go_what_ended.v4.01,192,powerful,acceptance,Suelto lo que terminó,No necesito mantener vivo algo cerrado
love_desire_romantic_relationships,love_desire_romantic_relationships.breakup_recovery,love_desire_romantic_relationships.breakup_recovery.let_go_what_ended,cat_love_desire_romantic_relationships.breakup_recovery.let_go_what_ended.v4.02,193,direct,agency,Retiro mi energía del pasado,La devuelvo a mi vida actual
love_desire_romantic_relationships,love_desire_romantic_relationships.breakup_recovery,love_desire_romantic_relationships.breakup_recovery.let_go_what_ended,cat_love_desire_romantic_relationships.breakup_recovery.let_go_what_ended.v4.03,194,direct,reframe,No busco otra explicación perfecta,Un cierre suficiente puede ser suficiente
love_desire_romantic_relationships,love_desire_romantic_relationships.breakup_recovery,love_desire_romantic_relationships.breakup_recovery.let_go_what_ended,cat_love_desire_romantic_relationships.breakup_recovery.let_go_what_ended.v4.04,195,soft,permission,Me permito dejar de esperar,La ausencia de retorno también comunica
love_desire_romantic_relationships,love_desire_romantic_relationships.breakup_recovery,love_desire_romantic_relationships.breakup_recovery.trust_love_again,cat_love_desire_romantic_relationships.breakup_recovery.trust_love_again.v4.01,204,powerful,hope,El amor sigue siendo posible,Una historia no define todas las que vienen
love_desire_romantic_relationships,love_desire_romantic_relationships.breakup_recovery,love_desire_romantic_relationships.breakup_recovery.trust_love_again,cat_love_desire_romantic_relationships.breakup_recovery.trust_love_again.v4.02,205,soft,recovery,Puedo abrirme de nuevo despacio,La confianza no tiene que volver de golpe
love_desire_romantic_relationships,love_desire_romantic_relationships.breakup_recovery,love_desire_romantic_relationships.breakup_recovery.trust_love_again,cat_love_desire_romantic_relationships.breakup_recovery.trust_love_again.v4.03,206,direct,reframe,No convierto una herida en regla,Las personas futuras no son la relación pasada
love_desire_romantic_relationships,love_desire_romantic_relationships.breakup_recovery,love_desire_romantic_relationships.breakup_recovery.trust_love_again,cat_love_desire_romantic_relationships.breakup_recovery.trust_love_again.v4.04,207,powerful,trust,Confío en que elegiré mejor,Ahora tengo información que antes no tenía
mind_anxiety,mind_anxiety.overthinking,mind_anxiety.overthinking.stop_another_loop,cat_mind_anxiety.overthinking.stop_another_loop.v4.01,0,powerful,reframe,No necesito otra vuelta,Pensar más no siempre agrega información
mind_anxiety,mind_anxiety.overthinking,mind_anxiety.overthinking.stop_another_loop,cat_mind_anxiety.overthinking.stop_another_loop.v4.02,1,direct,boundary,Cierro el análisis por ahora,Puedo volver si aparece algo realmente nuevo
mind_anxiety,mind_anxiety.overthinking,mind_anxiety.overthinking.stop_another_loop,cat_mind_anxiety.overthinking.stop_another_loop.v4.03,2,soft,uncertainty_tolerance,Dejo una pregunta abierta,La incertidumbre también puede acompañarme un rato
mind_anxiety,mind_anxiety.overthinking,mind_anxiety.overthinking.stop_another_loop,cat_mind_anxiety.overthinking.stop_another_loop.v4.04,3,direct,action,"Vuelvo a hacer, no solo pensar",La acción me da información que el bucle no ofrece
mind_anxiety,mind_anxiety.overthinking,mind_anxiety.overthinking.no_perfect_certainty,cat_mind_anxiety.overthinking.no_perfect_certainty.v4.01,12,powerful,uncertainty_tolerance,No necesito certeza perfecta,Una decisión puede apoyarse en información suficiente
mind_anxiety,mind_anxiety.overthinking,mind_anxiety.overthinking.no_perfect_certainty,cat_mind_anxiety.overthinking.no_perfect_certainty.v4.02,13,direct,reframe,Siempre quedará algo sin saber,Eso no impide moverme con criterio
mind_anxiety,mind_anxiety.overthinking,mind_anxiety.overthinking.no_perfect_certainty,cat_mind_anxiety.overthinking.no_perfect_certainty.v4.03,14,soft,trust,Confío en que podré ajustar,No tengo que acertar todo antes de empezar
mind_anxiety,mind_anxiety.overthinking,mind_anxiety.overthinking.no_perfect_certainty,cat_mind_anxiety.overthinking.no_perfect_certainty.v4.04,15,direct,agency,Elijo con incertidumbre presente,Esperar seguridad absoluta también tiene costo
mind_anxiety,mind_anxiety.overthinking,mind_anxiety.overthinking.return_to_life,cat_mind_anxiety.overthinking.return_to_life.v4.01,24,powerful,presence,Vuelvo a mi vida,No quiero pasarla entera analizándola
mind_anxiety,mind_anxiety.overthinking,mind_anxiety.overthinking.return_to_life,cat_mind_anxiety.overthinking.return_to_life.v4.02,25,direct,action,Hago algo que me devuelve al mundo,"Caminar, hablar o crear cambia mi foco"
mind_anxiety,mind_anxiety.overthinking,mind_anxiety.overthinking.return_to_life,cat_mind_anxiety.overthinking.return_to_life.v4.03,26,powerful,reframe,Mi vida ocurre fuera del pensamiento,"También necesito experiencias, no solo conclusiones"
mind_anxiety,mind_anxiety.overthinking,mind_anxiety.overthinking.return_to_life,cat_mind_anxiety.overthinking.return_to_life.004,28,direct,perspective,Actuar me saca del bucle,Algo real puede ayudarme más que seguir imaginando escenarios
mind_anxiety,mind_anxiety.catastrophizing,mind_anxiety.catastrophizing.possibility_not_prediction,cat_mind_anxiety.catastrophizing.possibility_not_prediction.v4.01,36,powerful,reframe,Una posibilidad no es una predicción,Mi mente puede imaginar algo sin convertirlo en destino
mind_anxiety,mind_anxiety.catastrophizing,mind_anxiety.catastrophizing.possibility_not_prediction,cat_mind_anxiety.catastrophizing.possibility_not_prediction.v4.02,37,direct,discernment,Que pueda pasar no significa que pasará,Distingo riesgo de certeza
mind_anxiety,mind_anxiety.catastrophizing,mind_anxiety.catastrophizing.possibility_not_prediction,cat_mind_anxiety.catastrophizing.possibility_not_prediction.v4.03,38,direct,awareness,No trato cada miedo como información,También necesito evidencia
mind_anxiety,mind_anxiety.catastrophizing,mind_anxiety.catastrophizing.possibility_not_prediction,cat_mind_anxiety.catastrophizing.possibility_not_prediction.v4.04,39,soft,uncertainty_tolerance,Puedo tolerar no saber,La incertidumbre no obliga a esperar lo peor
mind_anxiety,mind_anxiety.catastrophizing,mind_anxiety.catastrophizing.not_prepare_for_every_disaster,cat_mind_anxiety.catastrophizing.not_prepare_for_every_disaster.v4.01,48,direct,boundary,No preparo cada desastre imaginario,"Mi energía necesita problemas reales, no infinitos"
mind_anxiety,mind_anxiety.catastrophizing,mind_anxiety.catastrophizing.not_prepare_for_every_disaster,cat_mind_anxiety.catastrophizing.not_prepare_for_every_disaster.v4.02,49,powerful,trust,Estar listo para todo es imposible,Puedo confiar en mi capacidad de responder
mind_anxiety,mind_anxiety.catastrophizing,mind_anxiety.catastrophizing.not_prepare_for_every_disaster,cat_mind_anxiety.catastrophizing.not_prepare_for_every_disaster.v4.03,50,direct,reframe,No ensayo tragedias para sentir control,Pensar más no garantiza seguridad
mind_anxiety,mind_anxiety.catastrophizing,mind_anxiety.catastrophizing.not_prepare_for_every_disaster,cat_mind_anxiety.catastrophizing.not_prepare_for_every_disaster.v4.04,51,soft,discernment,Me preparo razonablemente y sigo viviendo,La prevención tiene un punto suficiente
mind_anxiety,mind_anxiety.catastrophizing,mind_anxiety.catastrophizing.multiple_possible_futures,cat_mind_anxiety.catastrophizing.multiple_possible_futures.v4.01,60,direct,perspective,Existen muchos futuros posibles,Mi miedo solo está mostrando uno
mind_anxiety,mind_anxiety.catastrophizing,mind_anxiety.catastrophizing.multiple_possible_futures,cat_mind_anxiety.catastrophizing.multiple_possible_futures.v4.02,61,powerful,reframe,También puede salir bien,No excluyo posibilidades favorables sin evidencia
mind_anxiety,mind_anxiety.catastrophizing,mind_anxiety.catastrophizing.multiple_possible_futures,cat_mind_anxiety.catastrophizing.multiple_possible_futures.v4.03,62,soft,uncertainty_tolerance,No conozco el desenlace,Eso deja espacio para más de una historia
mind_anxiety,mind_anxiety.catastrophizing,mind_anxiety.catastrophizing.multiple_possible_futures,cat_mind_anxiety.catastrophizing.multiple_possible_futures.v4.04,63,direct,openness,Amplío el mapa del futuro,"Imagino respuestas, ayudas y resultados distintos"
mind_anxiety,mind_anxiety.negative_thoughts,mind_anxiety.negative_thoughts.thought_not_fact,cat_mind_anxiety.negative_thoughts.thought_not_fact.v4.01,72,powerful,reframe,Un pensamiento no es un hecho,Necesita evidencia antes de convertirse en conclusión
mind_anxiety,mind_anxiety.negative_thoughts,mind_anxiety.negative_thoughts.thought_not_fact,cat_mind_anxiety.negative_thoughts.thought_not_fact.v4.02,73,direct,perspective,Mi mente puede equivocarse,Sentir certeza no garantiza tener razón
mind_anxiety,mind_anxiety.negative_thoughts,mind_anxiety.negative_thoughts.thought_not_fact,cat_mind_anxiety.negative_thoughts.thought_not_fact.v4.03,74,direct,awareness,Pregunto qué evidencia tengo,No acepto automáticamente la primera interpretación
mind_anxiety,mind_anxiety.negative_thoughts,mind_anxiety.negative_thoughts.thought_not_fact,cat_mind_anxiety.negative_thoughts.thought_not_fact.v4.04,75,soft,agency,Puedo pensar algo y no creerlo,Tengo margen entre la idea y mi respuesta
mind_anxiety,mind_anxiety.negative_thoughts,mind_anxiety.negative_thoughts.choose_what_i_feed,cat_mind_anxiety.negative_thoughts.choose_what_i_feed.v4.01,84,powerful,agency,Elijo qué pensamientos alimento,La repetición fortalece algunas historias más que otras
mind_anxiety,mind_anxiety.negative_thoughts,mind_anxiety.negative_thoughts.choose_what_i_feed,cat_mind_anxiety.negative_thoughts.choose_what_i_feed.v4.02,85,direct,boundary,"No discuto con todo, pero tampoco lo sigo",Mi atención es un recurso
mind_anxiety,mind_anxiety.negative_thoughts,mind_anxiety.negative_thoughts.choose_what_i_feed,cat_mind_anxiety.negative_thoughts.choose_what_i_feed.v4.03,86,soft,reframe,Doy espacio a interpretaciones más justas,No necesito elegir siempre la más cruel
mind_anxiety,mind_anxiety.negative_thoughts,mind_anxiety.negative_thoughts.choose_what_i_feed,cat_mind_anxiety.negative_thoughts.choose_what_i_feed.v4.04,87,direct,action,Vuelvo a pensamientos útiles,Busco los que me ayudan a actuar mejor
mind_anxiety,mind_anxiety.negative_thoughts,mind_anxiety.negative_thoughts.relationship_with_inner_voice,cat_mind_anxiety.negative_thoughts.relationship_with_inner_voice.v4.01,96,powerful,growth,Mi voz interna puede cambiar,No estoy condenado al mismo tono para siempre
mind_anxiety,mind_anxiety.negative_thoughts,mind_anxiety.negative_thoughts.relationship_with_inner_voice,cat_mind_anxiety.negative_thoughts.relationship_with_inner_voice.v4.02,97,direct,self_compassion,Me hablo con firmeza y respeto,No necesito humillarme para corregirme
mind_anxiety,mind_anxiety.negative_thoughts,mind_anxiety.negative_thoughts.relationship_with_inner_voice,cat_mind_anxiety.negative_thoughts.relationship_with_inner_voice.v4.03,98,soft,reframe,No convierto mi mente en enemigo,Aprendo a relacionarme mejor con lo que pienso
mind_anxiety,mind_anxiety.negative_thoughts,mind_anxiety.negative_thoughts.relationship_with_inner_voice,cat_mind_anxiety.negative_thoughts.relationship_with_inner_voice.v4.04,99,direct,consistency,Practico una voz más justa,La repetición también construye un nuevo diálogo interno
mind_anxiety,mind_anxiety.intrusive_thoughts,mind_anxiety.intrusive_thoughts.notice_and_release,cat_mind_anxiety.intrusive_thoughts.notice_and_release.v4.01,108,soft,awareness,Noto el pensamiento y lo dejo pasar,No tengo que resolver cada aparición mental
mind_anxiety,mind_anxiety.intrusive_thoughts,mind_anxiety.intrusive_thoughts.notice_and_release,cat_mind_anxiety.intrusive_thoughts.notice_and_release.v4.02,109,direct,acceptance,Un pensamiento puede irse solo,No necesito empujarlo fuera de mi mente
mind_anxiety,mind_anxiety.intrusive_thoughts,mind_anxiety.intrusive_thoughts.notice_and_release,cat_mind_anxiety.intrusive_thoughts.notice_and_release.v4.03,110,powerful,agency,No sigo cada pensamiento,Mi atención puede volver a lo que estoy haciendo
mind_anxiety,mind_anxiety.intrusive_thoughts,mind_anxiety.intrusive_thoughts.notice_and_release,cat_mind_anxiety.intrusive_thoughts.notice_and_release.v4.04,111,soft,reframe,Le doy menos importancia al ruido,Aparecer no convierte una idea en mensaje
mind_anxiety,mind_anxiety.intrusive_thoughts,mind_anxiety.intrusive_thoughts.not_everything_has_meaning,cat_mind_anxiety.intrusive_thoughts.not_everything_has_meaning.v4.01,120,powerful,reframe,No todo pensamiento significa algo,Mi mente también produce ruido aleatorio
mind_anxiety,mind_anxiety.intrusive_thoughts,mind_anxiety.intrusive_thoughts.not_everything_has_meaning,cat_mind_anxiety.intrusive_thoughts.not_everything_has_meaning.v4.02,121,direct,boundary,No necesito interpretar cada imagen,Puedo dejarla existir sin investigar
mind_anxiety,mind_anxiety.intrusive_thoughts,mind_anxiety.intrusive_thoughts.not_everything_has_meaning,cat_mind_anxiety.intrusive_thoughts.not_everything_has_meaning.v4.03,122,direct,perspective,La presencia de una idea no revela intención,Pensar algo no significa querer hacerlo
mind_anxiety,mind_anxiety.intrusive_thoughts,mind_anxiety.intrusive_thoughts.not_everything_has_meaning,cat_mind_anxiety.intrusive_thoughts.not_everything_has_meaning.v4.04,123,soft,acceptance,Puedo dejar preguntas sin respuesta,No todo contenido mental merece explicación
mind_anxiety,mind_anxiety.intrusive_thoughts,mind_anxiety.intrusive_thoughts.self_beyond_mental_content,cat_mind_anxiety.intrusive_thoughts.self_beyond_mental_content.v4.02,133,direct,reframe,Mi mente no define mi carácter,Un pensamiento involuntario no es una acción
mind_anxiety,mind_anxiety.intrusive_thoughts,mind_anxiety.intrusive_thoughts.self_beyond_mental_content,cat_mind_anxiety.intrusive_thoughts.self_beyond_mental_content.v4.03,134,powerful,values,Tengo una vida fuera de mi cabeza,"Vuelvo a mis acciones, vínculos y valores"
mind_anxiety,mind_anxiety.intrusive_thoughts,mind_anxiety.intrusive_thoughts.self_beyond_mental_content,cat_mind_anxiety.intrusive_thoughts.self_beyond_mental_content.v4.04,135,soft,perspective,Puedo escuchar sin identificarme,Lo que aparece en mi mente no tiene que representarme
mind_anxiety,mind_anxiety.intrusive_thoughts,mind_anxiety.intrusive_thoughts.self_beyond_mental_content,cat_mind_anxiety.intrusive_thoughts.self_beyond_mental_content.010,141,powerful,perspective,Mis valores se expresan en cómo vivo,No en cada cosa que mi cerebro puede imaginar
mind_anxiety,mind_anxiety.social_judgment,mind_anxiety.social_judgment.cannot_read_minds,cat_mind_anxiety.social_judgment.cannot_read_minds.v4.01,144,powerful,reframe,No puedo leer mentes,No trato mis suposiciones como opiniones ajenas reales
mind_anxiety,mind_anxiety.social_judgment,mind_anxiety.social_judgment.cannot_read_minds,cat_mind_anxiety.social_judgment.cannot_read_minds.v4.02,145,soft,uncertainty_tolerance,No sé qué están pensando,Y no necesito inventarlo para llenar el vacío
mind_anxiety,mind_anxiety.social_judgment,mind_anxiety.social_judgment.cannot_read_minds,cat_mind_anxiety.social_judgment.cannot_read_minds.v4.03,146,direct,awareness,Busco evidencia antes de asumir juicio,Una mirada no explica una historia completa
mind_anxiety,mind_anxiety.social_judgment,mind_anxiety.social_judgment.cannot_read_minds,cat_mind_anxiety.social_judgment.cannot_read_minds.v4.04,147,direct,boundary,Dejo a otros tener su mundo interno,No necesito administrarlo desde mi cabeza
mind_anxiety,mind_anxiety.social_judgment,mind_anxiety.social_judgment.allow_being_seen,cat_mind_anxiety.social_judgment.allow_being_seen.v4.01,157,soft,acceptance,Puedo ser visto sin controlar la impresión,La exposición no necesita perfección
mind_anxiety,mind_anxiety.social_judgment,mind_anxiety.social_judgment.allow_being_seen,cat_mind_anxiety.social_judgment.allow_being_seen.v4.02,158,direct,action,No me escondo antes de tiempo,Dejo que la realidad reemplace mis suposiciones
mind_anxiety,mind_anxiety.social_judgment,mind_anxiety.social_judgment.allow_being_seen,cat_mind_anxiety.social_judgment.allow_being_seen.v4.03,159,powerful,reframe,Ser visible no es un examen,La mayoría de las miradas no son veredictos
mind_anxiety,mind_anxiety.social_judgment,mind_anxiety.social_judgment.allow_being_seen,cat_mind_anxiety.social_judgment.allow_being_seen.v4.04,160,direct,growth,Practico estar presente entre otros,La comodidad crece con experiencias repetidas
mind_anxiety,mind_anxiety.social_judgment,mind_anxiety.social_judgment.self_without_controlling_opinions,cat_mind_anxiety.social_judgment.self_without_controlling_opinions.v4.01,169,powerful,boundary,No controlo todas las opiniones,Mi identidad no puede depender de conseguirlo
mind_anxiety,mind_anxiety.social_judgment,mind_anxiety.social_judgment.self_without_controlling_opinions,cat_mind_anxiety.social_judgment.self_without_controlling_opinions.v4.02,170,soft,acceptance,Puedo gustarle a algunos y no a otros,Eso forma parte de ser una persona real
mind_anxiety,mind_anxiety.social_judgment,mind_anxiety.social_judgment.self_without_controlling_opinions,cat_mind_anxiety.social_judgment.self_without_controlling_opinions.v4.03,171,powerful,self_worth,Mi valor no es una encuesta,No lo calculo sumando reacciones ajenas
mind_anxiety,mind_anxiety.social_judgment,mind_anxiety.social_judgment.self_without_controlling_opinions,cat_mind_anxiety.social_judgment.self_without_controlling_opinions.v4.04,172,direct,agency,Elijo cómo quiero comportarme,La opinión externa no decide mis valores
motivation_discipline_responsibility,motivation_discipline_responsibility.procrastination,motivation_discipline_responsibility.procrastination.just_start,cat_motivation_discipline_responsibility.procrastination.just_start.v4.01,1,powerful,action,Empiezo antes de estar listo,La claridad aparece después del primer movimiento
motivation_discipline_responsibility,motivation_discipline_responsibility.procrastination,motivation_discipline_responsibility.procrastination.just_start,cat_motivation_discipline_responsibility.procrastination.just_start.v4.05,5,powerful,agency,Dejo de prepararme para empezar,Convierto intención en una acción visible
motivation_discipline_responsibility,motivation_discipline_responsibility.procrastination,motivation_discipline_responsibility.procrastination.just_start,cat_motivation_discipline_responsibility.procrastination.just_start.v4.07,7,soft,permission,Empiezo torpe si hace falta,La acción imperfecta me da información real
motivation_discipline_responsibility,motivation_discipline_responsibility.procrastination,motivation_discipline_responsibility.procrastination.just_start,cat_motivation_discipline_responsibility.procrastination.just_start.v4.08,8,powerful,reframe,Hoy rompo la inercia,Un comienzo pequeño cambia el estado del día
motivation_discipline_responsibility,motivation_discipline_responsibility.procrastination,motivation_discipline_responsibility.procrastination.make_it_small,cat_motivation_discipline_responsibility.procrastination.make_it_small.v4.01,12,direct,agency,Lo hago más pequeño,Reduzco la tarea hasta volverla abordable
motivation_discipline_responsibility,motivation_discipline_responsibility.procrastination,motivation_discipline_responsibility.procrastination.make_it_small,cat_motivation_discipline_responsibility.procrastination.make_it_small.v4.02,13,soft,presence,Hoy doy un paso en [mi proyecto],No necesito cargar con todo de una vez
motivation_discipline_responsibility,motivation_discipline_responsibility.procrastination,motivation_discipline_responsibility.procrastination.make_it_small,cat_motivation_discipline_responsibility.procrastination.make_it_small.v4.03,14,direct,action,Divido para avanzar,Cada parte concreta reduce la resistencia
motivation_discipline_responsibility,motivation_discipline_responsibility.procrastination,motivation_discipline_responsibility.procrastination.make_it_small,cat_motivation_discipline_responsibility.procrastination.make_it_small.v4.05,16,soft,reframe,Menos también puede funcionar,Ajustar el tamaño no significa renunciar
motivation_discipline_responsibility,motivation_discipline_responsibility.procrastination,motivation_discipline_responsibility.procrastination.stop_waiting_for_perfect_moment,cat_motivation_discipline_responsibility.procrastination.stop_waiting_for_perfect_moment.v4.01,24,powerful,action,No espero condiciones perfectas,Empiezo con la realidad que tengo hoy
motivation_discipline_responsibility,motivation_discipline_responsibility.procrastination,motivation_discipline_responsibility.procrastination.stop_waiting_for_perfect_moment,cat_motivation_discipline_responsibility.procrastination.stop_waiting_for_perfect_moment.v4.04,27,direct,reframe,Lo imperfecto también comienza,Prefiero aprender haciendo que seguir esperando
motivation_discipline_responsibility,motivation_discipline_responsibility.procrastination,motivation_discipline_responsibility.procrastination.stop_waiting_for_perfect_moment,cat_motivation_discipline_responsibility.procrastination.stop_waiting_for_perfect_moment.v4.07,30,direct,agency,Uso las condiciones disponibles,No necesito que el día coopere para hacer algo útil
motivation_discipline_responsibility,motivation_discipline_responsibility.procrastination,motivation_discipline_responsibility.procrastination.stop_waiting_for_perfect_moment,cat_motivation_discipline_responsibility.procrastination.stop_waiting_for_perfect_moment.v4.08,31,powerful,evidence,La certeza llega después,Moverme me da información que esperar no puede dar
motivation_discipline_responsibility,motivation_discipline_responsibility.discipline_consistency,motivation_discipline_responsibility.discipline_consistency.show_up_today,cat_motivation_discipline_responsibility.discipline_consistency.show_up_today.v4.02,37,direct,presence,Cumplo con el día de hoy,No necesito resolver toda la semana ahora
motivation_discipline_responsibility,motivation_discipline_responsibility.discipline_consistency,motivation_discipline_responsibility.discipline_consistency.show_up_today,cat_motivation_discipline_responsibility.discipline_consistency.show_up_today.v4.06,41,powerful,commitment,Me presento aunque sea imperfecto,Estar aquí mantiene vivo el vínculo con mi meta
motivation_discipline_responsibility,motivation_discipline_responsibility.discipline_consistency,motivation_discipline_responsibility.discipline_consistency.show_up_today,cat_motivation_discipline_responsibility.discipline_consistency.show_up_today.v4.07,42,direct,action,Hago una cosa que cuenta,Una acción elegida con intención puede sostener el día
motivation_discipline_responsibility,motivation_discipline_responsibility.discipline_consistency,motivation_discipline_responsibility.discipline_consistency.build_sustainable_habits,cat_motivation_discipline_responsibility.discipline_consistency.build_sustainable_habits.v4.04,51,direct,agency,Mi sistema trabaja conmigo,La disciplina mejora cuando reduzco fricción innecesaria
motivation_discipline_responsibility,motivation_discipline_responsibility.discipline_consistency,motivation_discipline_responsibility.discipline_consistency.build_sustainable_habits,cat_motivation_discipline_responsibility.discipline_consistency.build_sustainable_habits.v4.05,52,powerful,perspective,Lo pequeño acumula,Cada repetición deja una huella en mi futuro
motivation_discipline_responsibility,motivation_discipline_responsibility.discipline_consistency,motivation_discipline_responsibility.discipline_consistency.build_sustainable_habits,cat_motivation_discipline_responsibility.discipline_consistency.build_sustainable_habits.v4.06,53,powerful,identity,Practico la vida que quiero,[Leer cada noche] construye quien quiero ser
motivation_discipline_responsibility,motivation_discipline_responsibility.discipline_consistency,motivation_discipline_responsibility.discipline_consistency.repeat_when_boring,cat_motivation_discipline_responsibility.discipline_consistency.repeat_when_boring.v4.02,61,powerful,perspective,La repetición también entrena,Lo ordinario de hoy construye resultados visibles mañana
motivation_discipline_responsibility,motivation_discipline_responsibility.discipline_consistency,motivation_discipline_responsibility.discipline_consistency.repeat_when_boring,cat_motivation_discipline_responsibility.discipline_consistency.repeat_when_boring.v4.05,64,powerful,commitment,La monotonía no me frena,Sé por qué continúo incluso sin entusiasmo
motivation_discipline_responsibility,motivation_discipline_responsibility.discipline_consistency,motivation_discipline_responsibility.discipline_consistency.repeat_when_boring,cat_motivation_discipline_responsibility.discipline_consistency.repeat_when_boring.v4.07,66,direct,reframe,Lo básico sigue funcionando,No necesito novedad para obtener valor de la práctica
motivation_discipline_responsibility,motivation_discipline_responsibility.discipline_consistency,motivation_discipline_responsibility.discipline_consistency.consistent_identity,cat_motivation_discipline_responsibility.discipline_consistency.consistent_identity.v4.01,75,powerful,recovery,Soy alguien que vuelve,Un tropiezo no borra la persona que construyo
motivation_discipline_responsibility,motivation_discipline_responsibility.discipline_consistency,motivation_discipline_responsibility.discipline_consistency.consistent_identity,cat_motivation_discipline_responsibility.discipline_consistency.consistent_identity.v4.03,77,powerful,identity,Mi identidad se practica,Cada acción refuerza quién elijo ser
motivation_discipline_responsibility,motivation_discipline_responsibility.discipline_consistency,motivation_discipline_responsibility.discipline_consistency.consistent_identity,cat_motivation_discipline_responsibility.discipline_consistency.consistent_identity.v4.07,81,direct,consistency,La constancia me resulta familiar,Cada repetición vuelve más natural cumplir conmigo
motivation_discipline_responsibility,motivation_discipline_responsibility.act_without_motivation,motivation_discipline_responsibility.act_without_motivation.no_need_to_feel_like_it,cat_motivation_discipline_responsibility.act_without_motivation.no_need_to_feel_like_it.v4.01,85,powerful,agency,Actúo aunque no tenga ganas,Mi estado de ánimo no gobierna mis decisiones
motivation_discipline_responsibility,motivation_discipline_responsibility.act_without_motivation,motivation_discipline_responsibility.act_without_motivation.no_need_to_feel_like_it,cat_motivation_discipline_responsibility.act_without_motivation.no_need_to_feel_like_it.v4.03,87,direct,action,Empiezo y después veo,La energía muchas veces aparece en movimiento
motivation_discipline_responsibility,motivation_discipline_responsibility.act_without_motivation,motivation_discipline_responsibility.act_without_motivation.no_need_to_feel_like_it,cat_motivation_discipline_responsibility.act_without_motivation.no_need_to_feel_like_it.v4.04,88,powerful,commitment,No negocio cada paso,Hago lo importante aunque hoy no entusiasme
motivation_discipline_responsibility,motivation_discipline_responsibility.act_without_motivation,motivation_discipline_responsibility.act_without_motivation.no_need_to_feel_like_it,cat_motivation_discipline_responsibility.act_without_motivation.no_need_to_feel_like_it.v4.05,89,direct,identity,"Mis ganas cambian, mi dirección no",Elijo según lo que quiero construir
motivation_discipline_responsibility,motivation_discipline_responsibility.act_without_motivation,motivation_discipline_responsibility.act_without_motivation.minimum_viable_effort,cat_motivation_discipline_responsibility.act_without_motivation.minimum_viable_effort.v4.01,96,direct,action,Hago lo que sí puedo sostener,Una versión pequeña mantiene vivo mi compromiso
motivation_discipline_responsibility,motivation_discipline_responsibility.act_without_motivation,motivation_discipline_responsibility.act_without_motivation.minimum_viable_effort,cat_motivation_discipline_responsibility.act_without_motivation.minimum_viable_effort.v4.02,97,soft,reframe,Lo mínimo también cuenta,La continuidad vale más que desaparecer por completo
motivation_discipline_responsibility,motivation_discipline_responsibility.act_without_motivation,motivation_discipline_responsibility.act_without_motivation.minimum_viable_effort,cat_motivation_discipline_responsibility.act_without_motivation.minimum_viable_effort.v4.03,98,direct,agency,"Hoy reduzco, no abandono",Adapto el esfuerzo sin soltar la dirección
motivation_discipline_responsibility,motivation_discipline_responsibility.act_without_motivation,motivation_discipline_responsibility.act_without_motivation.minimum_viable_effort,cat_motivation_discipline_responsibility.act_without_motivation.minimum_viable_effort.v4.07,102,powerful,perspective,Avanzar pequeño sigue siendo avanzar,El progreso también existe en los días difíciles
motivation_discipline_responsibility,motivation_discipline_responsibility.act_without_motivation,motivation_discipline_responsibility.act_without_motivation.values_over_mood,cat_motivation_discipline_responsibility.act_without_motivation.values_over_mood.v4.01,109,powerful,identity,Elijo lo que me representa,Mis acciones reflejan los valores que quiero vivir
motivation_discipline_responsibility,motivation_discipline_responsibility.act_without_motivation,motivation_discipline_responsibility.act_without_motivation.values_over_mood,cat_motivation_discipline_responsibility.act_without_motivation.values_over_mood.v4.02,110,direct,agency,Mis valores deciden conmigo,Las emociones informan sin tomar todo el control
motivation_discipline_responsibility,motivation_discipline_responsibility.act_without_motivation,motivation_discipline_responsibility.act_without_motivation.values_over_mood,cat_motivation_discipline_responsibility.act_without_motivation.values_over_mood.v4.04,112,powerful,reframe,La comodidad no es mi brújula,"Busco coherencia, no alivio inmediato"
motivation_discipline_responsibility,motivation_discipline_responsibility.act_without_motivation,motivation_discipline_responsibility.act_without_motivation.values_over_mood,cat_motivation_discipline_responsibility.act_without_motivation.values_over_mood.v4.05,113,direct,action,Hago espacio para lo importante,Mis prioridades merecen acciones concretas
motivation_discipline_responsibility,motivation_discipline_responsibility.finish_what_i_start,motivation_discipline_responsibility.finish_what_i_start.keep_going,cat_motivation_discipline_responsibility.finish_what_i_start.keep_going.v4.03,123,powerful,agency,La dificultad no decide por mí,Ajusto el ritmo y continúo
motivation_discipline_responsibility,motivation_discipline_responsibility.finish_what_i_start,motivation_discipline_responsibility.finish_what_i_start.keep_going,cat_motivation_discipline_responsibility.finish_what_i_start.keep_going.v4.04,124,soft,discernment,Resisto sin romperme,Persistir también incluye saber regular el esfuerzo
motivation_discipline_responsibility,motivation_discipline_responsibility.finish_what_i_start,motivation_discipline_responsibility.finish_what_i_start.keep_going,cat_motivation_discipline_responsibility.finish_what_i_start.keep_going.v4.05,125,direct,growth,Mi esfuerzo tiene dirección,Cada paso difícil fortalece algo en mí
motivation_discipline_responsibility,motivation_discipline_responsibility.finish_what_i_start,motivation_discipline_responsibility.finish_what_i_start.keep_going,cat_motivation_discipline_responsibility.finish_what_i_start.keep_going.v4.08,127,direct,commitment,Sigo conectado con mi motivo,Recordar para qué empecé ordena el siguiente esfuerzo
motivation_discipline_responsibility,motivation_discipline_responsibility.finish_what_i_start,motivation_discipline_responsibility.finish_what_i_start.middle_phase,cat_motivation_discipline_responsibility.finish_what_i_start.middle_phase.v4.01,132,direct,perspective,Sostengo la parte invisible,El progreso también ocurre antes de que se note
motivation_discipline_responsibility,motivation_discipline_responsibility.finish_what_i_start,motivation_discipline_responsibility.finish_what_i_start.middle_phase,cat_motivation_discipline_responsibility.finish_what_i_start.middle_phase.v4.02,133,powerful,commitment,No abandono en el medio,La falta de resultados rápidos no invalida el proceso
motivation_discipline_responsibility,motivation_discipline_responsibility.finish_what_i_start,motivation_discipline_responsibility.finish_what_i_start.middle_phase,cat_motivation_discipline_responsibility.finish_what_i_start.middle_phase.v4.04,135,powerful,reframe,Cruzo la etapa incómoda,No todo avance se siente emocionante
motivation_discipline_responsibility,motivation_discipline_responsibility.finish_what_i_start,motivation_discipline_responsibility.finish_what_i_start.middle_phase,cat_motivation_discipline_responsibility.finish_what_i_start.middle_phase.v4.05,136,direct,action,Sigo aunque falte mucho,"Mi tarea es avanzar, no estar ya en la meta"
motivation_discipline_responsibility,motivation_discipline_responsibility.finish_what_i_start,motivation_discipline_responsibility.finish_what_i_start.finisher_identity,cat_motivation_discipline_responsibility.finish_what_i_start.finisher_identity.v4.01,145,powerful,identity,Soy alguien que termina,Llevo mis decisiones hasta un cierre real
motivation_discipline_responsibility,motivation_discipline_responsibility.finish_what_i_start,motivation_discipline_responsibility.finish_what_i_start.finisher_identity,cat_motivation_discipline_responsibility.finish_what_i_start.finisher_identity.v4.05,149,direct,perspective,Mi trabajo merece un final,Transformo esfuerzo acumulado en algo terminado
motivation_discipline_responsibility,motivation_discipline_responsibility.finish_what_i_start,motivation_discipline_responsibility.finish_what_i_start.finisher_identity,cat_motivation_discipline_responsibility.finish_what_i_start.finisher_identity.v4.07,151,direct,commitment,Llego al punto final,El último tramo merece la misma atención que el comienzo
motivation_discipline_responsibility,motivation_discipline_responsibility.finish_what_i_start,motivation_discipline_responsibility.finish_what_i_start.finisher_identity,cat_motivation_discipline_responsibility.finish_what_i_start.finisher_identity.v4.08,152,powerful,action,Termino [mi proyecto] y lo comparto,Un proyecto terminado puede existir fuera de mi cabeza
motivation_discipline_responsibility,motivation_discipline_responsibility.return_after_quitting,motivation_discipline_responsibility.return_after_quitting.return_today,cat_motivation_discipline_responsibility.return_after_quitting.return_today.v4.02,157,direct,agency,Retomar es una decisión presente,El tiempo lejos no controla lo que hago ahora
motivation_discipline_responsibility,motivation_discipline_responsibility.return_after_quitting,motivation_discipline_responsibility.return_after_quitting.return_today,cat_motivation_discipline_responsibility.return_after_quitting.return_today.v4.03,158,soft,permission,Me permito regresar,La culpa no es un requisito para empezar otra vez
motivation_discipline_responsibility,motivation_discipline_responsibility.return_after_quitting,motivation_discipline_responsibility.return_after_quitting.return_today,cat_motivation_discipline_responsibility.return_after_quitting.return_today.v4.06,161,powerful,action,No espero al lunes,El regreso empieza en la próxima decisión disponible
motivation_discipline_responsibility,motivation_discipline_responsibility.return_after_quitting,motivation_discipline_responsibility.return_after_quitting.return_today,cat_motivation_discipline_responsibility.return_after_quitting.return_today.v4.07,162,direct,recovery,Una acción reabre el camino,No necesito recuperar todo en un solo día
motivation_discipline_responsibility,motivation_discipline_responsibility.return_after_quitting,motivation_discipline_responsibility.return_after_quitting.not_back_to_zero,cat_motivation_discipline_responsibility.return_after_quitting.not_back_to_zero.v4.01,168,powerful,reframe,No vuelvo desde cero,Regreso con experiencia que antes no tenía
motivation_discipline_responsibility,motivation_discipline_responsibility.return_after_quitting,motivation_discipline_responsibility.return_after_quitting.not_back_to_zero,cat_motivation_discipline_responsibility.return_after_quitting.not_back_to_zero.v4.03,170,direct,perspective,Mi progreso dejó huella,Conozco mejor mis obstáculos y mis recursos
motivation_discipline_responsibility,motivation_discipline_responsibility.return_after_quitting,motivation_discipline_responsibility.return_after_quitting.not_back_to_zero,cat_motivation_discipline_responsibility.return_after_quitting.not_back_to_zero.v4.04,171,soft,agency,Retomo con más información,Uso el pasado para diseñar una vuelta mejor
motivation_discipline_responsibility,motivation_discipline_responsibility.return_after_quitting,motivation_discipline_responsibility.return_after_quitting.not_back_to_zero,cat_motivation_discipline_responsibility.return_after_quitting.not_back_to_zero.v4.06,173,powerful,identity,Un corte no borra mi historia,Sigo siendo alguien que ya aprendió y practicó
motivation_discipline_responsibility,motivation_discipline_responsibility.return_after_quitting,motivation_discipline_responsibility.return_after_quitting.returning_skill,cat_motivation_discipline_responsibility.return_after_quitting.returning_skill.v4.03,182,direct,agency,Mi sistema incluye las caídas,Tengo una forma simple de retomar
motivation_discipline_responsibility,motivation_discipline_responsibility.return_after_quitting,motivation_discipline_responsibility.return_after_quitting.returning_skill,cat_motivation_discipline_responsibility.return_after_quitting.returning_skill.v4.04,183,powerful,action,Acorto la distancia al regreso,No necesito esperar otra semana para volver
motivation_discipline_responsibility,motivation_discipline_responsibility.return_after_quitting,motivation_discipline_responsibility.return_after_quitting.returning_skill,cat_motivation_discipline_responsibility.return_after_quitting.returning_skill.v4.05,184,direct,reframe,Volver también es constancia,La disciplina real sabe recuperarse de interrupciones
motivation_discipline_responsibility,motivation_discipline_responsibility.return_after_quitting,motivation_discipline_responsibility.return_after_quitting.returning_skill,cat_motivation_discipline_responsibility.return_after_quitting.returning_skill.v4.06,185,soft,identity,Confío en mi capacidad de retomar,Ya no necesito que todo salga perfecto
motivation_discipline_responsibility,motivation_discipline_responsibility.personal_accountability,motivation_discipline_responsibility.personal_accountability.keep_my_word,cat_motivation_discipline_responsibility.personal_accountability.keep_my_word.v4.01,193,powerful,commitment,Mi palabra conmigo vale,Cumplirme fortalece el respeto que me tengo
motivation_discipline_responsibility,motivation_discipline_responsibility.personal_accountability,motivation_discipline_responsibility.personal_accountability.keep_my_word,cat_motivation_discipline_responsibility.personal_accountability.keep_my_word.v4.02,194,direct,action,Hago lo que dije,Mis decisiones convierten intención en confianza
motivation_discipline_responsibility,motivation_discipline_responsibility.personal_accountability,motivation_discipline_responsibility.personal_accountability.keep_my_word,cat_motivation_discipline_responsibility.personal_accountability.keep_my_word.v4.05,197,direct,evidence,Cada cumplimiento deja evidencia,Puedo confiar más en mí porque respondo
motivation_discipline_responsibility,motivation_discipline_responsibility.personal_accountability,motivation_discipline_responsibility.personal_accountability.keep_my_word,cat_motivation_discipline_responsibility.personal_accountability.keep_my_word.v4.06,198,powerful,identity,Mi compromiso tiene peso,"Lo respaldo con acciones, no solo con palabras"
motivation_discipline_responsibility,motivation_discipline_responsibility.personal_accountability,motivation_discipline_responsibility.personal_accountability.stop_giving_power_to_excuses,cat_motivation_discipline_responsibility.personal_accountability.stop_giving_power_to_excuses.v4.01,204,direct,agency,Reconozco la excusa y actúo,Una explicación no tiene que convertirse en permiso
motivation_discipline_responsibility,motivation_discipline_responsibility.personal_accountability,motivation_discipline_responsibility.personal_accountability.stop_giving_power_to_excuses,cat_motivation_discipline_responsibility.personal_accountability.stop_giving_power_to_excuses.v4.02,205,powerful,ownership,Me hago cargo de mi parte,Pongo energía donde sí tengo influencia
motivation_discipline_responsibility,motivation_discipline_responsibility.personal_accountability,motivation_discipline_responsibility.personal_accountability.stop_giving_power_to_excuses,cat_motivation_discipline_responsibility.personal_accountability.stop_giving_power_to_excuses.v4.04,207,direct,reframe,Las excusas no deciden,Puedo entenderme sin dejar de responder
motivation_discipline_responsibility,motivation_discipline_responsibility.personal_accountability,motivation_discipline_responsibility.personal_accountability.stop_giving_power_to_excuses,cat_motivation_discipline_responsibility.personal_accountability.stop_giving_power_to_excuses.v4.05,208,powerful,agency,"Busco soluciones, no salidas","Cuando algo cambia, adapto el camino"
motivation_discipline_responsibility,motivation_discipline_responsibility.personal_accountability,motivation_discipline_responsibility.personal_accountability.trust_my_word,cat_motivation_discipline_responsibility.personal_accountability.trust_my_word.v4.02,217,direct,consistency,Mi palabra es una base,Construyo seguridad cumpliendo compromisos pequeños
motivation_discipline_responsibility,motivation_discipline_responsibility.personal_accountability,motivation_discipline_responsibility.personal_accountability.trust_my_word,cat_motivation_discipline_responsibility.personal_accountability.trust_my_word.v4.06,221,direct,evidence,Me doy razones para confiar,Cumplir algo pequeño vale más que prometer algo enorme
motivation_discipline_responsibility,motivation_discipline_responsibility.personal_accountability,motivation_discipline_responsibility.personal_accountability.trust_my_word,cat_motivation_discipline_responsibility.personal_accountability.trust_my_word.v4.07,222,powerful,consistency,Mi palabra se fortalece practicándola,Cada promesa cumplida reduce la distancia entre intención y acción
motivation_discipline_responsibility,motivation_discipline_responsibility.personal_accountability,motivation_discipline_responsibility.personal_accountability.trust_my_word,cat_motivation_discipline_responsibility.personal_accountability.trust_my_word.v4.08,223,powerful,identity,Soy alguien con quien cuento,Me respondo incluso cuando nadie más está mirando
presence_acceptance_control,presence_acceptance_control.present_moment,presence_acceptance_control.present_moment.return_to_now,cat_presence_acceptance_control.present_moment.return_to_now.v4.02,1,soft,recovery,Regreso cada vez que me voy,Distraerme no convierte la práctica en fracaso
presence_acceptance_control,presence_acceptance_control.present_moment,presence_acceptance_control.present_moment.return_to_now,cat_presence_acceptance_control.present_moment.return_to_now.v4.03,2,direct,grounding,Mi cuerpo me trae al presente,Respiración y sentidos me devuelven a ahora
presence_acceptance_control,presence_acceptance_control.present_moment,presence_acceptance_control.present_moment.return_to_now,cat_presence_acceptance_control.present_moment.return_to_now.v4.04,3,powerful,reframe,No necesito vivir adelantado,El siguiente momento llegará por sí mismo
presence_acceptance_control,presence_acceptance_control.present_moment,presence_acceptance_control.present_moment.return_to_now,cat_presence_acceptance_control.present_moment.return_to_now.v4.extra.01,4,direct,presence,Regreso a lo que está pasando,Los sentidos me sacan de escenarios que todavía no existen
presence_acceptance_control,presence_acceptance_control.present_moment,presence_acceptance_control.present_moment.be_where_i_am,cat_presence_acceptance_control.present_moment.be_where_i_am.v4.01,12,powerful,presence,Estoy donde estoy,No necesito convertir este momento en una sala de espera
presence_acceptance_control,presence_acceptance_control.present_moment,presence_acceptance_control.present_moment.be_where_i_am,cat_presence_acceptance_control.present_moment.be_where_i_am.v4.02,13,direct,action,Participo de lo que tengo delante,Mi atención también es una forma de vivir
presence_acceptance_control,presence_acceptance_control.present_moment,presence_acceptance_control.present_moment.be_where_i_am,cat_presence_acceptance_control.present_moment.be_where_i_am.v4.03,14,soft,acceptance,No comparo cada instante con otro,Este momento puede tener valor propio
presence_acceptance_control,presence_acceptance_control.present_moment,presence_acceptance_control.present_moment.be_where_i_am,cat_presence_acceptance_control.present_moment.be_where_i_am.v4.04,15,direct,boundary,Me quedo un poco más aquí,No todo pensamiento merece sacarme del presente
presence_acceptance_control,presence_acceptance_control.present_moment,presence_acceptance_control.present_moment.stop_living_in_next_moment,cat_presence_acceptance_control.present_moment.stop_living_in_next_moment.v4.01,24,powerful,reframe,No vivo siempre en lo siguiente,Mi presente no es solo preparación
presence_acceptance_control,presence_acceptance_control.present_moment,presence_acceptance_control.present_moment.stop_living_in_next_moment,cat_presence_acceptance_control.present_moment.stop_living_in_next_moment.v4.02,25,direct,permission,Dejo de posponer la experiencia,También disfruto antes de terminar todas las metas
presence_acceptance_control,presence_acceptance_control.present_moment,presence_acceptance_control.present_moment.stop_living_in_next_moment,cat_presence_acceptance_control.present_moment.stop_living_in_next_moment.v4.03,26,soft,boundary,El futuro no necesita toda mi atención,Guardo parte para la vida que ya existe
presence_acceptance_control,presence_acceptance_control.present_moment,presence_acceptance_control.present_moment.stop_living_in_next_moment,cat_presence_acceptance_control.present_moment.stop_living_in_next_moment.v4.04,27,direct,balance,Puedo planear y volver,Organizar mañana no requiere abandonar hoy
presence_acceptance_control,presence_acceptance_control.release_uncontrollable,presence_acceptance_control.release_uncontrollable.what_is_mine,cat_presence_acceptance_control.release_uncontrollable.what_is_mine.v4.01,37,direct,discernment,Distingo lo mío de lo ajeno,No todo problema necesita mi intervención
presence_acceptance_control,presence_acceptance_control.release_uncontrollable,presence_acceptance_control.release_uncontrollable.what_is_mine,cat_presence_acceptance_control.release_uncontrollable.what_is_mine.v4.03,38,direct,agency,Mi energía va a lo influenciable,No la gasto intentando gobernar lo imposible
presence_acceptance_control,presence_acceptance_control.release_uncontrollable,presence_acceptance_control.release_uncontrollable.what_is_mine,cat_presence_acceptance_control.release_uncontrollable.what_is_mine.v4.04,39,soft,reframe,Puedo preocuparme sin cargarlo todo,Cuidar no significa controlar
presence_acceptance_control,presence_acceptance_control.release_uncontrollable,presence_acceptance_control.release_uncontrollable.what_is_mine,cat_presence_acceptance_control.release_uncontrollable.what_is_mine.006,43,direct,reframe,Que me afecte no lo vuelve mío,No todo lo que me preocupa está bajo mi control
presence_acceptance_control,presence_acceptance_control.release_uncontrollable,presence_acceptance_control.release_uncontrollable.stop_controlling_outcomes,cat_presence_acceptance_control.release_uncontrollable.stop_controlling_outcomes.v4.01,48,powerful,agency,No controlo el resultado completo,Sí puedo cuidar la calidad de mi acción
presence_acceptance_control,presence_acceptance_control.release_uncontrollable,presence_acceptance_control.release_uncontrollable.stop_controlling_outcomes,cat_presence_acceptance_control.release_uncontrollable.stop_controlling_outcomes.v4.02,49,direct,acceptance,Hago mi parte y suelto el resto,El futuro también depende de variables externas
presence_acceptance_control,presence_acceptance_control.release_uncontrollable,presence_acceptance_control.release_uncontrollable.stop_controlling_outcomes,cat_presence_acceptance_control.release_uncontrollable.stop_controlling_outcomes.v4.03,50,soft,uncertainty_tolerance,No necesito garantías para actuar,La incertidumbre viene incluida en muchas decisiones
presence_acceptance_control,presence_acceptance_control.release_uncontrollable,presence_acceptance_control.release_uncontrollable.stop_controlling_outcomes,cat_presence_acceptance_control.release_uncontrollable.stop_controlling_outcomes.010,59,powerful,perspective,Mido mis acciones por su integridad,No solo por resultados que no controlo
presence_acceptance_control,presence_acceptance_control.release_uncontrollable,presence_acceptance_control.release_uncontrollable.unwinnable_battles,cat_presence_acceptance_control.release_uncontrollable.unwinnable_battles.v4.01,60,powerful,discernment,Dejo de pelear batallas imposibles,Mi energía merece problemas donde pueda influir
presence_acceptance_control,presence_acceptance_control.release_uncontrollable,presence_acceptance_control.release_uncontrollable.unwinnable_battles,cat_presence_acceptance_control.release_uncontrollable.unwinnable_battles.v4.02,61,direct,reframe,No necesito ganar cada conflicto,A veces retirarme es la decisión más útil
presence_acceptance_control,presence_acceptance_control.release_uncontrollable,presence_acceptance_control.release_uncontrollable.unwinnable_battles,cat_presence_acceptance_control.release_uncontrollable.unwinnable_battles.v4.03,62,soft,boundary,Suelto discusiones que no llevan a ningún lado,La paz también puede requerir dejar de insistir
presence_acceptance_control,presence_acceptance_control.release_uncontrollable,presence_acceptance_control.release_uncontrollable.unwinnable_battles,cat_presence_acceptance_control.release_uncontrollable.unwinnable_battles.v4.04,63,powerful,values,Elijo dónde sí vale luchar,No confundo perseverancia con desgaste infinito
presence_acceptance_control,presence_acceptance_control.personal_agency,presence_acceptance_control.personal_agency.next_action,cat_presence_acceptance_control.personal_agency.next_action.v4.01,72,direct,action,Elijo la próxima acción,No necesito resolver todo para recuperar movimiento
presence_acceptance_control,presence_acceptance_control.personal_agency,presence_acceptance_control.personal_agency.next_action,cat_presence_acceptance_control.personal_agency.next_action.v4.02,73,powerful,agency,Hago lo que depende de mí ahora,Lo demás puede esperar otro momento
presence_acceptance_control,presence_acceptance_control.personal_agency,presence_acceptance_control.personal_agency.next_action,cat_presence_acceptance_control.personal_agency.next_action.v4.03,74,direct,reframe,Un paso concreto cambia el estado,La acción reduce ruido que pensar no resuelve
presence_acceptance_control,presence_acceptance_control.personal_agency,presence_acceptance_control.personal_agency.next_action,cat_presence_acceptance_control.personal_agency.next_action.v4.04,75,soft,action,Empiezo por algo pequeño y real,El movimiento devuelve sensación de capacidad
presence_acceptance_control,presence_acceptance_control.personal_agency,presence_acceptance_control.personal_agency.choose_my_response,cat_presence_acceptance_control.personal_agency.choose_my_response.v4.01,84,powerful,agency,"No elijo todo, sí mi respuesta",Mi margen aparece en lo que hago después
presence_acceptance_control,presence_acceptance_control.personal_agency,presence_acceptance_control.personal_agency.choose_my_response,cat_presence_acceptance_control.personal_agency.choose_my_response.v4.02,85,soft,presence,Puedo pausar antes de reaccionar,Ese espacio cambia mis decisiones
presence_acceptance_control,presence_acceptance_control.personal_agency,presence_acceptance_control.personal_agency.choose_my_response,cat_presence_acceptance_control.personal_agency.choose_my_response.v4.03,86,direct,reframe,"Mis emociones informan, no ordenan",Las escucho sin entregarles todo el control
presence_acceptance_control,presence_acceptance_control.personal_agency,presence_acceptance_control.personal_agency.choose_my_response,cat_presence_acceptance_control.personal_agency.choose_my_response.v4.04,87,powerful,values,Respondo según mis valores,No solo según el impulso del momento
presence_acceptance_control,presence_acceptance_control.personal_agency,presence_acceptance_control.personal_agency.reclaim_agency,cat_presence_acceptance_control.personal_agency.reclaim_agency.v4.01,98,powerful,agency,Recupero mi capacidad de elegir,Aunque no controle la situación completa
presence_acceptance_control,presence_acceptance_control.personal_agency,presence_acceptance_control.personal_agency.reclaim_agency,cat_presence_acceptance_control.personal_agency.reclaim_agency.v4.02,99,direct,discernment,Busco la parte que sí es mía,Ahí pongo atención y energía
presence_acceptance_control,presence_acceptance_control.personal_agency,presence_acceptance_control.personal_agency.reclaim_agency,cat_presence_acceptance_control.personal_agency.reclaim_agency.v4.03,100,soft,reframe,No necesito sentirme poderoso para actuar,Una decisión pequeña también devuelve agencia
presence_acceptance_control,presence_acceptance_control.personal_agency,presence_acceptance_control.personal_agency.reclaim_agency,cat_presence_acceptance_control.personal_agency.reclaim_agency.v4.04,101,direct,ownership,Me hago cargo sin cargar con todo,Responsabilidad y control no son lo mismo
presence_acceptance_control,presence_acceptance_control.uncertainty,presence_acceptance_control.uncertainty.not_know_everything_today,cat_presence_acceptance_control.uncertainty.not_know_everything_today.v4.01,108,soft,uncertainty_tolerance,No tengo que saber todo hoy,Algunas respuestas necesitan tiempo y experiencia
presence_acceptance_control,presence_acceptance_control.uncertainty,presence_acceptance_control.uncertainty.not_know_everything_today,cat_presence_acceptance_control.uncertainty.not_know_everything_today.v4.02,109,soft,acceptance,Puedo dejar preguntas abiertas,Mi vida continúa mientras encuentro respuestas
presence_acceptance_control,presence_acceptance_control.uncertainty,presence_acceptance_control.uncertainty.not_know_everything_today,cat_presence_acceptance_control.uncertainty.not_know_everything_today.v4.03,110,powerful,reframe,La falta de respuesta no es fracaso,También puede ser una etapa real del proceso
presence_acceptance_control,presence_acceptance_control.uncertainty,presence_acceptance_control.uncertainty.not_know_everything_today,cat_presence_acceptance_control.uncertainty.not_know_everything_today.v4.04,111,direct,agency,Sé lo suficiente para este paso,No necesito información del camino completo
presence_acceptance_control,presence_acceptance_control.uncertainty,presence_acceptance_control.uncertainty.move_without_guarantees,cat_presence_acceptance_control.uncertainty.move_without_guarantees.v4.01,121,powerful,action,Avanzo sin garantías,La mayoría de las decisiones importantes incluyen incertidumbre
presence_acceptance_control,presence_acceptance_control.uncertainty,presence_acceptance_control.uncertainty.move_without_guarantees,cat_presence_acceptance_control.uncertainty.move_without_guarantees.v4.02,122,direct,discernment,No necesito certeza para comprometerme,Necesito razones suficientes y capacidad de ajustar
presence_acceptance_control,presence_acceptance_control.uncertainty,presence_acceptance_control.uncertainty.move_without_guarantees,cat_presence_acceptance_control.uncertainty.move_without_guarantees.v4.03,123,soft,reframe,Puedo elegir y corregir,Una decisión no tiene que ser irreversible
presence_acceptance_control,presence_acceptance_control.uncertainty,presence_acceptance_control.uncertainty.move_without_guarantees,cat_presence_acceptance_control.uncertainty.move_without_guarantees.v4.04,124,powerful,growth,La acción también produce claridad,Moverme enseña cosas que esperar no revela
presence_acceptance_control,presence_acceptance_control.uncertainty,presence_acceptance_control.uncertainty.trust_adaptability,cat_presence_acceptance_control.uncertainty.trust_adaptability.v4.01,132,powerful,trust,Confío en que sabré adaptarme,No necesito prever cada cambio
presence_acceptance_control,presence_acceptance_control.uncertainty,presence_acceptance_control.uncertainty.trust_adaptability,cat_presence_acceptance_control.uncertainty.trust_adaptability.v4.02,133,direct,reframe,Mi capacidad no termina en el plan,También puedo responder a lo inesperado
presence_acceptance_control,presence_acceptance_control.uncertainty,presence_acceptance_control.uncertainty.trust_adaptability,cat_presence_acceptance_control.uncertainty.trust_adaptability.v4.03,134,soft,evidence,Ya me adapté antes,Mi historia contiene pruebas de flexibilidad
presence_acceptance_control,presence_acceptance_control.uncertainty,presence_acceptance_control.uncertainty.trust_adaptability,cat_presence_acceptance_control.uncertainty.trust_adaptability.v4.04,135,powerful,identity,No necesito un futuro controlado,Necesito recursos para moverme con él
presence_acceptance_control,presence_acceptance_control.reality_acceptance,presence_acceptance_control.reality_acceptance.stop_arguing_with_reality,cat_presence_acceptance_control.reality_acceptance.stop_arguing_with_reality.v4.01,144,powerful,acceptance,Reconozco lo que ya es,La aceptación me permite elegir desde datos reales
presence_acceptance_control,presence_acceptance_control.reality_acceptance,presence_acceptance_control.reality_acceptance.stop_arguing_with_reality,cat_presence_acceptance_control.reality_acceptance.stop_arguing_with_reality.v4.02,145,direct,agency,No gasto energía negando el hecho,La uso para decidir qué sigue
presence_acceptance_control,presence_acceptance_control.reality_acceptance,presence_acceptance_control.reality_acceptance.stop_arguing_with_reality,cat_presence_acceptance_control.reality_acceptance.stop_arguing_with_reality.v4.03,146,powerful,reframe,Aceptar no significa aprobar,Solo dejo de discutir con lo ocurrido
presence_acceptance_control,presence_acceptance_control.reality_acceptance,presence_acceptance_control.reality_acceptance.stop_arguing_with_reality,cat_presence_acceptance_control.reality_acceptance.stop_arguing_with_reality.v4.04,147, direct,awareness,Veo la situación como está,La claridad es un mejor punto de partida
presence_acceptance_control,presence_acceptance_control.reality_acceptance,presence_acceptance_control.reality_acceptance.make_peace_with_past,cat_presence_acceptance_control.reality_acceptance.make_peace_with_past.v4.02,157,direct,self_compassion,No vuelvo a juzgar cada escena,Hoy tengo información que entonces no tenía
presence_acceptance_control,presence_acceptance_control.reality_acceptance,presence_acceptance_control.reality_acceptance.make_peace_with_past,cat_presence_acceptance_control.reality_acceptance.make_peace_with_past.v4.03,158,soft,closure,Mi historia puede descansar,No necesito mantener abierto cada conflicto
presence_acceptance_control,presence_acceptance_control.reality_acceptance,presence_acceptance_control.reality_acceptance.make_peace_with_past,cat_presence_acceptance_control.reality_acceptance.make_peace_with_past.v4.04,159,powerful,reframe,Hago paz sin borrar,Aceptar lo vivido no significa decir que estuvo bien
presence_acceptance_control,presence_acceptance_control.reality_acceptance,presence_acceptance_control.reality_acceptance.make_peace_with_past,cat_presence_acceptance_control.reality_acceptance.make_peace_with_past.006,161,direct,agency,No puedo editar lo que pasó,Sí puedo decidir cómo quiero relacionarme con ello hoy
presence_acceptance_control,presence_acceptance_control.reality_acceptance,presence_acceptance_control.reality_acceptance.integrate_past,cat_presence_acceptance_control.reality_acceptance.integrate_past.v4.01,168,powerful,integration,"Mi pasado forma parte, no manda",Lo integro sin convertirlo en destino
presence_acceptance_control,presence_acceptance_control.reality_acceptance,presence_acceptance_control.reality_acceptance.integrate_past,cat_presence_acceptance_control.reality_acceptance.integrate_past.v4.02,169,direct,agency,"Conservo aprendizajes, no condenas",Elijo qué significado llevar hacia adelante
presence_acceptance_control,presence_acceptance_control.reality_acceptance,presence_acceptance_control.reality_acceptance.integrate_past,cat_presence_acceptance_control.reality_acceptance.integrate_past.v4.03,170,direct,perspective,Mi historia explica algunas cosas,Pero no decide automáticamente mis próximas acciones
presence_acceptance_control,presence_acceptance_control.reality_acceptance,presence_acceptance_control.reality_acceptance.integrate_past,cat_presence_acceptance_control.reality_acceptance.integrate_past.v4.04,171,soft,acceptance,Puedo mirar atrás sin volver,El recuerdo tiene lugar dentro de una vida que continúa
purpose_identity_direction,purpose_identity_direction.self_discovery,purpose_identity_direction.self_discovery.listen_to_what_matters,cat_purpose_identity_direction.self_discovery.listen_to_what_matters.v4.01,0,powerful,awareness,Escucho lo que de verdad me importa,No solo lo que debería importarme
purpose_identity_direction,purpose_identity_direction.self_discovery,purpose_identity_direction.self_discovery.listen_to_what_matters,cat_purpose_identity_direction.self_discovery.listen_to_what_matters.v4.02,1,direct,self_discovery,Noto qué me energiza,Mis reacciones también contienen información
purpose_identity_direction,purpose_identity_direction.self_discovery,purpose_identity_direction.self_discovery.listen_to_what_matters,cat_purpose_identity_direction.self_discovery.listen_to_what_matters.v4.05,4,direct,evidence,Observo patrones en mis decisiones,Lo repetido muestra algo sobre mis prioridades
purpose_identity_direction,purpose_identity_direction.self_discovery,purpose_identity_direction.self_discovery.listen_to_what_matters,cat_purpose_identity_direction.self_discovery.listen_to_what_matters.v4.06,5,powerful,self_validation,Me tomo en serio mis gustos,No necesito convertirlos en argumentos
purpose_identity_direction,purpose_identity_direction.self_discovery,purpose_identity_direction.self_discovery.separate_self_from_should,cat_purpose_identity_direction.self_discovery.separate_self_from_should.v4.02,13,powerful,awareness,Pregunto quién quiere esto,Una expectativa aprendida puede sentirse como deseo propio
purpose_identity_direction,purpose_identity_direction.self_discovery,purpose_identity_direction.self_discovery.separate_self_from_should,cat_purpose_identity_direction.self_discovery.separate_self_from_should.v4.03,14,direct,reframe,Elegir distinto no me vuelve irresponsable,Puedo elegir con contexto y criterio
purpose_identity_direction,purpose_identity_direction.self_discovery,purpose_identity_direction.self_discovery.separate_self_from_should,cat_purpose_identity_direction.self_discovery.separate_self_from_should.v4.04,15,soft,permission,Me doy permiso para querer distinto,No necesito justificar cada preferencia
purpose_identity_direction,purpose_identity_direction.self_discovery,purpose_identity_direction.self_discovery.separate_self_from_should,cat_purpose_identity_direction.self_discovery.separate_self_from_should.v4.05,16,powerful,agency,Suelto metas que ya no son mías,Haberlas querido antes no me obliga a conservarlas
purpose_identity_direction,purpose_identity_direction.self_discovery,purpose_identity_direction.self_discovery.stay_open_to_self_discovery,cat_purpose_identity_direction.self_discovery.stay_open_to_self_discovery.v4.02,25,powerful,growth,Sigo descubriendo quién soy,La experiencia revela partes que no conocía
purpose_identity_direction,purpose_identity_direction.self_discovery,purpose_identity_direction.self_discovery.stay_open_to_self_discovery,cat_purpose_identity_direction.self_discovery.stay_open_to_self_discovery.v4.03,26,direct,uncertainty_tolerance,Dejo algunas preguntas abiertas,No todo sobre mí necesita una etiqueta inmediata
purpose_identity_direction,purpose_identity_direction.self_discovery,purpose_identity_direction.self_discovery.stay_open_to_self_discovery,cat_purpose_identity_direction.self_discovery.stay_open_to_self_discovery.v4.05,28,powerful,identity,No busco una esencia fija,Busco una relación honesta con quien voy siendo
purpose_identity_direction,purpose_identity_direction.self_discovery,purpose_identity_direction.self_discovery.stay_open_to_self_discovery,cat_purpose_identity_direction.self_discovery.stay_open_to_self_discovery.v4.06,29,direct,action,Exploro sin obligación de quedarme,Probar algo también puede enseñarme que no es mío
purpose_identity_direction,purpose_identity_direction.values,purpose_identity_direction.values.recognize_what_matters,cat_purpose_identity_direction.values.recognize_what_matters.v4.01,36,direct,awareness,Reconozco lo que importa,"Observo dónde aparecen energía, dolor y compromiso"
purpose_identity_direction,purpose_identity_direction.values,purpose_identity_direction.values.recognize_what_matters,cat_purpose_identity_direction.values.recognize_what_matters.v4.02,37,powerful,evidence,Mis valores se ven en decisiones,No solo en lo que digo apreciar
purpose_identity_direction,purpose_identity_direction.values,purpose_identity_direction.values.recognize_what_matters,cat_purpose_identity_direction.values.recognize_what_matters.v4.04,39,direct,discernment,No todo merece el mismo peso,Mis valores me ayudan a ordenar
purpose_identity_direction,purpose_identity_direction.values,purpose_identity_direction.values.recognize_what_matters,cat_purpose_identity_direction.values.recognize_what_matters.v4.05,40,powerful,commitment,Lo importante merece tiempo real,No lo dejo únicamente en buenas intenciones
purpose_identity_direction,purpose_identity_direction.values,purpose_identity_direction.values.choose_between_conflicting_priorities,cat_purpose_identity_direction.values.choose_between_conflicting_priorities.v4.01,48,powerful,discernment,Elijo entre cosas importantes,No toda decisión tiene una opción perfecta
purpose_identity_direction,purpose_identity_direction.values,purpose_identity_direction.values.choose_between_conflicting_priorities,cat_purpose_identity_direction.values.choose_between_conflicting_priorities.v4.02,49,direct,awareness,Pregunto qué pesa más ahora,El contexto también forma parte de mis valores
purpose_identity_direction,purpose_identity_direction.values,purpose_identity_direction.values.choose_between_conflicting_priorities,cat_purpose_identity_direction.values.choose_between_conflicting_priorities.v4.04,51,direct,reframe,Decido sin traicionar todo lo demás,Una elección puntual no borra otros valores
purpose_identity_direction,purpose_identity_direction.values,purpose_identity_direction.values.choose_between_conflicting_priorities,cat_purpose_identity_direction.values.choose_between_conflicting_priorities.v4.06,53,powerful,ownership,Me hago cargo del intercambio,Elijo conscientemente qué costo estoy dispuesto a asumir
purpose_identity_direction,purpose_identity_direction.values,purpose_identity_direction.values.decisions_around_values,cat_purpose_identity_direction.values.decisions_around_values.v4.01,63,powerful,values,Decido desde lo que valoro,No solo desde comodidad o presión externa
purpose_identity_direction,purpose_identity_direction.values,purpose_identity_direction.values.decisions_around_values,cat_purpose_identity_direction.values.decisions_around_values.v4.02,64,direct,perspective,Mis valores funcionan como brújula,No necesitan convertirse en reglas rígidas
purpose_identity_direction,purpose_identity_direction.values,purpose_identity_direction.values.decisions_around_values,cat_purpose_identity_direction.values.decisions_around_values.v4.03,65,direct,discernment,Pregunto qué decisión puedo respetar mañana,La coherencia importa más que la aprobación inmediata
purpose_identity_direction,purpose_identity_direction.values,purpose_identity_direction.values.decisions_around_values,cat_purpose_identity_direction.values.decisions_around_values.v4.05,67,powerful,action,Convierto valores en conducta,Una prioridad sin acción pierde fuerza
purpose_identity_direction,purpose_identity_direction.direction,purpose_identity_direction.direction.not_see_whole_path,cat_purpose_identity_direction.direction.not_see_whole_path.v4.01,72,powerful,uncertainty_tolerance,No necesito ver todo el camino,Solo necesito suficiente claridad para el próximo paso
purpose_identity_direction,purpose_identity_direction.direction,purpose_identity_direction.direction.not_see_whole_path,cat_purpose_identity_direction.direction.not_see_whole_path.v4.02,73,direct,reframe,Una dirección alcanza,El camino puede aclararse mientras avanzo
purpose_identity_direction,purpose_identity_direction.direction,purpose_identity_direction.direction.not_see_whole_path,cat_purpose_identity_direction.direction.not_see_whole_path.v4.03,74,direct,action,Doy el siguiente paso visible,No cargo con decisiones que todavía no existen
purpose_identity_direction,purpose_identity_direction.direction,purpose_identity_direction.direction.not_see_whole_path,cat_purpose_identity_direction.direction.not_see_whole_path.v4.05,76,powerful,discernment,No decido veinte años hoy,Mi tarea es orientar esta etapa
purpose_identity_direction,purpose_identity_direction.direction,purpose_identity_direction.direction.choose_before_certainty,cat_purpose_identity_direction.direction.choose_before_certainty.v4.01,84,powerful,agency,Elijo antes de sentir certeza total,Esperar seguridad perfecta puede dejarme inmóvil
purpose_identity_direction,purpose_identity_direction.direction,purpose_identity_direction.direction.choose_before_certainty,cat_purpose_identity_direction.direction.choose_before_certainty.v4.02,85,direct,discernment,Busco una opción suficientemente alineada,No una decisión imposible de cuestionar
purpose_identity_direction,purpose_identity_direction.direction,purpose_identity_direction.direction.choose_before_certainty,cat_purpose_identity_direction.direction.choose_before_certainty.v4.04,86,direct,growth,La decisión también crea claridad,Algunas respuestas aparecen después de actuar
purpose_identity_direction,purpose_identity_direction.direction,purpose_identity_direction.direction.choose_before_certainty,cat_purpose_identity_direction.direction.choose_before_certainty.v4.05,87,powerful,uncertainty_tolerance,No necesito eliminar toda duda,Solo razones suficientes para moverme
purpose_identity_direction,purpose_identity_direction.direction,purpose_identity_direction.direction.direction_through_movement,cat_purpose_identity_direction.direction.direction_through_movement.v4.01,96,powerful,reframe,La dirección aparece en movimiento,No siempre llega como una revelación
purpose_identity_direction,purpose_identity_direction.direction,purpose_identity_direction.direction.direction_through_movement,cat_purpose_identity_direction.direction.direction_through_movement.v4.02,97,direct,action,Pruebo para conocerme,La experiencia responde preguntas que pensar no resuelve
purpose_identity_direction,purpose_identity_direction.direction,purpose_identity_direction.direction.direction_through_movement,cat_purpose_identity_direction.direction.direction_through_movement.v4.03,98,direct,agency,Ajusto el rumbo mientras avanzo,Cambiar de dirección no invalida lo recorrido
purpose_identity_direction,purpose_identity_direction.direction,purpose_identity_direction.direction.direction_through_movement,cat_purpose_identity_direction.direction.direction_through_movement.v4.05,100,powerful,identity,No espero encontrar el camino perfecto,Construyo uno mediante decisiones reales
purpose_identity_direction,purpose_identity_direction.purpose,purpose_identity_direction.purpose.everyday_meaning,cat_purpose_identity_direction.purpose.everyday_meaning.v4.01,108,powerful,reframe,El sentido también vive en lo cotidiano,No todo propósito necesita una misión enorme
purpose_identity_direction,purpose_identity_direction.purpose,purpose_identity_direction.purpose.everyday_meaning,cat_purpose_identity_direction.purpose.everyday_meaning.v4.02,109,soft,presence,Encuentro valor en cómo vivo hoy,Mis gestos pequeños también expresan prioridades
purpose_identity_direction,purpose_identity_direction.purpose,purpose_identity_direction.purpose.everyday_meaning,cat_purpose_identity_direction.purpose.everyday_meaning.v4.04,111,direct,agency,No espero una gran revelación,Puedo construir sentido mediante elecciones repetidas
purpose_identity_direction,purpose_identity_direction.purpose,purpose_identity_direction.purpose.everyday_meaning,cat_purpose_identity_direction.purpose.everyday_meaning.v4.06,113,powerful,values,Cuido lo que me hace sentir vivo,Eso también orienta mi camino
purpose_identity_direction,purpose_identity_direction.purpose,purpose_identity_direction.purpose.connect_actions_to_what_matters,cat_purpose_identity_direction.purpose.connect_actions_to_what_matters.v4.01,120,direct,values,Conecto acciones con valores,Quiero que mi agenda muestre lo que importa
purpose_identity_direction,purpose_identity_direction.purpose,purpose_identity_direction.purpose.connect_actions_to_what_matters,cat_purpose_identity_direction.purpose.connect_actions_to_what_matters.v4.02,121,powerful,action,Hago visible mi prioridad,"Le doy tiempo, atención o esfuerzo concreto"
purpose_identity_direction,purpose_identity_direction.purpose,purpose_identity_direction.purpose.connect_actions_to_what_matters,cat_purpose_identity_direction.purpose.connect_actions_to_what_matters.v4.03,122,direct,commitment,No dejo mis valores solo en palabras,Los convierto en decisiones cotidianas
purpose_identity_direction,purpose_identity_direction.purpose,purpose_identity_direction.purpose.connect_actions_to_what_matters,cat_purpose_identity_direction.purpose.connect_actions_to_what_matters.v4.05,124,powerful,evidence,Mi tiempo revela dirección,Observo si lo uso según lo que digo valorar
purpose_identity_direction,purpose_identity_direction.purpose,purpose_identity_direction.purpose.life_that_feels_mine,cat_purpose_identity_direction.purpose.life_that_feels_mine.v4.01,134,powerful,identity,Construyo una vida que siento mía,No una que solo se vea correcta desde afuera
purpose_identity_direction,purpose_identity_direction.purpose,purpose_identity_direction.purpose.life_that_feels_mine,cat_purpose_identity_direction.purpose.life_that_feels_mine.v4.03,136,soft,desire,Quiero reconocerme en mis días,Mis rutinas también deben tener algo mío
purpose_identity_direction,purpose_identity_direction.purpose,purpose_identity_direction.purpose.life_that_feels_mine,cat_purpose_identity_direction.purpose.life_that_feels_mine.v4.04,137,powerful,reframe,No vivo una vida prestada,Reviso metas que adopté sin elegirlas
purpose_identity_direction,purpose_identity_direction.purpose,purpose_identity_direction.purpose.life_that_feels_mine,cat_purpose_identity_direction.purpose.life_that_feels_mine.v4.05,138,direct,permission,Mis preferencias merecen espacio,No todo tiene que ser útil para otros
purpose_identity_direction,purpose_identity_direction.identity_growth,purpose_identity_direction.identity_growth.decisions_form_identity,cat_purpose_identity_direction.identity_growth.decisions_form_identity.v4.01,145,powerful,identity,Mis decisiones construyen identidad,Lo que repito vuelve más real quién soy
purpose_identity_direction,purpose_identity_direction.identity_growth,purpose_identity_direction.identity_growth.decisions_form_identity,cat_purpose_identity_direction.identity_growth.decisions_form_identity.v4.02,146,direct,action,Me convierto mediante acciones,No solo mediante intenciones sobre mí
purpose_identity_direction,purpose_identity_direction.identity_growth,purpose_identity_direction.identity_growth.decisions_form_identity,cat_purpose_identity_direction.identity_growth.decisions_form_identity.v4.05,149,powerful,agency,Elijo como la persona que quiero ser,La identidad también puede guiar conducta
purpose_identity_direction,purpose_identity_direction.identity_growth,purpose_identity_direction.identity_growth.decisions_form_identity,cat_purpose_identity_direction.identity_growth.decisions_form_identity.v4.06,150,direct,perspective,Mis hábitos cuentan historias sobre mí,Decido cuáles quiero seguir escribiendo
purpose_identity_direction,purpose_identity_direction.identity_growth,purpose_identity_direction.identity_growth.practice_who_i_want_to_be,cat_purpose_identity_direction.identity_growth.practice_who_i_want_to_be.v4.01,156,powerful,consistency,Practico quién quiero ser,La identidad se entrena en días normales
purpose_identity_direction,purpose_identity_direction.identity_growth,purpose_identity_direction.identity_growth.practice_who_i_want_to_be,cat_purpose_identity_direction.identity_growth.practice_who_i_want_to_be.v4.03,158,direct,reframe,No espero sentirme esa persona,Actúo y dejo que la identidad alcance
purpose_identity_direction,purpose_identity_direction.identity_growth,purpose_identity_direction.identity_growth.practice_who_i_want_to_be,cat_purpose_identity_direction.identity_growth.practice_who_i_want_to_be.v4.04,159,powerful,evidence,Me doy evidencia de cambio,Cumplo pequeñas decisiones que antes postergaba
purpose_identity_direction,purpose_identity_direction.identity_growth,purpose_identity_direction.identity_growth.practice_who_i_want_to_be,cat_purpose_identity_direction.identity_growth.practice_who_i_want_to_be.v4.05,160,soft,perspective,El progreso puede verse ordinario,Muchas transformaciones ocurren en hábitos repetidos
purpose_identity_direction,purpose_identity_direction.identity_growth,purpose_identity_direction.identity_growth.choose_next_version,cat_purpose_identity_direction.identity_growth.choose_next_version.v4.01,168,powerful,identity,Elijo mi siguiente versión,No necesito rechazar por completo quien fui
purpose_identity_direction,purpose_identity_direction.identity_growth,purpose_identity_direction.identity_growth.choose_next_version,cat_purpose_identity_direction.identity_growth.choose_next_version.v4.02,169,direct,discernment,Conservo lo que todavía me representa,El cambio no requiere borrar mi historia
purpose_identity_direction,purpose_identity_direction.identity_growth,purpose_identity_direction.identity_growth.choose_next_version,cat_purpose_identity_direction.identity_growth.choose_next_version.v4.03,170,direct,closure,Dejo atrás lo que ya no encaja,Puedo agradecer una etapa y cambiar
purpose_identity_direction,purpose_identity_direction.identity_growth,purpose_identity_direction.identity_growth.choose_next_version,cat_purpose_identity_direction.identity_growth.choose_next_version.v4.04,171,powerful,design,Desarrollo cualidades a propósito,Creo entornos donde sea más fácil practicarlas
purpose_identity_direction,purpose_identity_direction.trust_process,purpose_identity_direction.trust_process.life_not_resolved,cat_purpose_identity_direction.trust_process.life_not_resolved.v4.02,181,powerful,reframe,No necesito una respuesta final,La dirección puede ser suficiente por ahora
purpose_identity_direction,purpose_identity_direction.trust_process,purpose_identity_direction.trust_process.life_not_resolved,cat_purpose_identity_direction.trust_process.life_not_resolved.v4.03,182,direct,perspective,"Estoy en proceso, no atrasado",Lo incompleto también es una forma normal de vida
purpose_identity_direction,purpose_identity_direction.trust_process,purpose_identity_direction.trust_process.life_not_resolved,cat_purpose_identity_direction.trust_process.life_not_resolved.v4.05,184,direct,agency,Sigo tomando decisiones provisionales,No necesito esperar una versión definitiva de mí
purpose_identity_direction,purpose_identity_direction.trust_process,purpose_identity_direction.trust_process.life_not_resolved,cat_purpose_identity_direction.trust_process.life_not_resolved.v4.06,185,powerful,trust,Confío en una vida que se ajusta,Resolver todo una vez no es el objetivo
purpose_identity_direction,purpose_identity_direction.trust_process,purpose_identity_direction.trust_process.allow_unclear_seasons,cat_purpose_identity_direction.trust_process.allow_unclear_seasons.v4.03,194,direct,discernment,No fuerzo claridad prematura,Observo antes de decidir qué significa todo
purpose_identity_direction,purpose_identity_direction.trust_process,purpose_identity_direction.trust_process.allow_unclear_seasons,cat_purpose_identity_direction.trust_process.allow_unclear_seasons.v4.04,195,powerful,reframe,La confusión también cambia,No la convierto en identidad permanente
purpose_identity_direction,purpose_identity_direction.trust_process,purpose_identity_direction.trust_process.allow_unclear_seasons,cat_purpose_identity_direction.trust_process.allow_unclear_seasons.v4.05,196, direct,action,Hago cosas simples mientras aclara,Rutina y cuidado pueden sostenerme
purpose_identity_direction,purpose_identity_direction.trust_process,purpose_identity_direction.trust_process.allow_unclear_seasons,cat_purpose_identity_direction.trust_process.allow_unclear_seasons.v4.06,197,soft,trust,Dejo que una etapa madure,Algunas respuestas aparecen con tiempo vivido
purpose_identity_direction,purpose_identity_direction.trust_process,purpose_identity_direction.trust_process.trust_unfinished_story,cat_purpose_identity_direction.trust_process.trust_unfinished_story.v4.01,204,powerful,trust,Confío en una historia sin terminar,No necesito conocer el final para valorar el presente
purpose_identity_direction,purpose_identity_direction.trust_process,purpose_identity_direction.trust_process.trust_unfinished_story,cat_purpose_identity_direction.trust_process.trust_unfinished_story.v4.03,206,direct,uncertainty_tolerance,No saco conclusiones definitivas demasiado pronto,El contexto todavía puede cambiar
purpose_identity_direction,purpose_identity_direction.trust_process,purpose_identity_direction.trust_process.trust_unfinished_story,cat_purpose_identity_direction.trust_process.trust_unfinished_story.v4.04,207,powerful,agency,Sigo escribiendo con decisiones,No soy solo lector de lo que me ocurre
purpose_identity_direction,purpose_identity_direction.trust_process,purpose_identity_direction.trust_process.trust_unfinished_story,cat_purpose_identity_direction.trust_process.trust_unfinished_story.v4.06,209,direct,possibility,Puedo cambiar el próximo capítulo,No todo está determinado por los anteriores
self_worth,self_worth.feeling_enough,self_worth.feeling_enough.intrinsic_worth,cat_self_worth.feeling_enough.intrinsic_worth.v4.02,1,direct,identity,Mi valor existe antes del rendimiento,No empieza cuando alguien lo reconoce
self_worth,self_worth.feeling_enough,self_worth.feeling_enough.intrinsic_worth,cat_self_worth.feeling_enough.intrinsic_worth.v4.04,2,soft,reframe,Un mal día no reduce mi dignidad,Mi valor no fluctúa con cada resultado
self_worth,self_worth.feeling_enough,self_worth.feeling_enough.intrinsic_worth,cat_self_worth.feeling_enough.intrinsic_worth.v4.extra.01,3,powerful,identity,Mi valor no necesita pruebas,"Existe incluso cuando no produzco, destaco ni complazco"
self_worth,self_worth.feeling_enough,self_worth.feeling_enough.intrinsic_worth,cat_self_worth.feeling_enough.intrinsic_worth.v4.extra.02,4,powerful,identity,No tengo que ganarme el derecho a existir,Mi valor no empieza después de demostrar algo
self_worth,self_worth.feeling_enough,self_worth.feeling_enough.enough_without_perfection,cat_self_worth.feeling_enough.enough_without_perfection.v4.01,12,powerful,reframe,Puedo ser suficiente e imperfecto,No son ideas opuestas
self_worth,self_worth.feeling_enough,self_worth.feeling_enough.enough_without_perfection,cat_self_worth.feeling_enough.enough_without_perfection.v4.03,14,powerful,trust,Mi valor soporta errores,No desaparece cuando algo sale mal
self_worth,self_worth.feeling_enough,self_worth.feeling_enough.enough_without_perfection,cat_self_worth.feeling_enough.enough_without_perfection.v4.04,15,direct,identity,Me trato como una persona completa,No como un proyecto defectuoso por terminar
self_worth,self_worth.feeling_enough,self_worth.feeling_enough.enough_without_perfection,cat_self_worth.feeling_enough.enough_without_perfection.001,16,soft,perspective,Equivocarme no me define,"Aprendo, corrijo y sigo adelante"
self_worth,self_worth.feeling_enough,self_worth.feeling_enough.worth_beyond_productivity,cat_self_worth.feeling_enough.worth_beyond_productivity.v4.01,24,powerful,reframe,Mi valor excede mi productividad,No soy una lista de tareas terminadas
self_worth,self_worth.feeling_enough,self_worth.feeling_enough.worth_beyond_productivity,cat_self_worth.feeling_enough.worth_beyond_productivity.v4.02,25,direct,self_worth,Valgo también cuando descanso,Mi dignidad no depende de producir
self_worth,self_worth.feeling_enough,self_worth.feeling_enough.worth_beyond_productivity,cat_self_worth.feeling_enough.worth_beyond_productivity.v4.03,26,soft,acceptance,Un día lento no me disminuye,Mi humanidad sigue intacta
self_worth,self_worth.feeling_enough,self_worth.feeling_enough.worth_beyond_productivity,cat_self_worth.feeling_enough.worth_beyond_productivity.v4.04,27,powerful,values,"Trabajo porque importa, no para merecer existir",El rendimiento no compra mi valor
self_worth,self_worth.recognize_my_value,self_worth.recognize_my_value.see_my_strengths,cat_self_worth.recognize_my_value.see_my_strengths.v4.01,37,powerful,self_validation,Veo mis fortalezas,No espero que otro las nombre primero
self_worth,self_worth.recognize_my_value,self_worth.recognize_my_value.see_my_strengths,cat_self_worth.recognize_my_value.see_my_strengths.v4.02,38,direct,awareness,Reconozco lo que hago bien,Mi atención no necesita buscar solo fallas
self_worth,self_worth.recognize_my_value,self_worth.recognize_my_value.see_my_strengths,cat_self_worth.recognize_my_value.see_my_strengths.v4.03,39,soft,reframe,Tengo capacidades reales,Puedo nombrarlas sin sentir arrogancia
self_worth,self_worth.recognize_my_value,self_worth.recognize_my_value.see_my_strengths,cat_self_worth.recognize_my_value.see_my_strengths.v4.04,40,direct,action,Uso mis fortalezas conscientemente,Lo que conozco de mí se vuelve recurso
self_worth,self_worth.recognize_my_value,self_worth.recognize_my_value.recognize_my_contribution,cat_self_worth.recognize_my_value.recognize_my_contribution.v4.01,48,powerful,self_validation,Mi aporte cuenta,No necesito ser protagonista para generar valor
self_worth,self_worth.recognize_my_value,self_worth.recognize_my_value.recognize_my_contribution,cat_self_worth.recognize_my_value.recognize_my_contribution.v4.02,49,direct,evidence,Observo lo que cambia cuando participo,Mi presencia también produce efectos
self_worth,self_worth.recognize_my_value,self_worth.recognize_my_value.recognize_my_contribution,cat_self_worth.recognize_my_value.recognize_my_contribution.v4.03,50,direct,reframe,No minimizo contribuciones pequeñas,La consistencia suele importar más que el gesto espectacular
self_worth,self_worth.recognize_my_value,self_worth.recognize_my_value.recognize_my_contribution,cat_self_worth.recognize_my_value.recognize_my_contribution.v4.04,51,soft,identity,Aporto desde lo que sé y soy,No necesito copiar la forma de otros
self_worth,self_worth.recognize_my_value,self_worth.recognize_my_value.inner_validation,cat_self_worth.recognize_my_value.inner_validation.v4.01,61,powerful,self_validation,Mi aprobación también cuenta,No todo reconocimiento tiene que venir de afuera
self_worth,self_worth.recognize_my_value,self_worth.recognize_my_value.inner_validation,cat_self_worth.recognize_my_value.inner_validation.v4.02,62,direct,agency,Pregunto qué pienso yo de esto,Mi criterio merece entrar en la evaluación
self_worth,self_worth.recognize_my_value,self_worth.recognize_my_value.inner_validation,cat_self_worth.recognize_my_value.inner_validation.v4.03,63,soft,permission,No espero permiso para reconocerme,Puedo estar satisfecho sin audiencia
self_worth,self_worth.recognize_my_value,self_worth.recognize_my_value.inner_validation,cat_self_worth.recognize_my_value.inner_validation.v4.04,64,powerful,boundary,Construyo una referencia interna,"La opinión ajena informa, no gobierna"
self_worth,self_worth.inner_dialogue,self_worth.inner_dialogue.reduce_self_criticism,cat_self_worth.inner_dialogue.reduce_self_criticism.v4.01,72,direct,self_compassion,Bajo el volumen de la crítica,No necesito atacarme para mejorar
self_worth,self_worth.inner_dialogue,self_worth.inner_dialogue.reduce_self_criticism,cat_self_worth.inner_dialogue.reduce_self_criticism.v4.02,73,powerful,reframe,Me corrijo sin humillarme,La claridad funciona mejor que el desprecio
self_worth,self_worth.inner_dialogue,self_worth.inner_dialogue.reduce_self_criticism,cat_self_worth.inner_dialogue.reduce_self_criticism.v4.03,74,direct,perspective,No convierto cada error en identidad,Mantengo el problema en su tamaño real
self_worth,self_worth.inner_dialogue,self_worth.inner_dialogue.reduce_self_criticism,cat_self_worth.inner_dialogue.reduce_self_criticism.v4.extra.01,75,direct,self_compassion,Mi voz interna puede ayudarme,Corrijo sin usar crueldad como herramienta
self_worth,self_worth.inner_dialogue,self_worth.inner_dialogue.after_mistakes,cat_self_worth.inner_dialogue.after_mistakes.v4.01,85,powerful,self_compassion,Después de equivocarme sigo conmigo,No me abandono justo cuando más necesito apoyo
self_worth,self_worth.inner_dialogue,self_worth.inner_dialogue.after_mistakes,cat_self_worth.inner_dialogue.after_mistakes.v4.02,86,direct,action,Reparo antes de castigarme,Busco qué puedo hacer mejor ahora
self_worth,self_worth.inner_dialogue,self_worth.inner_dialogue.after_mistakes,cat_self_worth.inner_dialogue.after_mistakes.v4.03,87,powerful,reframe,"Un error merece análisis, no una condena",Puedo aprender sin convertirme en enemigo
self_worth,self_worth.inner_dialogue,self_worth.inner_dialogue.after_mistakes,cat_self_worth.inner_dialogue.after_mistakes.v4.04,88,soft,acceptance,Me doy tiempo para bajar la vergüenza,La emoción no necesita decidir mi identidad
self_worth,self_worth.inner_dialogue,self_worth.inner_dialogue.on_my_own_side,cat_self_worth.inner_dialogue.on_my_own_side.v4.03,98,soft,self_compassion,Me hablo como alguien que quiero,Respeto y exigencia pueden convivir
self_worth,self_worth.inner_dialogue,self_worth.inner_dialogue.on_my_own_side,cat_self_worth.inner_dialogue.on_my_own_side.v4.04,99,powerful,reframe,Mi voz interna puede ser refugio,No solo tribunal
self_worth,self_worth.inner_dialogue,self_worth.inner_dialogue.on_my_own_side,cat_self_worth.inner_dialogue.on_my_own_side.006,102,soft,perspective,Me quedo conmigo,No me retiro apoyo justo cuando algo duele
self_worth,self_worth.inner_dialogue,self_worth.inner_dialogue.on_my_own_side,cat_self_worth.inner_dialogue.on_my_own_side.004,106,soft,self_compassion,Me acompaño cuando cuesta,Mi apoyo interno importa más en días difíciles
self_worth,self_worth.comparison,self_worth.comparison.return_to_my_path,cat_self_worth.comparison.return_to_my_path.v4.01,108,powerful,agency,Vuelvo a mi camino,La vida ajena no cambia mi próximo paso
self_worth,self_worth.comparison,self_worth.comparison.return_to_my_path,cat_self_worth.comparison.return_to_my_path.v4.02,109,direct,reframe,Comparar no construye mi vida,Uso esa energía en lo que sí depende de mí
self_worth,self_worth.comparison,self_worth.comparison.return_to_my_path,cat_self_worth.comparison.return_to_my_path.v4.03,110,direct,perspective,Mido mi progreso conmigo,Mi contexto no es intercambiable con el de otros
self_worth,self_worth.comparison,self_worth.comparison.return_to_my_path,cat_self_worth.comparison.return_to_my_path.v4.04,111,soft,values,Recuerdo qué quiero yo,La comparación puede hacerme olvidar mi dirección
self_worth,self_worth.comparison,self_worth.comparison.admire_without_shrinking,cat_self_worth.comparison.admire_without_shrinking.v4.01,120,powerful,reframe,Puedo admirar sin achicarme,El talento ajeno no ocupa mi lugar
self_worth,self_worth.comparison,self_worth.comparison.admire_without_shrinking,cat_self_worth.comparison.admire_without_shrinking.v4.02,121,direct,perspective,La excelencia de otro me inspira,No necesita convertirse en prueba contra mí
self_worth,self_worth.comparison,self_worth.comparison.admire_without_shrinking,cat_self_worth.comparison.admire_without_shrinking.v4.03,122,soft,self_worth,Celebro a otros sin desaparecer,Mi valor sigue intacto al reconocerlos
self_worth,self_worth.comparison,self_worth.comparison.admire_without_shrinking,cat_self_worth.comparison.admire_without_shrinking.v4.04,123,direct,growth,Aprendo de quien admiro,Convierto comparación en información útil
self_worth,self_worth.comparison,self_worth.comparison.stop_ranking_my_worth,cat_self_worth.comparison.stop_ranking_my_worth.v4.01,132,powerful,self_worth,Mi valor no tiene ranking,No necesito estar por encima para valer
self_worth,self_worth.comparison,self_worth.comparison.stop_ranking_my_worth,cat_self_worth.comparison.stop_ranking_my_worth.v4.02,133,direct,reframe,Dejo de convertir diferencias en jerarquías,Ser distinto no significa ser menos
self_worth,self_worth.comparison,self_worth.comparison.stop_ranking_my_worth,cat_self_worth.comparison.stop_ranking_my_worth.v4.03,134,powerful,perspective,No compito por dignidad,Hay espacio para más de una persona valiosa
self_worth,self_worth.comparison,self_worth.comparison.stop_ranking_my_worth,cat_self_worth.comparison.stop_ranking_my_worth.004,143,direct,perspective,Siempre habrá alguien distinto,Compararme no produce una medida estable de mi valor
self_worth,self_worth.self_forgiveness,self_worth.self_forgiveness.not_my_worst_mistake,cat_self_worth.self_forgiveness.not_my_worst_mistake.v4.01,144,powerful,reframe,No soy mi peor error,Mi identidad contiene mucho más que ese momento
self_worth,self_worth.self_forgiveness,self_worth.self_forgiveness.not_my_worst_mistake,cat_self_worth.self_forgiveness.not_my_worst_mistake.v4.03,146,soft,perspective,Un episodio no resume mi historia,También existen decisiones mejores después
self_worth,self_worth.self_forgiveness,self_worth.self_forgiveness.not_my_worst_mistake,cat_self_worth.self_forgiveness.not_my_worst_mistake.v4.04,147,powerful,agency,Puedo responder distinto hoy,Mi presente no está condenado a repetir aquel error
self_worth,self_worth.self_forgiveness,self_worth.self_forgiveness.learn_without_punishment,cat_self_worth.self_forgiveness.learn_without_punishment.v4.01,156,powerful,reframe,Aprendo sin castigarme,El dolor extra no mejora la lección
self_worth,self_worth.self_forgiveness,self_worth.self_forgiveness.learn_without_punishment,cat_self_worth.self_forgiveness.learn_without_punishment.v4.02,157,direct,action,Reparo lo reparable,Después dejo de cobrarme intereses emocionales
self_worth,self_worth.self_forgiveness,self_worth.self_forgiveness.learn_without_punishment,cat_self_worth.self_forgiveness.learn_without_punishment.v4.04,159,direct,evidence,No necesito sufrir para demostrar arrepentimiento,El cambio se ve en conducta nueva
self_worth,self_worth.self_forgiveness,self_worth.self_forgiveness.release_guilt_shame,cat_self_worth.self_forgiveness.release_guilt_shame.v4.01,168,direct,release,Suelto culpa que ya cumplió su función,No necesito cargarla para siempre
self_worth,self_worth.self_forgiveness,self_worth.self_forgiveness.release_guilt_shame,cat_self_worth.self_forgiveness.release_guilt_shame.v4.02,169,powerful,reframe,La vergüenza no es mi identidad,Puedo mirar lo ocurrido sin esconderme de mí
self_worth,self_worth.self_forgiveness,self_worth.self_forgiveness.release_guilt_shame,cat_self_worth.self_forgiveness.release_guilt_shame.v4.04,171,powerful,self_compassion,"Conservo la lección, suelto el látigo",Puedo crecer sin seguir atacándome
self_worth,self_worth.self_forgiveness,self_worth.self_forgiveness.second_chance,cat_self_worth.self_forgiveness.second_chance.v4.01,180,powerful,hope,Merezco una segunda oportunidad,El cambio necesita espacio para demostrarse
self_worth,self_worth.self_forgiveness,self_worth.self_forgiveness.second_chance,cat_self_worth.self_forgiveness.second_chance.v4.02,181,soft,agency,Puedo empezar diferente desde hoy,No necesito reescribir el pasado para cambiar dirección
self_worth,self_worth.self_forgiveness,self_worth.self_forgiveness.second_chance,cat_self_worth.self_forgiveness.second_chance.v4.04,183,powerful,reframe,Mi historia admite correcciones,Un capítulo difícil no obliga al mismo final
self_worth,self_worth.achievement_recognition,self_worth.achievement_recognition.stop_minimizing,cat_self_worth.achievement_recognition.stop_minimizing.v4.01,192,powerful,self_validation,No minimizo lo que logré,Que algo me salga bien no lo vuelve insignificante
self_worth,self_worth.achievement_recognition,self_worth.achievement_recognition.stop_minimizing,cat_self_worth.achievement_recognition.stop_minimizing.v4.02,193,direct,evidence,Reconozco el esfuerzo detrás,El resultado no apareció de la nada
self_worth,self_worth.achievement_recognition,self_worth.achievement_recognition.stop_minimizing,cat_self_worth.achievement_recognition.stop_minimizing.v4.03,194,soft,receiving,Puedo aceptar un mérito,No necesito responder con “no fue nada”
self_worth,self_worth.achievement_recognition,self_worth.achievement_recognition.stop_minimizing,cat_self_worth.achievement_recognition.stop_minimizing.v4.04,195,powerful,reframe,Mis logros merecen su tamaño real,No los reduzco para sentirme más cómodo
self_worth,self_worth.achievement_recognition,self_worth.achievement_recognition.give_myself_credit,cat_self_worth.achievement_recognition.give_myself_credit.v4.02,204,direct,evidence,No atribuyo todo a suerte,"También hubo decisiones, práctica y esfuerzo"
self_worth,self_worth.achievement_recognition,self_worth.achievement_recognition.give_myself_credit,cat_self_worth.achievement_recognition.give_myself_credit.v4.03,205,soft,reframe,Agradezco ayuda sin borrarme,Recibir apoyo no elimina mi aporte
self_worth,self_worth.achievement_recognition,self_worth.achievement_recognition.give_myself_credit,cat_self_worth.achievement_recognition.give_myself_credit.v4.04,206,direct,appreciation,Celebro lo que hice bien,No necesito esperar una hazaña para reconocerme
self_worth,self_worth.achievement_recognition,self_worth.achievement_recognition.give_myself_credit,cat_self_worth.achievement_recognition.give_myself_credit.v4.extra.02,208,soft,appreciation,Registro lo que hice bien,Mi memoria también merece guardar aciertos
self_worth,self_worth.achievement_recognition,self_worth.achievement_recognition.proud_of_who_im_becoming,cat_self_worth.achievement_recognition.proud_of_who_im_becoming.v4.01,216,powerful,identity,Estoy orgulloso de quien estoy siendo,No solo de lo que consigo
self_worth,self_worth.achievement_recognition,self_worth.achievement_recognition.proud_of_who_im_becoming,cat_self_worth.achievement_recognition.proud_of_who_im_becoming.v4.02,217,direct,evidence,Reconozco cambios que nadie ve,Mis decisiones internas también son progreso
self_worth,self_worth.achievement_recognition,self_worth.achievement_recognition.proud_of_who_im_becoming,cat_self_worth.achievement_recognition.proud_of_who_im_becoming.v4.03,218,soft,growth,Me gusta la dirección que tomo,No necesito haber llegado para apreciarla
self_worth,self_worth.achievement_recognition,self_worth.achievement_recognition.proud_of_who_im_becoming,cat_self_worth.achievement_recognition.proud_of_who_im_becoming.v4.04,219,soft,reframe,Mi orgullo también puede ser tranquilo,No necesita compararme ni demostrar nada
work_money_growth,work_money_growth.career_growth,work_money_growth.career_growth.building_experience,cat_work_money_growth.career_growth.building_experience.v4.01,0,powerful,growth,Estoy construyendo experiencia,Cada etapa deja habilidades que puedo llevar conmigo
work_money_growth,work_money_growth.career_growth,work_money_growth.career_growth.building_experience,cat_work_money_growth.career_growth.building_experience.v4.02,1,direct,reframe,No necesito estar en mi destino final,Este trabajo también puede enseñarme algo útil
work_money_growth,work_money_growth.career_growth,work_money_growth.career_growth.building_experience,cat_work_money_growth.career_growth.building_experience.v4.03,2,direct,perspective,Mi carrera se construye acumulando,Lo que practico hoy amplía opciones futuras
work_money_growth,work_money_growth.career_growth,work_money_growth.career_growth.building_experience,cat_work_money_growth.career_growth.building_experience.v4.04,3,soft,growth,Aprendo mientras avanzo,No espero sentirme completamente preparado para crecer
work_money_growth,work_money_growth.career_growth,work_money_growth.career_growth.allow_bigger_ambition,cat_work_money_growth.career_growth.allow_bigger_ambition.v4.02,13,direct,growth,Mis metas pueden crecer conmigo,No tengo que mantener sueños que ya me quedaron chicos
work_money_growth,work_money_growth.career_growth,work_money_growth.career_growth.allow_bigger_ambition,cat_work_money_growth.career_growth.allow_bigger_ambition.v4.04,14,soft,perspective,Puedo aspirar alto y avanzar por etapas,Una visión grande admite pasos pequeños
work_money_growth,work_money_growth.career_growth,work_money_growth.career_growth.allow_bigger_ambition,cat_work_money_growth.career_growth.allow_bigger_ambition.003,15,powerful,permission,Aspiro a desafíos más grandes,Tengo derecho a querer crecer
work_money_growth,work_money_growth.career_growth,work_money_growth.career_growth.allow_bigger_ambition,cat_work_money_growth.career_growth.allow_bigger_ambition.012,18,soft,permission,Imagino una carrera con más posibilidades,"Puedo querer más aprendizaje, impacto y crecimiento"
work_money_growth,work_money_growth.career_growth,work_money_growth.career_growth.allow_bigger_ambition,cat_work_money_growth.career_growth.allow_bigger_ambition.013,19,soft,permission,Me veo [liderando un equipo],Mi próximo rol empieza a construirse hoy
work_money_growth,work_money_growth.career_growth,work_money_growth.career_growth.design_my_career,cat_work_money_growth.career_growth.design_my_career.v4.01,24,powerful,agency,Diseño mi carrera con intención,No dejo todas las decisiones al azar
work_money_growth,work_money_growth.career_growth,work_money_growth.career_growth.design_my_career,cat_work_money_growth.career_growth.design_my_career.v4.02,25,direct,action,Elijo qué capacidades desarrollar,Mi futuro profesional también depende de lo que practico
work_money_growth,work_money_growth.career_growth,work_money_growth.career_growth.design_my_career,cat_work_money_growth.career_growth.design_my_career.v4.03,26, direct,discernment,Reviso si mi trabajo me acerca,No toda oportunidad sirve para mi dirección
work_money_growth,work_money_growth.career_growth,work_money_growth.career_growth.design_my_career,cat_work_money_growth.career_growth.design_my_career.v4.04,27,soft,reframe,Mi carrera puede cambiar de forma,No tengo que seguir un camino solo porque lo empecé
work_money_growth,work_money_growth.money_relationship,work_money_growth.money_relationship.money_as_tool,cat_work_money_growth.money_relationship.money_as_tool.v4.01,36,powerful,perspective,El dinero es una herramienta,Puede ampliar opciones sin definir mi valor
work_money_growth,work_money_growth.money_relationship,work_money_growth.money_relationship.money_as_tool,cat_work_money_growth.money_relationship.money_as_tool.v4.02,37,direct,agency,Uso dinero con intención,"Lo conecto con seguridad, libertad y proyectos"
work_money_growth,work_money_growth.money_relationship,work_money_growth.money_relationship.money_as_tool,cat_work_money_growth.money_relationship.money_as_tool.v4.03,38,soft,identity,Quiero una relación práctica con el dinero,"Menos miedo, más decisiones conscientes"
work_money_growth,work_money_growth.money_relationship,work_money_growth.money_relationship.money_as_tool,cat_work_money_growth.money_relationship.money_as_tool.v4.04,39,powerful,values,El dinero sirve a mi vida,No quiero que mi vida sirva solo al dinero
work_money_growth,work_money_growth.money_relationship,work_money_growth.money_relationship.receive_without_guilt,cat_work_money_growth.money_relationship.receive_without_guilt.v4.01,49,soft,receiving,Puedo recibir dinero sin culpa,Cobrar no me convierte en una mala persona
work_money_growth,work_money_growth.money_relationship,work_money_growth.money_relationship.receive_without_guilt,cat_work_money_growth.money_relationship.receive_without_guilt.v4.02,50,powerful,self_worth,Genero [10.000 USD al mes],No necesito disculparme por crear valor
work_money_growth,work_money_growth.money_relationship,work_money_growth.money_relationship.receive_without_guilt,cat_work_money_growth.money_relationship.receive_without_guilt.v4.03,51,direct,reframe,Recibir también forma parte del intercambio,No todo ingreso necesita sacrificio extremo
work_money_growth,work_money_growth.money_relationship,work_money_growth.money_relationship.receive_without_guilt,cat_work_money_growth.money_relationship.receive_without_guilt.v4.04,52,powerful,permission,Me permito estar mejor económicamente,El bienestar ajeno no exige mi escasez
work_money_growth,work_money_growth.money_relationship,work_money_growth.money_relationship.rewrite_money_beliefs,cat_work_money_growth.money_relationship.rewrite_money_beliefs.v4.01,60,direct,awareness,Reviso lo que aprendí sobre dinero,No toda creencia heredada sigue siendo útil
work_money_growth,work_money_growth.money_relationship,work_money_growth.money_relationship.rewrite_money_beliefs,cat_work_money_growth.money_relationship.rewrite_money_beliefs.v4.02,61,powerful,growth,Puedo construir una relación distinta,Mi historia financiera no decide todo el futuro
work_money_growth,work_money_growth.money_relationship,work_money_growth.money_relationship.rewrite_money_beliefs,cat_work_money_growth.money_relationship.rewrite_money_beliefs.v4.03,62,direct,reframe,El dinero no es moral por sí mismo,Importa cómo lo obtengo y cómo lo uso
work_money_growth,work_money_growth.money_relationship,work_money_growth.money_relationship.rewrite_money_beliefs,cat_work_money_growth.money_relationship.rewrite_money_beliefs.v4.04,63,soft,agency,Elijo creencias que mejoran mis decisiones,No las que solo repiten miedo
work_money_growth,work_money_growth.work_value_compensation,work_money_growth.work_value_compensation.work_has_economic_value,cat_work_money_growth.work_value_compensation.work_has_economic_value.v4.01,73,powerful,self_validation,Mi trabajo tiene valor económico,El impacto también puede traducirse en compensación
work_money_growth,work_money_growth.work_value_compensation,work_money_growth.work_value_compensation.work_has_economic_value,cat_work_money_growth.work_value_compensation.work_has_economic_value.v4.02,74,direct,reframe,Cobrar por mi trabajo es normal,No necesito reducir su precio para sentirme humilde
work_money_growth,work_money_growth.work_value_compensation,work_money_growth.work_value_compensation.work_has_economic_value,cat_work_money_growth.work_value_compensation.work_has_economic_value.v4.03,75,direct,evidence,Reconozco habilidades por las que se paga,Mi experiencia resuelve problemas reales
work_money_growth,work_money_growth.work_value_compensation,work_money_growth.work_value_compensation.work_has_economic_value,cat_work_money_growth.work_value_compensation.work_has_economic_value.v4.04,76,soft,communication,Puedo hablar de dinero con profesionalismo,Valor y compensación son parte de la conversación
work_money_growth,work_money_growth.work_value_compensation,work_money_growth.work_value_compensation.ask_for_fair_compensation,cat_work_money_growth.work_value_compensation.ask_for_fair_compensation.v4.01,84,direct,action,Pido una compensación justa,No espero que otros adivinen mi expectativa
work_money_growth,work_money_growth.work_value_compensation,work_money_growth.work_value_compensation.ask_for_fair_compensation,cat_work_money_growth.work_value_compensation.ask_for_fair_compensation.v4.02,85,powerful,reframe,Negociar no me vuelve conflictivo,Es una conversación sobre condiciones y valor
work_money_growth,work_money_growth.work_value_compensation,work_money_growth.work_value_compensation.ask_for_fair_compensation,cat_work_money_growth.work_value_compensation.ask_for_fair_compensation.v4.03,86,direct,evidence,Llego con información,Datos y resultados respaldan mejor mi pedido
work_money_growth,work_money_growth.work_value_compensation,work_money_growth.work_value_compensation.ask_for_fair_compensation,cat_work_money_growth.work_value_compensation.ask_for_fair_compensation.v4.04,87,soft,self_worth,Puedo escuchar un no sin achicarme,Una negociación no decide mi valor
work_money_growth,work_money_growth.work_value_compensation,work_money_growth.work_value_compensation.receive_well_without_guilt,cat_work_money_growth.work_value_compensation.receive_well_without_guilt.v4.01,97,powerful,receiving,Recibo bien lo que gané,No necesito minimizar una buena compensación
work_money_growth,work_money_growth.work_value_compensation,work_money_growth.work_value_compensation.receive_well_without_guilt,cat_work_money_growth.work_value_compensation.receive_well_without_guilt.v4.02,98,soft,permission,Puedo disfrutar progreso económico,No tengo que sentir culpa por estar mejor
work_money_growth,work_money_growth.work_value_compensation,work_money_growth.work_value_compensation.receive_well_without_guilt,cat_work_money_growth.work_value_compensation.receive_well_without_guilt.v4.03,99,direct,identity,Cobrar más no cambia mis valores,Puedo conservar quién soy y crecer
work_money_growth,work_money_growth.work_value_compensation,work_money_growth.work_value_compensation.receive_well_without_guilt,cat_work_money_growth.work_value_compensation.receive_well_without_guilt.v4.04,100,powerful,perspective,Uso la abundancia con intención,Más recursos también pueden crear más posibilidades
work_money_growth,work_money_growth.entrepreneurship,work_money_growth.entrepreneurship.start_before_ready,cat_work_money_growth.entrepreneurship.start_before_ready.v4.01,108,powerful,action,Empiezo antes de sentirme listo,La realidad enseña cosas que preparar no enseña
work_money_growth,work_money_growth.entrepreneurship,work_money_growth.entrepreneurship.start_before_ready,cat_work_money_growth.entrepreneurship.start_before_ready.v4.02,109, direct,reframe,No necesito tener todo resuelto,Puedo validar una parte y aprender desde ahí
work_money_growth,work_money_growth.entrepreneurship,work_money_growth.entrepreneurship.start_before_ready,cat_work_money_growth.entrepreneurship.start_before_ready.v4.03,110,powerful,growth,Lanzo una versión imperfecta,El feedback real vale más que otra fantasía interna
work_money_growth,work_money_growth.entrepreneurship,work_money_growth.entrepreneurship.start_before_ready,cat_work_money_growth.entrepreneurship.start_before_ready.009,112,direct,perspective,Una buena pregunta supera un plan perfecto,Puedo avanzar buscando la próxima respuesta útil
work_money_growth,work_money_growth.entrepreneurship,work_money_growth.entrepreneurship.show_and_sell,cat_work_money_growth.entrepreneurship.show_and_sell.v4.01,120,powerful,action,Muestro lo que hago,El valor necesita ser visible para encontrar a quien sirve
work_money_growth,work_money_growth.entrepreneurship,work_money_growth.entrepreneurship.show_and_sell,cat_work_money_growth.entrepreneurship.show_and_sell.v4.02,121,direct,reframe,Vender no me vuelve manipulador,Puedo ofrecer con claridad y dejar elegir
work_money_growth,work_money_growth.entrepreneurship,work_money_growth.entrepreneurship.show_and_sell,cat_work_money_growth.entrepreneurship.show_and_sell.v4.03,122,direct,perspective,Explico qué problema resuelvo,La comunicación también forma parte del producto
work_money_growth,work_money_growth.entrepreneurship,work_money_growth.entrepreneurship.show_and_sell,cat_work_money_growth.entrepreneurship.show_and_sell.v4.04,123,soft,self_worth,Un no comercial no es un no personal,La oferta puede no encajar y yo seguir valiendo
work_money_growth,work_money_growth.entrepreneurship,work_money_growth.entrepreneurship.trust_in_uncertainty,cat_work_money_growth.entrepreneurship.trust_in_uncertainty.v4.01,132,soft,uncertainty_tolerance,Puedo construir sin conocer el resultado,Emprender incluye variables que no controlo
work_money_growth,work_money_growth.entrepreneurship,work_money_growth.entrepreneurship.trust_in_uncertainty,cat_work_money_growth.entrepreneurship.trust_in_uncertainty.v4.03,133,direct,growth,Uso incertidumbre como información,"Pruebo, observo y vuelvo a decidir"
work_money_growth,work_money_growth.entrepreneurship,work_money_growth.entrepreneurship.trust_in_uncertainty,cat_work_money_growth.entrepreneurship.trust_in_uncertainty.v4.04,134,direct,discernment,No confundo riesgo con imposibilidad,"Evalúo, limito y avanzo cuando tiene sentido"
work_money_growth,work_money_growth.entrepreneurship,work_money_growth.entrepreneurship.trust_in_uncertainty,cat_work_money_growth.entrepreneurship.trust_in_uncertainty.008,135,direct,perspective,Algunos intentos pueden no funcionar,Eso no convierte todo el proyecto en un fracaso personal
